<?xml version='1.0' encoding='utf-8'?>
<gpx xmlns="http://www.topografix.com/GPX/1/1" version="1.1" creator="Xcode">
  <wpt lat="1.363651" lon="103.752233">
    <time>2024-01-01T00:00:00.000Z</time>
    <name>Point 1</name>
  </wpt>
  <wpt lat="1.363651" lon="103.752045">
    <time>2024-01-01T00:00:00.917Z</time>
    <name>Point 2</name>
  </wpt>
  <wpt lat="1.363673" lon="103.751836">
    <time>2024-01-01T00:00:01.943Z</time>
    <name>Point 3</name>
  </wpt>
  <wpt lat="1.363667" lon="103.751723">
    <time>2024-01-01T00:00:02.495Z</time>
    <name>Point 4</name>
  </wpt>
  <wpt lat="1.363662" lon="103.751600">
    <time>2024-01-01T00:00:03.096Z</time>
    <name>Point 5</name>
  </wpt>
  <wpt lat="1.363630" lon="103.751493">
    <time>2024-01-01T00:00:03.641Z</time>
    <name>Point 6</name>
  </wpt>
  <wpt lat="1.363560" lon="103.751439">
    <time>2024-01-01T00:00:04.072Z</time>
    <name>Point 7</name>
  </wpt>
  <wpt lat="1.363404" lon="103.751450">
    <time>2024-01-01T00:00:04.836Z</time>
    <name>Point 8</name>
  </wpt>
  <wpt lat="1.363029" lon="103.751466">
    <time>2024-01-01T00:00:06.668Z</time>
    <name>Point 9</name>
  </wpt>
  <wpt lat="1.362829" lon="103.751471">
    <time>2024-01-01T00:00:07.646Z</time>
    <name>Point 10</name>
  </wpt>
  <wpt lat="1.362628" lon="103.751477">
    <time>2024-01-01T00:00:08.624Z</time>
    <name>Point 11</name>
  </wpt>
  <wpt lat="1.362428" lon="103.751482">
    <time>2024-01-01T00:00:09.603Z</time>
    <name>Point 12</name>
  </wpt>
  <wpt lat="1.362187" lon="103.751503">
    <time>2024-01-01T00:00:10.784Z</time>
    <name>Point 13</name>
  </wpt>
  <wpt lat="1.361838" lon="103.751509">
    <time>2024-01-01T00:00:12.488Z</time>
    <name>Point 14</name>
  </wpt>
  <wpt lat="1.361618" lon="103.751518">
    <time>2024-01-01T00:00:13.562Z</time>
    <name>Point 15</name>
  </wpt>
  <wpt lat="1.361398" lon="103.751527">
    <time>2024-01-01T00:00:14.636Z</time>
    <name>Point 16</name>
  </wpt>
  <wpt lat="1.361179" lon="103.751536">
    <time>2024-01-01T00:00:15.710Z</time>
    <name>Point 17</name>
  </wpt>
  <wpt lat="1.360959" lon="103.751544">
    <time>2024-01-01T00:00:16.784Z</time>
    <name>Point 18</name>
  </wpt>
  <wpt lat="1.360739" lon="103.751553">
    <time>2024-01-01T00:00:17.858Z</time>
    <name>Point 19</name>
  </wpt>
  <wpt lat="1.360519" lon="103.751562">
    <time>2024-01-01T00:00:18.932Z</time>
    <name>Point 20</name>
  </wpt>
  <wpt lat="1.360308" lon="103.751573">
    <time>2024-01-01T00:00:19.963Z</time>
    <name>Point 21</name>
  </wpt>
  <wpt lat="1.360097" lon="103.751583">
    <time>2024-01-01T00:00:20.994Z</time>
    <name>Point 22</name>
  </wpt>
  <wpt lat="1.359886" lon="103.751594">
    <time>2024-01-01T00:00:22.026Z</time>
    <name>Point 23</name>
  </wpt>
  <wpt lat="1.359698" lon="103.751598">
    <time>2024-01-01T00:00:22.941Z</time>
    <name>Point 24</name>
  </wpt>
  <wpt lat="1.359511" lon="103.751602">
    <time>2024-01-01T00:00:23.857Z</time>
    <name>Point 25</name>
  </wpt>
  <wpt lat="1.359323" lon="103.751607">
    <time>2024-01-01T00:00:24.772Z</time>
    <name>Point 26</name>
  </wpt>
  <wpt lat="1.359136" lon="103.751611">
    <time>2024-01-01T00:00:25.688Z</time>
    <name>Point 27</name>
  </wpt>
  <wpt lat="1.358690" lon="103.751616">
    <time>2024-01-01T00:00:27.866Z</time>
    <name>Point 28</name>
  </wpt>
  <wpt lat="1.358444" lon="103.751578">
    <time>2024-01-01T00:00:29.081Z</time>
    <name>Point 29</name>
  </wpt>
  <wpt lat="1.358224" lon="103.751525">
    <time>2024-01-01T00:00:30.186Z</time>
    <name>Point 30</name>
  </wpt>
  <wpt lat="1.358127" lon="103.751482">
    <time>2024-01-01T00:00:30.704Z</time>
    <name>Point 31</name>
  </wpt>
  <wpt lat="1.358068" lon="103.751605">
    <time>2024-01-01T00:00:31.369Z</time>
    <name>Point 32</name>
  </wpt>
  <wpt lat="1.358036" lon="103.751782">
    <time>2024-01-01T00:00:32.247Z</time>
    <name>Point 33</name>
  </wpt>
  <wpt lat="1.357993" lon="103.751986">
    <time>2024-01-01T00:00:33.265Z</time>
    <name>Point 34</name>
  </wpt>
  <wpt lat="1.357940" lon="103.752233">
    <time>2024-01-01T00:00:34.498Z</time>
    <name>Point 35</name>
  </wpt>
  <wpt lat="1.357854" lon="103.752458">
    <time>2024-01-01T00:00:35.673Z</time>
    <name>Point 36</name>
  </wpt>
  <wpt lat="1.357757" lon="103.752635">
    <time>2024-01-01T00:00:36.658Z</time>
    <name>Point 37</name>
  </wpt>
  <wpt lat="1.357602" lon="103.752801">
    <time>2024-01-01T00:00:37.767Z</time>
    <name>Point 38</name>
  </wpt>
  <wpt lat="1.357419" lon="103.753011">
    <time>2024-01-01T00:00:39.126Z</time>
    <name>Point 39</name>
  </wpt>
  <wpt lat="1.357232" lon="103.753204">
    <time>2024-01-01T00:00:40.438Z</time>
    <name>Point 40</name>
  </wpt>
  <wpt lat="1.356969" lon="103.753349">
    <time>2024-01-01T00:00:41.904Z</time>
    <name>Point 41</name>
  </wpt>
  <wpt lat="1.356781" lon="103.753386">
    <time>2024-01-01T00:00:42.839Z</time>
    <name>Point 42</name>
  </wpt>
  <wpt lat="1.356604" lon="103.753375">
    <time>2024-01-01T00:00:43.705Z</time>
    <name>Point 43</name>
  </wpt>
  <wpt lat="1.356454" lon="103.753332">
    <time>2024-01-01T00:00:44.467Z</time>
    <name>Point 44</name>
  </wpt>
  <wpt lat="1.356229" lon="103.753247">
    <time>2024-01-01T00:00:45.641Z</time>
    <name>Point 45</name>
  </wpt>
  <wpt lat="1.356025" lon="103.753188">
    <time>2024-01-01T00:00:46.678Z</time>
    <name>Point 46</name>
  </wpt>
  <wpt lat="1.355907" lon="103.753139">
    <time>2024-01-01T00:00:47.301Z</time>
    <name>Point 47</name>
  </wpt>
  <wpt lat="1.355741" lon="103.753134">
    <time>2024-01-01T00:00:48.112Z</time>
    <name>Point 48</name>
  </wpt>
  <wpt lat="1.355548" lon="103.753155">
    <time>2024-01-01T00:00:49.060Z</time>
    <name>Point 49</name>
  </wpt>
  <wpt lat="1.355408" lon="103.753209">
    <time>2024-01-01T00:00:49.792Z</time>
    <name>Point 50</name>
  </wpt>
  <wpt lat="1.355290" lon="103.753290">
    <time>2024-01-01T00:00:50.491Z</time>
    <name>Point 51</name>
  </wpt>
  <wpt lat="1.355188" lon="103.753392">
    <time>2024-01-01T00:00:51.195Z</time>
    <name>Point 52</name>
  </wpt>
  <wpt lat="1.355097" lon="103.753526">
    <time>2024-01-01T00:00:51.986Z</time>
    <name>Point 53</name>
  </wpt>
  <wpt lat="1.355017" lon="103.753676">
    <time>2024-01-01T00:00:52.815Z</time>
    <name>Point 54</name>
  </wpt>
  <wpt lat="1.354958" lon="103.753853">
    <time>2024-01-01T00:00:53.726Z</time>
    <name>Point 55</name>
  </wpt>
  <wpt lat="1.354899" lon="103.754046">
    <time>2024-01-01T00:00:54.711Z</time>
    <name>Point 56</name>
  </wpt>
  <wpt lat="1.354818" lon="103.754352">
    <time>2024-01-01T00:00:56.256Z</time>
    <name>Point 57</name>
  </wpt>
  <wpt lat="1.354738" lon="103.754588">
    <time>2024-01-01T00:00:57.472Z</time>
    <name>Point 58</name>
  </wpt>
  <wpt lat="1.354566" lon="103.754765">
    <time>2024-01-01T00:00:58.677Z</time>
    <name>Point 59</name>
  </wpt>
  <wpt lat="1.354389" lon="103.754872">
    <time>2024-01-01T00:00:59.686Z</time>
    <name>Point 60</name>
  </wpt>
  <wpt lat="1.354245" lon="103.754920">
    <time>2024-01-01T00:01:00.427Z</time>
    <name>Point 61</name>
  </wpt>
  <wpt lat="1.354049" lon="103.754927">
    <time>2024-01-01T00:01:01.383Z</time>
    <name>Point 62</name>
  </wpt>
  <wpt lat="1.353854" lon="103.754933">
    <time>2024-01-01T00:01:02.339Z</time>
    <name>Point 63</name>
  </wpt>
  <wpt lat="1.353658" lon="103.754940">
    <time>2024-01-01T00:01:03.295Z</time>
    <name>Point 64</name>
  </wpt>
  <wpt lat="1.353462" lon="103.754947">
    <time>2024-01-01T00:01:04.252Z</time>
    <name>Point 65</name>
  </wpt>
  <wpt lat="1.353134" lon="103.754985">
    <time>2024-01-01T00:01:05.864Z</time>
    <name>Point 66</name>
  </wpt>
  <wpt lat="1.352974" lon="103.755054">
    <time>2024-01-01T00:01:06.714Z</time>
    <name>Point 67</name>
  </wpt>
  <wpt lat="1.352834" lon="103.755151">
    <time>2024-01-01T00:01:07.546Z</time>
    <name>Point 68</name>
  </wpt>
  <wpt lat="1.352679" lon="103.755344">
    <time>2024-01-01T00:01:08.754Z</time>
    <name>Point 69</name>
  </wpt>
  <wpt lat="1.352486" lon="103.755478">
    <time>2024-01-01T00:01:09.901Z</time>
    <name>Point 70</name>
  </wpt>
  <wpt lat="1.352271" lon="103.755553">
    <time>2024-01-01T00:01:11.012Z</time>
    <name>Point 71</name>
  </wpt>
  <wpt lat="1.352053" lon="103.755564">
    <time>2024-01-01T00:01:12.080Z</time>
    <name>Point 72</name>
  </wpt>
  <wpt lat="1.351834" lon="103.755574">
    <time>2024-01-01T00:01:13.148Z</time>
    <name>Point 73</name>
  </wpt>
  <wpt lat="1.351615" lon="103.755585">
    <time>2024-01-01T00:01:14.216Z</time>
    <name>Point 74</name>
  </wpt>
  <wpt lat="1.351397" lon="103.755596">
    <time>2024-01-01T00:01:15.284Z</time>
    <name>Point 75</name>
  </wpt>
  <wpt lat="1.351316" lon="103.755596">
    <time>2024-01-01T00:01:15.680Z</time>
    <name>Point 76</name>
  </wpt>
  <wpt lat="1.351306" lon="103.755725">
    <time>2024-01-01T00:01:16.311Z</time>
    <name>Point 77</name>
  </wpt>
  <wpt lat="1.351322" lon="103.756052">
    <time>2024-01-01T00:01:17.909Z</time>
    <name>Point 78</name>
  </wpt>
  <wpt lat="1.351344" lon="103.756245">
    <time>2024-01-01T00:01:18.857Z</time>
    <name>Point 79</name>
  </wpt>
  <wpt lat="1.351365" lon="103.756438">
    <time>2024-01-01T00:01:19.806Z</time>
    <name>Point 80</name>
  </wpt>
  <wpt lat="1.351386" lon="103.756631">
    <time>2024-01-01T00:01:20.754Z</time>
    <name>Point 81</name>
  </wpt>
  <wpt lat="1.351408" lon="103.756825">
    <time>2024-01-01T00:01:21.703Z</time>
    <name>Point 82</name>
  </wpt>
  <wpt lat="1.351430" lon="103.757018">
    <time>2024-01-01T00:01:22.651Z</time>
    <name>Point 83</name>
  </wpt>
  <wpt lat="1.351451" lon="103.757211">
    <time>2024-01-01T00:01:23.600Z</time>
    <name>Point 84</name>
  </wpt>
  <wpt lat="1.351467" lon="103.757383">
    <time>2024-01-01T00:01:24.442Z</time>
    <name>Point 85</name>
  </wpt>
  <wpt lat="1.351483" lon="103.757554">
    <time>2024-01-01T00:01:25.284Z</time>
    <name>Point 86</name>
  </wpt>
  <wpt lat="1.351499" lon="103.757726">
    <time>2024-01-01T00:01:26.126Z</time>
    <name>Point 87</name>
  </wpt>
  <wpt lat="1.351515" lon="103.757898">
    <time>2024-01-01T00:01:26.968Z</time>
    <name>Point 88</name>
  </wpt>
  <wpt lat="1.351546" lon="103.758100">
    <time>2024-01-01T00:01:27.963Z</time>
    <name>Point 89</name>
  </wpt>
  <wpt lat="1.351576" lon="103.758301">
    <time>2024-01-01T00:01:28.959Z</time>
    <name>Point 90</name>
  </wpt>
  <wpt lat="1.351607" lon="103.758503">
    <time>2024-01-01T00:01:29.954Z</time>
    <name>Point 91</name>
  </wpt>
  <wpt lat="1.351637" lon="103.758705">
    <time>2024-01-01T00:01:30.950Z</time>
    <name>Point 92</name>
  </wpt>
  <wpt lat="1.351668" lon="103.758906">
    <time>2024-01-01T00:01:31.946Z</time>
    <name>Point 93</name>
  </wpt>
  <wpt lat="1.351699" lon="103.759108">
    <time>2024-01-01T00:01:32.941Z</time>
    <name>Point 94</name>
  </wpt>
  <wpt lat="1.351729" lon="103.759310">
    <time>2024-01-01T00:01:33.937Z</time>
    <name>Point 95</name>
  </wpt>
  <wpt lat="1.351760" lon="103.759512">
    <time>2024-01-01T00:01:34.932Z</time>
    <name>Point 96</name>
  </wpt>
  <wpt lat="1.351790" lon="103.759713">
    <time>2024-01-01T00:01:35.928Z</time>
    <name>Point 97</name>
  </wpt>
  <wpt lat="1.351821" lon="103.759915">
    <time>2024-01-01T00:01:36.924Z</time>
    <name>Point 98</name>
  </wpt>
  <wpt lat="1.351831" lon="103.760017">
    <time>2024-01-01T00:01:37.424Z</time>
    <name>Point 99</name>
  </wpt>
  <wpt lat="1.351740" lon="103.760076">
    <time>2024-01-01T00:01:37.954Z</time>
    <name>Point 100</name>
  </wpt>
  <wpt lat="1.351408" lon="103.760177">
    <time>2024-01-01T00:01:39.648Z</time>
    <name>Point 101</name>
  </wpt>
  <wpt lat="1.351032" lon="103.760349">
    <time>2024-01-01T00:01:41.666Z</time>
    <name>Point 102</name>
  </wpt>
  <wpt lat="1.350857" lon="103.760433">
    <time>2024-01-01T00:01:42.613Z</time>
    <name>Point 103</name>
  </wpt>
  <wpt lat="1.350682" lon="103.760517">
    <time>2024-01-01T00:01:43.561Z</time>
    <name>Point 104</name>
  </wpt>
  <wpt lat="1.350507" lon="103.760601">
    <time>2024-01-01T00:01:44.509Z</time>
    <name>Point 105</name>
  </wpt>
  <wpt lat="1.350121" lon="103.760762">
    <time>2024-01-01T00:01:46.550Z</time>
    <name>Point 106</name>
  </wpt>
  <wpt lat="1.349809" lon="103.760848">
    <time>2024-01-01T00:01:48.130Z</time>
    <name>Point 107</name>
  </wpt>
  <wpt lat="1.349445" lon="103.760902">
    <time>2024-01-01T00:01:49.926Z</time>
    <name>Point 108</name>
  </wpt>
  <wpt lat="1.349277" lon="103.760909">
    <time>2024-01-01T00:01:50.747Z</time>
    <name>Point 109</name>
  </wpt>
  <wpt lat="1.349109" lon="103.760916">
    <time>2024-01-01T00:01:51.568Z</time>
    <name>Point 110</name>
  </wpt>
  <wpt lat="1.348941" lon="103.760923">
    <time>2024-01-01T00:01:52.389Z</time>
    <name>Point 111</name>
  </wpt>
  <wpt lat="1.348752" lon="103.760923">
    <time>2024-01-01T00:01:53.310Z</time>
    <name>Point 112</name>
  </wpt>
  <wpt lat="1.348564" lon="103.760923">
    <time>2024-01-01T00:01:54.231Z</time>
    <name>Point 113</name>
  </wpt>
  <wpt lat="1.348375" lon="103.760923">
    <time>2024-01-01T00:01:55.152Z</time>
    <name>Point 114</name>
  </wpt>
  <wpt lat="1.348186" lon="103.760923">
    <time>2024-01-01T00:01:56.073Z</time>
    <name>Point 115</name>
  </wpt>
  <wpt lat="1.347998" lon="103.760923">
    <time>2024-01-01T00:01:56.994Z</time>
    <name>Point 116</name>
  </wpt>
  <wpt lat="1.347809" lon="103.760923">
    <time>2024-01-01T00:01:57.915Z</time>
    <name>Point 117</name>
  </wpt>
  <wpt lat="1.347613" lon="103.760927">
    <time>2024-01-01T00:01:58.870Z</time>
    <name>Point 118</name>
  </wpt>
  <wpt lat="1.347418" lon="103.760931">
    <time>2024-01-01T00:01:59.826Z</time>
    <name>Point 119</name>
  </wpt>
  <wpt lat="1.347222" lon="103.760935">
    <time>2024-01-01T00:02:00.782Z</time>
    <name>Point 120</name>
  </wpt>
  <wpt lat="1.347026" lon="103.760939">
    <time>2024-01-01T00:02:01.738Z</time>
    <name>Point 121</name>
  </wpt>
  <wpt lat="1.346774" lon="103.760939">
    <time>2024-01-01T00:02:02.969Z</time>
    <name>Point 122</name>
  </wpt>
  <wpt lat="1.346656" lon="103.760929">
    <time>2024-01-01T00:02:03.547Z</time>
    <name>Point 123</name>
  </wpt>
  <wpt lat="1.346592" lon="103.760875">
    <time>2024-01-01T00:02:03.955Z</time>
    <name>Point 124</name>
  </wpt>
  <wpt lat="1.346592" lon="103.760725">
    <time>2024-01-01T00:02:04.687Z</time>
    <name>Point 125</name>
  </wpt>
  <wpt lat="1.346586" lon="103.760279">
    <time>2024-01-01T00:02:06.864Z</time>
    <name>Point 126</name>
  </wpt>
  <wpt lat="1.346568" lon="103.760065">
    <time>2024-01-01T00:02:07.913Z</time>
    <name>Point 127</name>
  </wpt>
  <wpt lat="1.346551" lon="103.759850">
    <time>2024-01-01T00:02:08.963Z</time>
    <name>Point 128</name>
  </wpt>
  <wpt lat="1.346533" lon="103.759636">
    <time>2024-01-01T00:02:10.013Z</time>
    <name>Point 129</name>
  </wpt>
  <wpt lat="1.346490" lon="103.759292">
    <time>2024-01-01T00:02:11.705Z</time>
    <name>Point 130</name>
  </wpt>
  <wpt lat="1.346334" lon="103.758933">
    <time>2024-01-01T00:02:13.615Z</time>
    <name>Point 131</name>
  </wpt>
  <wpt lat="1.346157" lon="103.758552">
    <time>2024-01-01T00:02:15.666Z</time>
    <name>Point 132</name>
  </wpt>
  <wpt lat="1.345911" lon="103.758219">
    <time>2024-01-01T00:02:17.686Z</time>
    <name>Point 133</name>
  </wpt>
  <wpt lat="1.345637" lon="103.757919">
    <time>2024-01-01T00:02:19.670Z</time>
    <name>Point 134</name>
  </wpt>
  <wpt lat="1.345433" lon="103.757704">
    <time>2024-01-01T00:02:21.116Z</time>
    <name>Point 135</name>
  </wpt>
  <wpt lat="1.345176" lon="103.757436">
    <time>2024-01-01T00:02:22.929Z</time>
    <name>Point 136</name>
  </wpt>
  <wpt lat="1.345047" lon="103.757307">
    <time>2024-01-01T00:02:23.817Z</time>
    <name>Point 137</name>
  </wpt>
  <wpt lat="1.344918" lon="103.757179">
    <time>2024-01-01T00:02:24.706Z</time>
    <name>Point 138</name>
  </wpt>
  <wpt lat="1.344790" lon="103.757050">
    <time>2024-01-01T00:02:25.595Z</time>
    <name>Point 139</name>
  </wpt>
  <wpt lat="1.344661" lon="103.756921">
    <time>2024-01-01T00:02:26.484Z</time>
    <name>Point 140</name>
  </wpt>
  <wpt lat="1.344529" lon="103.756767">
    <time>2024-01-01T00:02:27.473Z</time>
    <name>Point 141</name>
  </wpt>
  <wpt lat="1.344396" lon="103.756614">
    <time>2024-01-01T00:02:28.463Z</time>
    <name>Point 142</name>
  </wpt>
  <wpt lat="1.344264" lon="103.756460">
    <time>2024-01-01T00:02:29.453Z</time>
    <name>Point 143</name>
  </wpt>
  <wpt lat="1.344071" lon="103.756074">
    <time>2024-01-01T00:02:31.559Z</time>
    <name>Point 144</name>
  </wpt>
  <wpt lat="1.344017" lon="103.755709">
    <time>2024-01-01T00:02:33.360Z</time>
    <name>Point 145</name>
  </wpt>
  <wpt lat="1.343996" lon="103.755559">
    <time>2024-01-01T00:02:34.101Z</time>
    <name>Point 146</name>
  </wpt>
  <wpt lat="1.343974" lon="103.755408">
    <time>2024-01-01T00:02:34.842Z</time>
    <name>Point 147</name>
  </wpt>
  <wpt lat="1.343953" lon="103.755258">
    <time>2024-01-01T00:02:35.583Z</time>
    <name>Point 148</name>
  </wpt>
  <wpt lat="1.343985" lon="103.755111">
    <time>2024-01-01T00:02:36.316Z</time>
    <name>Point 149</name>
  </wpt>
  <wpt lat="1.344018" lon="103.754965">
    <time>2024-01-01T00:02:37.049Z</time>
    <name>Point 150</name>
  </wpt>
  <wpt lat="1.344050" lon="103.754818">
    <time>2024-01-01T00:02:37.782Z</time>
    <name>Point 151</name>
  </wpt>
  <wpt lat="1.344113" lon="103.754614">
    <time>2024-01-01T00:02:38.823Z</time>
    <name>Point 152</name>
  </wpt>
  <wpt lat="1.344176" lon="103.754410">
    <time>2024-01-01T00:02:39.864Z</time>
    <name>Point 153</name>
  </wpt>
  <wpt lat="1.344239" lon="103.754207">
    <time>2024-01-01T00:02:40.905Z</time>
    <name>Point 154</name>
  </wpt>
  <wpt lat="1.344302" lon="103.754003">
    <time>2024-01-01T00:02:41.946Z</time>
    <name>Point 155</name>
  </wpt>
  <wpt lat="1.344366" lon="103.753799">
    <time>2024-01-01T00:02:42.987Z</time>
    <name>Point 156</name>
  </wpt>
  <wpt lat="1.344429" lon="103.753595">
    <time>2024-01-01T00:02:44.028Z</time>
    <name>Point 157</name>
  </wpt>
  <wpt lat="1.344492" lon="103.753392">
    <time>2024-01-01T00:02:45.069Z</time>
    <name>Point 158</name>
  </wpt>
  <wpt lat="1.344555" lon="103.753188">
    <time>2024-01-01T00:02:46.110Z</time>
    <name>Point 159</name>
  </wpt>
  <wpt lat="1.344618" lon="103.752984">
    <time>2024-01-01T00:02:47.152Z</time>
    <name>Point 160</name>
  </wpt>
  <wpt lat="1.344678" lon="103.752782">
    <time>2024-01-01T00:02:48.179Z</time>
    <name>Point 161</name>
  </wpt>
  <wpt lat="1.344738" lon="103.752580">
    <time>2024-01-01T00:02:49.207Z</time>
    <name>Point 162</name>
  </wpt>
  <wpt lat="1.344798" lon="103.752379">
    <time>2024-01-01T00:02:50.234Z</time>
    <name>Point 163</name>
  </wpt>
  <wpt lat="1.344858" lon="103.752177">
    <time>2024-01-01T00:02:51.262Z</time>
    <name>Point 164</name>
  </wpt>
  <wpt lat="1.344918" lon="103.751975">
    <time>2024-01-01T00:02:52.290Z</time>
    <name>Point 165</name>
  </wpt>
  <wpt lat="1.344957" lon="103.751761">
    <time>2024-01-01T00:02:53.353Z</time>
    <name>Point 166</name>
  </wpt>
  <wpt lat="1.344997" lon="103.751546">
    <time>2024-01-01T00:02:54.416Z</time>
    <name>Point 167</name>
  </wpt>
  <wpt lat="1.345036" lon="103.751332">
    <time>2024-01-01T00:02:55.480Z</time>
    <name>Point 168</name>
  </wpt>
  <wpt lat="1.345058" lon="103.750924">
    <time>2024-01-01T00:02:57.475Z</time>
    <name>Point 169</name>
  </wpt>
  <wpt lat="1.345058" lon="103.750752">
    <time>2024-01-01T00:02:58.312Z</time>
    <name>Point 170</name>
  </wpt>
  <wpt lat="1.345058" lon="103.750581">
    <time>2024-01-01T00:02:59.150Z</time>
    <name>Point 171</name>
  </wpt>
  <wpt lat="1.345058" lon="103.750409">
    <time>2024-01-01T00:02:59.988Z</time>
    <name>Point 172</name>
  </wpt>
  <wpt lat="1.345054" lon="103.750206">
    <time>2024-01-01T00:03:00.977Z</time>
    <name>Point 173</name>
  </wpt>
  <wpt lat="1.345051" lon="103.750004">
    <time>2024-01-01T00:03:01.966Z</time>
    <name>Point 174</name>
  </wpt>
  <wpt lat="1.345047" lon="103.749801">
    <time>2024-01-01T00:03:02.955Z</time>
    <name>Point 175</name>
  </wpt>
  <wpt lat="1.345044" lon="103.749598">
    <time>2024-01-01T00:03:03.944Z</time>
    <name>Point 176</name>
  </wpt>
  <wpt lat="1.345040" lon="103.749396">
    <time>2024-01-01T00:03:04.934Z</time>
    <name>Point 177</name>
  </wpt>
  <wpt lat="1.345037" lon="103.749193">
    <time>2024-01-01T00:03:05.923Z</time>
    <name>Point 178</name>
  </wpt>
  <wpt lat="1.345033" lon="103.748990">
    <time>2024-01-01T00:03:06.912Z</time>
    <name>Point 179</name>
  </wpt>
  <wpt lat="1.345030" lon="103.748788">
    <time>2024-01-01T00:03:07.901Z</time>
    <name>Point 180</name>
  </wpt>
  <wpt lat="1.345026" lon="103.748585">
    <time>2024-01-01T00:03:08.891Z</time>
    <name>Point 181</name>
  </wpt>
  <wpt lat="1.345051" lon="103.748435">
    <time>2024-01-01T00:03:09.634Z</time>
    <name>Point 182</name>
  </wpt>
  <wpt lat="1.345076" lon="103.748284">
    <time>2024-01-01T00:03:10.378Z</time>
    <name>Point 183</name>
  </wpt>
  <wpt lat="1.345101" lon="103.748134">
    <time>2024-01-01T00:03:11.122Z</time>
    <name>Point 184</name>
  </wpt>
  <wpt lat="1.345272" lon="103.747737">
    <time>2024-01-01T00:03:13.232Z</time>
    <name>Point 185</name>
  </wpt>
  <wpt lat="1.345379" lon="103.747576">
    <time>2024-01-01T00:03:14.175Z</time>
    <name>Point 186</name>
  </wpt>
  <wpt lat="1.345487" lon="103.747416">
    <time>2024-01-01T00:03:15.118Z</time>
    <name>Point 187</name>
  </wpt>
  <wpt lat="1.345594" lon="103.747255">
    <time>2024-01-01T00:03:16.061Z</time>
    <name>Point 188</name>
  </wpt>
  <wpt lat="1.345777" lon="103.747040">
    <time>2024-01-01T00:03:17.439Z</time>
    <name>Point 189</name>
  </wpt>
  <wpt lat="1.346002" lon="103.746965">
    <time>2024-01-01T00:03:18.597Z</time>
    <name>Point 190</name>
  </wpt>
  <wpt lat="1.346238" lon="103.747147">
    <time>2024-01-01T00:03:20.052Z</time>
    <name>Point 191</name>
  </wpt>
  <wpt lat="1.346414" lon="103.747278">
    <time>2024-01-01T00:03:21.122Z</time>
    <name>Point 192</name>
  </wpt>
  <wpt lat="1.346590" lon="103.747408">
    <time>2024-01-01T00:03:22.192Z</time>
    <name>Point 193</name>
  </wpt>
  <wpt lat="1.346766" lon="103.747539">
    <time>2024-01-01T00:03:23.262Z</time>
    <name>Point 194</name>
  </wpt>
  <wpt lat="1.346942" lon="103.747669">
    <time>2024-01-01T00:03:24.332Z</time>
    <name>Point 195</name>
  </wpt>
  <wpt lat="1.347118" lon="103.747800">
    <time>2024-01-01T00:03:25.402Z</time>
    <name>Point 196</name>
  </wpt>
  <wpt lat="1.347295" lon="103.747930">
    <time>2024-01-01T00:03:26.472Z</time>
    <name>Point 197</name>
  </wpt>
  <wpt lat="1.347471" lon="103.748061">
    <time>2024-01-01T00:03:27.542Z</time>
    <name>Point 198</name>
  </wpt>
  <wpt lat="1.347647" lon="103.748192">
    <time>2024-01-01T00:03:28.612Z</time>
    <name>Point 199</name>
  </wpt>
  <wpt lat="1.347823" lon="103.748322">
    <time>2024-01-01T00:03:29.682Z</time>
    <name>Point 200</name>
  </wpt>
  <wpt lat="1.347999" lon="103.748453">
    <time>2024-01-01T00:03:30.752Z</time>
    <name>Point 201</name>
  </wpt>
  <wpt lat="1.348175" lon="103.748583">
    <time>2024-01-01T00:03:31.822Z</time>
    <name>Point 202</name>
  </wpt>
  <wpt lat="1.348351" lon="103.748714">
    <time>2024-01-01T00:03:32.893Z</time>
    <name>Point 203</name>
  </wpt>
  <wpt lat="1.348458" lon="103.748875">
    <time>2024-01-01T00:03:33.836Z</time>
    <name>Point 204</name>
  </wpt>
  <wpt lat="1.348351" lon="103.749003">
    <time>2024-01-01T00:03:34.651Z</time>
    <name>Point 205</name>
  </wpt>
  <wpt lat="1.348190" lon="103.749347">
    <time>2024-01-01T00:03:36.504Z</time>
    <name>Point 206</name>
  </wpt>
  <wpt lat="1.348088" lon="103.749502">
    <time>2024-01-01T00:03:37.410Z</time>
    <name>Point 207</name>
  </wpt>
  <wpt lat="1.347975" lon="103.749830">
    <time>2024-01-01T00:03:39.103Z</time>
    <name>Point 208</name>
  </wpt>
  <wpt lat="1.347922" lon="103.750033">
    <time>2024-01-01T00:03:40.127Z</time>
    <name>Point 209</name>
  </wpt>
  <wpt lat="1.347900" lon="103.750269">
    <time>2024-01-01T00:03:41.284Z</time>
    <name>Point 210</name>
  </wpt>
  <wpt lat="1.347884" lon="103.750468">
    <time>2024-01-01T00:03:42.258Z</time>
    <name>Point 211</name>
  </wpt>
  <wpt lat="1.347916" lon="103.750720">
    <time>2024-01-01T00:03:43.498Z</time>
    <name>Point 212</name>
  </wpt>
  <wpt lat="1.347959" lon="103.750967">
    <time>2024-01-01T00:03:44.721Z</time>
    <name>Point 213</name>
  </wpt>
  <wpt lat="1.348045" lon="103.751246">
    <time>2024-01-01T00:03:46.146Z</time>
    <name>Point 214</name>
  </wpt>
  <wpt lat="1.348147" lon="103.751428">
    <time>2024-01-01T00:03:47.165Z</time>
    <name>Point 215</name>
  </wpt>
  <wpt lat="1.348351" lon="103.751750">
    <time>2024-01-01T00:03:49.025Z</time>
    <name>Point 216</name>
  </wpt>
  <wpt lat="1.348571" lon="103.752040">
    <time>2024-01-01T00:03:50.802Z</time>
    <name>Point 217</name>
  </wpt>
  <wpt lat="1.348753" lon="103.752190">
    <time>2024-01-01T00:03:51.953Z</time>
    <name>Point 218</name>
  </wpt>
  <wpt lat="1.348994" lon="103.752378">
    <time>2024-01-01T00:03:53.445Z</time>
    <name>Point 219</name>
  </wpt>
  <wpt lat="1.349257" lon="103.752576">
    <time>2024-01-01T00:03:55.052Z</time>
    <name>Point 220</name>
  </wpt>
  <wpt lat="1.349434" lon="103.752646">
    <time>2024-01-01T00:03:55.981Z</time>
    <name>Point 221</name>
  </wpt>
  <wpt lat="1.349563" lon="103.752603">
    <time>2024-01-01T00:03:56.645Z</time>
    <name>Point 222</name>
  </wpt>
  <wpt lat="1.349713" lon="103.752351">
    <time>2024-01-01T00:03:58.076Z</time>
    <name>Point 223</name>
  </wpt>
  <wpt lat="1.349811" lon="103.752212">
    <time>2024-01-01T00:03:58.907Z</time>
    <name>Point 224</name>
  </wpt>
  <wpt lat="1.349908" lon="103.752072">
    <time>2024-01-01T00:03:59.739Z</time>
    <name>Point 225</name>
  </wpt>
  <wpt lat="1.350006" lon="103.751933">
    <time>2024-01-01T00:04:00.570Z</time>
    <name>Point 226</name>
  </wpt>
  <wpt lat="1.350104" lon="103.751793">
    <time>2024-01-01T00:04:01.402Z</time>
    <name>Point 227</name>
  </wpt>
  <wpt lat="1.350219" lon="103.751634">
    <time>2024-01-01T00:04:02.360Z</time>
    <name>Point 228</name>
  </wpt>
  <wpt lat="1.350333" lon="103.751474">
    <time>2024-01-01T00:04:03.318Z</time>
    <name>Point 229</name>
  </wpt>
  <wpt lat="1.350448" lon="103.751315">
    <time>2024-01-01T00:04:04.276Z</time>
    <name>Point 230</name>
  </wpt>
  <wpt lat="1.350721" lon="103.750978">
    <time>2024-01-01T00:04:06.393Z</time>
    <name>Point 231</name>
  </wpt>
  <wpt lat="1.350844" lon="103.750847">
    <time>2024-01-01T00:04:07.270Z</time>
    <name>Point 232</name>
  </wpt>
  <wpt lat="1.350968" lon="103.750717">
    <time>2024-01-01T00:04:08.147Z</time>
    <name>Point 233</name>
  </wpt>
  <wpt lat="1.351091" lon="103.750586">
    <time>2024-01-01T00:04:09.024Z</time>
    <name>Point 234</name>
  </wpt>
  <wpt lat="1.351232" lon="103.750455">
    <time>2024-01-01T00:04:09.963Z</time>
    <name>Point 235</name>
  </wpt>
  <wpt lat="1.351374" lon="103.750325">
    <time>2024-01-01T00:04:10.902Z</time>
    <name>Point 236</name>
  </wpt>
  <wpt lat="1.351515" lon="103.750194">
    <time>2024-01-01T00:04:11.842Z</time>
    <name>Point 237</name>
  </wpt>
  <wpt lat="1.351637" lon="103.750059">
    <time>2024-01-01T00:04:12.731Z</time>
    <name>Point 238</name>
  </wpt>
  <wpt lat="1.351759" lon="103.749923">
    <time>2024-01-01T00:04:13.620Z</time>
    <name>Point 239</name>
  </wpt>
  <wpt lat="1.351881" lon="103.749788">
    <time>2024-01-01T00:04:14.509Z</time>
    <name>Point 240</name>
  </wpt>
  <wpt lat="1.352003" lon="103.749653">
    <time>2024-01-01T00:04:15.399Z</time>
    <name>Point 241</name>
  </wpt>
  <wpt lat="1.352148" lon="103.749341">
    <time>2024-01-01T00:04:17.078Z</time>
    <name>Point 242</name>
  </wpt>
  <wpt lat="1.352260" lon="103.749025">
    <time>2024-01-01T00:04:18.714Z</time>
    <name>Point 243</name>
  </wpt>
  <wpt lat="1.352292" lon="103.748767">
    <time>2024-01-01T00:04:19.983Z</time>
    <name>Point 244</name>
  </wpt>
  <wpt lat="1.352309" lon="103.748564">
    <time>2024-01-01T00:04:20.977Z</time>
    <name>Point 245</name>
  </wpt>
  <wpt lat="1.352309" lon="103.748472">
    <time>2024-01-01T00:04:21.426Z</time>
    <name>Point 246</name>
  </wpt>
  <wpt lat="1.352175" lon="103.748456">
    <time>2024-01-01T00:04:22.085Z</time>
    <name>Point 247</name>
  </wpt>
  <wpt lat="1.351976" lon="103.748440">
    <time>2024-01-01T00:04:23.059Z</time>
    <name>Point 248</name>
  </wpt>
  <wpt lat="1.351692" lon="103.748419">
    <time>2024-01-01T00:04:24.450Z</time>
    <name>Point 249</name>
  </wpt>
  <wpt lat="1.351392" lon="103.748317">
    <time>2024-01-01T00:04:25.996Z</time>
    <name>Point 250</name>
  </wpt>
  <wpt lat="1.351000" lon="103.748177">
    <time>2024-01-01T00:04:28.028Z</time>
    <name>Point 251</name>
  </wpt>
  <wpt lat="1.350787" lon="103.748106">
    <time>2024-01-01T00:04:29.123Z</time>
    <name>Point 252</name>
  </wpt>
  <wpt lat="1.350575" lon="103.748034">
    <time>2024-01-01T00:04:30.218Z</time>
    <name>Point 253</name>
  </wpt>
  <wpt lat="1.350362" lon="103.747963">
    <time>2024-01-01T00:04:31.313Z</time>
    <name>Point 254</name>
  </wpt>
  <wpt lat="1.350142" lon="103.747936">
    <time>2024-01-01T00:04:32.395Z</time>
    <name>Point 255</name>
  </wpt>
  <wpt lat="1.349836" lon="103.747925">
    <time>2024-01-01T00:04:33.890Z</time>
    <name>Point 256</name>
  </wpt>
  <wpt lat="1.349531" lon="103.747990">
    <time>2024-01-01T00:04:35.413Z</time>
    <name>Point 257</name>
  </wpt>
  <wpt lat="1.349214" lon="103.748097">
    <time>2024-01-01T00:04:37.046Z</time>
    <name>Point 258</name>
  </wpt>
  <wpt lat="1.349021" lon="103.748231">
    <time>2024-01-01T00:04:38.193Z</time>
    <name>Point 259</name>
  </wpt>
  <wpt lat="1.348860" lon="103.748387">
    <time>2024-01-01T00:04:39.287Z</time>
    <name>Point 260</name>
  </wpt>
  <wpt lat="1.348678" lon="103.748558">
    <time>2024-01-01T00:04:40.506Z</time>
    <name>Point 261</name>
  </wpt>
  <wpt lat="1.348581" lon="103.748714">
    <time>2024-01-01T00:04:41.402Z</time>
    <name>Point 262</name>
  </wpt>
  <wpt lat="1.348506" lon="103.748805">
    <time>2024-01-01T00:04:41.978Z</time>
    <name>Point 263</name>
  </wpt>
  <wpt lat="1.348388" lon="103.748864">
    <time>2024-01-01T00:04:42.622Z</time>
    <name>Point 264</name>
  </wpt>
  <wpt lat="1.348249" lon="103.748816">
    <time>2024-01-01T00:04:43.340Z</time>
    <name>Point 265</name>
  </wpt>
  <wpt lat="1.348090" lon="103.748689">
    <time>2024-01-01T00:04:44.333Z</time>
    <name>Point 266</name>
  </wpt>
  <wpt lat="1.347931" lon="103.748562">
    <time>2024-01-01T00:04:45.326Z</time>
    <name>Point 267</name>
  </wpt>
  <wpt lat="1.347772" lon="103.748435">
    <time>2024-01-01T00:04:46.320Z</time>
    <name>Point 268</name>
  </wpt>
  <wpt lat="1.347596" lon="103.748307">
    <time>2024-01-01T00:04:47.382Z</time>
    <name>Point 269</name>
  </wpt>
  <wpt lat="1.347420" lon="103.748179">
    <time>2024-01-01T00:04:48.444Z</time>
    <name>Point 270</name>
  </wpt>
  <wpt lat="1.347244" lon="103.748050">
    <time>2024-01-01T00:04:49.507Z</time>
    <name>Point 271</name>
  </wpt>
  <wpt lat="1.347068" lon="103.747922">
    <time>2024-01-01T00:04:50.569Z</time>
    <name>Point 272</name>
  </wpt>
  <wpt lat="1.346893" lon="103.747794">
    <time>2024-01-01T00:04:51.632Z</time>
    <name>Point 273</name>
  </wpt>
  <wpt lat="1.346717" lon="103.747666">
    <time>2024-01-01T00:04:52.694Z</time>
    <name>Point 274</name>
  </wpt>
  <wpt lat="1.346541" lon="103.747537">
    <time>2024-01-01T00:04:53.757Z</time>
    <name>Point 275</name>
  </wpt>
  <wpt lat="1.346365" lon="103.747409">
    <time>2024-01-01T00:04:54.819Z</time>
    <name>Point 276</name>
  </wpt>
  <wpt lat="1.346189" lon="103.747281">
    <time>2024-01-01T00:04:55.882Z</time>
    <name>Point 277</name>
  </wpt>
  <wpt lat="1.345991" lon="103.747158">
    <time>2024-01-01T00:04:57.020Z</time>
    <name>Point 278</name>
  </wpt>
  <wpt lat="1.345862" lon="103.746933">
    <time>2024-01-01T00:04:58.286Z</time>
    <name>Point 279</name>
  </wpt>
  <wpt lat="1.346077" lon="103.746611">
    <time>2024-01-01T00:05:00.175Z</time>
    <name>Point 280</name>
  </wpt>
  <wpt lat="1.346200" lon="103.746455">
    <time>2024-01-01T00:05:01.143Z</time>
    <name>Point 281</name>
  </wpt>
  <wpt lat="1.346324" lon="103.746300">
    <time>2024-01-01T00:05:02.112Z</time>
    <name>Point 282</name>
  </wpt>
  <wpt lat="1.346447" lon="103.746144">
    <time>2024-01-01T00:05:03.080Z</time>
    <name>Point 283</name>
  </wpt>
  <wpt lat="1.346570" lon="103.745989">
    <time>2024-01-01T00:05:04.049Z</time>
    <name>Point 284</name>
  </wpt>
  <wpt lat="1.346680" lon="103.745847">
    <time>2024-01-01T00:05:04.926Z</time>
    <name>Point 285</name>
  </wpt>
  <wpt lat="1.346790" lon="103.745704">
    <time>2024-01-01T00:05:05.804Z</time>
    <name>Point 286</name>
  </wpt>
  <wpt lat="1.346900" lon="103.745562">
    <time>2024-01-01T00:05:06.682Z</time>
    <name>Point 287</name>
  </wpt>
  <wpt lat="1.347010" lon="103.745420">
    <time>2024-01-01T00:05:07.560Z</time>
    <name>Point 288</name>
  </wpt>
  <wpt lat="1.347125" lon="103.745275">
    <time>2024-01-01T00:05:08.463Z</time>
    <name>Point 289</name>
  </wpt>
  <wpt lat="1.347241" lon="103.745130">
    <time>2024-01-01T00:05:09.366Z</time>
    <name>Point 290</name>
  </wpt>
  <wpt lat="1.347356" lon="103.744986">
    <time>2024-01-01T00:05:10.269Z</time>
    <name>Point 291</name>
  </wpt>
  <wpt lat="1.347471" lon="103.744841">
    <time>2024-01-01T00:05:11.172Z</time>
    <name>Point 292</name>
  </wpt>
  <wpt lat="1.347661" lon="103.744741">
    <time>2024-01-01T00:05:12.219Z</time>
    <name>Point 293</name>
  </wpt>
  <wpt lat="1.347850" lon="103.744640">
    <time>2024-01-01T00:05:13.267Z</time>
    <name>Point 294</name>
  </wpt>
  <wpt lat="1.348040" lon="103.744540">
    <time>2024-01-01T00:05:14.315Z</time>
    <name>Point 295</name>
  </wpt>
  <wpt lat="1.348226" lon="103.744515">
    <time>2024-01-01T00:05:15.229Z</time>
    <name>Point 296</name>
  </wpt>
  <wpt lat="1.348411" lon="103.744490">
    <time>2024-01-01T00:05:16.143Z</time>
    <name>Point 297</name>
  </wpt>
  <wpt lat="1.348597" lon="103.744465">
    <time>2024-01-01T00:05:17.058Z</time>
    <name>Point 298</name>
  </wpt>
  <wpt lat="1.349016" lon="103.744529">
    <time>2024-01-01T00:05:19.128Z</time>
    <name>Point 299</name>
  </wpt>
  <wpt lat="1.349413" lon="103.744690">
    <time>2024-01-01T00:05:21.219Z</time>
    <name>Point 300</name>
  </wpt>
  <wpt lat="1.349799" lon="103.744905">
    <time>2024-01-01T00:05:23.376Z</time>
    <name>Point 301</name>
  </wpt>
  <wpt lat="1.349970" lon="103.744978">
    <time>2024-01-01T00:05:24.284Z</time>
    <name>Point 302</name>
  </wpt>
  <wpt lat="1.350142" lon="103.745050">
    <time>2024-01-01T00:05:25.193Z</time>
    <name>Point 303</name>
  </wpt>
  <wpt lat="1.350313" lon="103.745122">
    <time>2024-01-01T00:05:26.102Z</time>
    <name>Point 304</name>
  </wpt>
  <wpt lat="1.350485" lon="103.745195">
    <time>2024-01-01T00:05:27.011Z</time>
    <name>Point 305</name>
  </wpt>
  <wpt lat="1.350893" lon="103.745366">
    <time>2024-01-01T00:05:29.171Z</time>
    <name>Point 306</name>
  </wpt>
  <wpt lat="1.351268" lon="103.745366">
    <time>2024-01-01T00:05:31.001Z</time>
    <name>Point 307</name>
  </wpt>
  <wpt lat="1.351654" lon="103.745281">
    <time>2024-01-01T00:05:32.931Z</time>
    <name>Point 308</name>
  </wpt>
  <wpt lat="1.351880" lon="103.745195">
    <time>2024-01-01T00:05:34.111Z</time>
    <name>Point 309</name>
  </wpt>
  <wpt lat="1.352030" lon="103.744980">
    <time>2024-01-01T00:05:35.391Z</time>
    <name>Point 310</name>
  </wpt>
  <wpt lat="1.351955" lon="103.744562">
    <time>2024-01-01T00:05:37.463Z</time>
    <name>Point 311</name>
  </wpt>
  <wpt lat="1.351894" lon="103.744405">
    <time>2024-01-01T00:05:38.286Z</time>
    <name>Point 312</name>
  </wpt>
  <wpt lat="1.351833" lon="103.744247">
    <time>2024-01-01T00:05:39.110Z</time>
    <name>Point 313</name>
  </wpt>
  <wpt lat="1.351772" lon="103.744090">
    <time>2024-01-01T00:05:39.934Z</time>
    <name>Point 314</name>
  </wpt>
  <wpt lat="1.351590" lon="103.743703">
    <time>2024-01-01T00:05:42.021Z</time>
    <name>Point 315</name>
  </wpt>
  <wpt lat="1.351322" lon="103.743489">
    <time>2024-01-01T00:05:43.695Z</time>
    <name>Point 316</name>
  </wpt>
  <wpt lat="1.351161" lon="103.743317">
    <time>2024-01-01T00:05:44.845Z</time>
    <name>Point 317</name>
  </wpt>
  <wpt lat="1.351011" lon="103.743210">
    <time>2024-01-01T00:05:45.746Z</time>
    <name>Point 318</name>
  </wpt>
  <wpt lat="1.350860" lon="103.743102">
    <time>2024-01-01T00:05:46.648Z</time>
    <name>Point 319</name>
  </wpt>
  <wpt lat="1.350710" lon="103.742995">
    <time>2024-01-01T00:05:47.550Z</time>
    <name>Point 320</name>
  </wpt>
  <wpt lat="1.350399" lon="103.742759">
    <time>2024-01-01T00:05:49.456Z</time>
    <name>Point 321</name>
  </wpt>
  <wpt lat="1.350288" lon="103.742655">
    <time>2024-01-01T00:05:50.196Z</time>
    <name>Point 322</name>
  </wpt>
  <wpt lat="1.350178" lon="103.742552">
    <time>2024-01-01T00:05:50.936Z</time>
    <name>Point 323</name>
  </wpt>
  <wpt lat="1.350067" lon="103.742448">
    <time>2024-01-01T00:05:51.676Z</time>
    <name>Point 324</name>
  </wpt>
  <wpt lat="1.349895" lon="103.742126">
    <time>2024-01-01T00:05:53.458Z</time>
    <name>Point 325</name>
  </wpt>
  <wpt lat="1.349799" lon="103.741794">
    <time>2024-01-01T00:05:55.145Z</time>
    <name>Point 326</name>
  </wpt>
  <wpt lat="1.349781" lon="103.741583">
    <time>2024-01-01T00:05:56.178Z</time>
    <name>Point 327</name>
  </wpt>
  <wpt lat="1.349763" lon="103.741372">
    <time>2024-01-01T00:05:57.211Z</time>
    <name>Point 328</name>
  </wpt>
  <wpt lat="1.349745" lon="103.741161">
    <time>2024-01-01T00:05:58.245Z</time>
    <name>Point 329</name>
  </wpt>
  <wpt lat="1.349742" lon="103.740953">
    <time>2024-01-01T00:05:59.259Z</time>
    <name>Point 330</name>
  </wpt>
  <wpt lat="1.349740" lon="103.740745">
    <time>2024-01-01T00:06:00.274Z</time>
    <name>Point 331</name>
  </wpt>
  <wpt lat="1.349737" lon="103.740537">
    <time>2024-01-01T00:06:01.288Z</time>
    <name>Point 332</name>
  </wpt>
  <wpt lat="1.349734" lon="103.740330">
    <time>2024-01-01T00:06:02.303Z</time>
    <name>Point 333</name>
  </wpt>
  <wpt lat="1.349732" lon="103.740122">
    <time>2024-01-01T00:06:03.318Z</time>
    <name>Point 334</name>
  </wpt>
  <wpt lat="1.349729" lon="103.739914">
    <time>2024-01-01T00:06:04.332Z</time>
    <name>Point 335</name>
  </wpt>
  <wpt lat="1.349727" lon="103.739706">
    <time>2024-01-01T00:06:05.347Z</time>
    <name>Point 336</name>
  </wpt>
  <wpt lat="1.349724" lon="103.739498">
    <time>2024-01-01T00:06:06.362Z</time>
    <name>Point 337</name>
  </wpt>
  <wpt lat="1.349731" lon="103.739323">
    <time>2024-01-01T00:06:07.218Z</time>
    <name>Point 338</name>
  </wpt>
  <wpt lat="1.349738" lon="103.739147">
    <time>2024-01-01T00:06:08.074Z</time>
    <name>Point 339</name>
  </wpt>
  <wpt lat="1.349745" lon="103.738972">
    <time>2024-01-01T00:06:08.931Z</time>
    <name>Point 340</name>
  </wpt>
  <wpt lat="1.349745" lon="103.738607">
    <time>2024-01-01T00:06:10.713Z</time>
    <name>Point 341</name>
  </wpt>
  <wpt lat="1.349724" lon="103.738242">
    <time>2024-01-01T00:06:12.497Z</time>
    <name>Point 342</name>
  </wpt>
  <wpt lat="1.349906" lon="103.738092">
    <time>2024-01-01T00:06:13.648Z</time>
    <name>Point 343</name>
  </wpt>
  <wpt lat="1.350228" lon="103.737974">
    <time>2024-01-01T00:06:15.322Z</time>
    <name>Point 344</name>
  </wpt>
  <wpt lat="1.350571" lon="103.737845">
    <time>2024-01-01T00:06:17.111Z</time>
    <name>Point 345</name>
  </wpt>
  <wpt lat="1.350760" lon="103.737785">
    <time>2024-01-01T00:06:18.078Z</time>
    <name>Point 346</name>
  </wpt>
  <wpt lat="1.350949" lon="103.737725">
    <time>2024-01-01T00:06:19.045Z</time>
    <name>Point 347</name>
  </wpt>
  <wpt lat="1.351137" lon="103.737665">
    <time>2024-01-01T00:06:20.012Z</time>
    <name>Point 348</name>
  </wpt>
  <wpt lat="1.351326" lon="103.737605">
    <time>2024-01-01T00:06:20.979Z</time>
    <name>Point 349</name>
  </wpt>
  <wpt lat="1.351515" lon="103.737545">
    <time>2024-01-01T00:06:21.946Z</time>
    <name>Point 350</name>
  </wpt>
  <wpt lat="1.351687" lon="103.737472">
    <time>2024-01-01T00:06:22.856Z</time>
    <name>Point 351</name>
  </wpt>
  <wpt lat="1.351858" lon="103.737399">
    <time>2024-01-01T00:06:23.766Z</time>
    <name>Point 352</name>
  </wpt>
  <wpt lat="1.352030" lon="103.737326">
    <time>2024-01-01T00:06:24.677Z</time>
    <name>Point 353</name>
  </wpt>
  <wpt lat="1.352201" lon="103.737253">
    <time>2024-01-01T00:06:25.587Z</time>
    <name>Point 354</name>
  </wpt>
  <wpt lat="1.352373" lon="103.737180">
    <time>2024-01-01T00:06:26.498Z</time>
    <name>Point 355</name>
  </wpt>
  <wpt lat="1.352573" lon="103.737102">
    <time>2024-01-01T00:06:27.544Z</time>
    <name>Point 356</name>
  </wpt>
  <wpt lat="1.352772" lon="103.737024">
    <time>2024-01-01T00:06:28.590Z</time>
    <name>Point 357</name>
  </wpt>
  <wpt lat="1.352972" lon="103.736947">
    <time>2024-01-01T00:06:29.637Z</time>
    <name>Point 358</name>
  </wpt>
  <wpt lat="1.353172" lon="103.736869">
    <time>2024-01-01T00:06:30.683Z</time>
    <name>Point 359</name>
  </wpt>
  <wpt lat="1.353372" lon="103.736791">
    <time>2024-01-01T00:06:31.729Z</time>
    <name>Point 360</name>
  </wpt>
  <wpt lat="1.353572" lon="103.736714">
    <time>2024-01-01T00:06:32.776Z</time>
    <name>Point 361</name>
  </wpt>
  <wpt lat="1.353771" lon="103.736636">
    <time>2024-01-01T00:06:33.822Z</time>
    <name>Point 362</name>
  </wpt>
  <wpt lat="1.353971" lon="103.736558">
    <time>2024-01-01T00:06:34.869Z</time>
    <name>Point 363</name>
  </wpt>
  <wpt lat="1.354168" lon="103.736534">
    <time>2024-01-01T00:06:35.839Z</time>
    <name>Point 364</name>
  </wpt>
  <wpt lat="1.354366" lon="103.736511">
    <time>2024-01-01T00:06:36.809Z</time>
    <name>Point 365</name>
  </wpt>
  <wpt lat="1.354563" lon="103.736487">
    <time>2024-01-01T00:06:37.780Z</time>
    <name>Point 366</name>
  </wpt>
  <wpt lat="1.354761" lon="103.736464">
    <time>2024-01-01T00:06:38.750Z</time>
    <name>Point 367</name>
  </wpt>
  <wpt lat="1.354958" lon="103.736440">
    <time>2024-01-01T00:06:39.721Z</time>
    <name>Point 368</name>
  </wpt>
  <wpt lat="1.355130" lon="103.736462">
    <time>2024-01-01T00:06:40.564Z</time>
    <name>Point 369</name>
  </wpt>
  <wpt lat="1.355301" lon="103.736483">
    <time>2024-01-01T00:06:41.408Z</time>
    <name>Point 370</name>
  </wpt>
  <wpt lat="1.355473" lon="103.736504">
    <time>2024-01-01T00:06:42.252Z</time>
    <name>Point 371</name>
  </wpt>
  <wpt lat="1.355644" lon="103.736526">
    <time>2024-01-01T00:06:43.096Z</time>
    <name>Point 372</name>
  </wpt>
  <wpt lat="1.355835" lon="103.736590">
    <time>2024-01-01T00:06:44.077Z</time>
    <name>Point 373</name>
  </wpt>
  <wpt lat="1.356025" lon="103.736655">
    <time>2024-01-01T00:06:45.059Z</time>
    <name>Point 374</name>
  </wpt>
  <wpt lat="1.356216" lon="103.736719">
    <time>2024-01-01T00:06:46.040Z</time>
    <name>Point 375</name>
  </wpt>
  <wpt lat="1.356406" lon="103.736783">
    <time>2024-01-01T00:06:47.022Z</time>
    <name>Point 376</name>
  </wpt>
  <wpt lat="1.356567" lon="103.736883">
    <time>2024-01-01T00:06:47.948Z</time>
    <name>Point 377</name>
  </wpt>
  <wpt lat="1.356728" lon="103.736984">
    <time>2024-01-01T00:06:48.874Z</time>
    <name>Point 378</name>
  </wpt>
  <wpt lat="1.356889" lon="103.737084">
    <time>2024-01-01T00:06:49.800Z</time>
    <name>Point 379</name>
  </wpt>
  <wpt lat="1.357067" lon="103.737217">
    <time>2024-01-01T00:06:50.884Z</time>
    <name>Point 380</name>
  </wpt>
  <wpt lat="1.357245" lon="103.737350">
    <time>2024-01-01T00:06:51.969Z</time>
    <name>Point 381</name>
  </wpt>
  <wpt lat="1.357423" lon="103.737483">
    <time>2024-01-01T00:06:53.053Z</time>
    <name>Point 382</name>
  </wpt>
  <wpt lat="1.357601" lon="103.737616">
    <time>2024-01-01T00:06:54.138Z</time>
    <name>Point 383</name>
  </wpt>
  <wpt lat="1.357779" lon="103.737749">
    <time>2024-01-01T00:06:55.223Z</time>
    <name>Point 384</name>
  </wpt>
  <wpt lat="1.357929" lon="103.738146">
    <time>2024-01-01T00:06:57.294Z</time>
    <name>Point 385</name>
  </wpt>
  <wpt lat="1.357783" lon="103.738300">
    <time>2024-01-01T00:06:58.330Z</time>
    <name>Point 386</name>
  </wpt>
  <wpt lat="1.357637" lon="103.738455">
    <time>2024-01-01T00:06:59.367Z</time>
    <name>Point 387</name>
  </wpt>
  <wpt lat="1.357492" lon="103.738609">
    <time>2024-01-01T00:07:00.403Z</time>
    <name>Point 388</name>
  </wpt>
  <wpt lat="1.357346" lon="103.738764">
    <time>2024-01-01T00:07:01.440Z</time>
    <name>Point 389</name>
  </wpt>
  <wpt lat="1.357200" lon="103.738918">
    <time>2024-01-01T00:07:02.477Z</time>
    <name>Point 390</name>
  </wpt>
  <wpt lat="1.357049" lon="103.739083">
    <time>2024-01-01T00:07:03.570Z</time>
    <name>Point 391</name>
  </wpt>
  <wpt lat="1.356897" lon="103.739249">
    <time>2024-01-01T00:07:04.663Z</time>
    <name>Point 392</name>
  </wpt>
  <wpt lat="1.356746" lon="103.739414">
    <time>2024-01-01T00:07:05.757Z</time>
    <name>Point 393</name>
  </wpt>
  <wpt lat="1.356595" lon="103.739579">
    <time>2024-01-01T00:07:06.850Z</time>
    <name>Point 394</name>
  </wpt>
  <wpt lat="1.356444" lon="103.739744">
    <time>2024-01-01T00:07:07.944Z</time>
    <name>Point 395</name>
  </wpt>
  <wpt lat="1.356292" lon="103.739909">
    <time>2024-01-01T00:07:09.037Z</time>
    <name>Point 396</name>
  </wpt>
  <wpt lat="1.356141" lon="103.740075">
    <time>2024-01-01T00:07:10.131Z</time>
    <name>Point 397</name>
  </wpt>
  <wpt lat="1.355990" lon="103.740240">
    <time>2024-01-01T00:07:11.224Z</time>
    <name>Point 398</name>
  </wpt>
  <wpt lat="1.355839" lon="103.740405">
    <time>2024-01-01T00:07:12.318Z</time>
    <name>Point 399</name>
  </wpt>
  <wpt lat="1.355687" lon="103.740570">
    <time>2024-01-01T00:07:13.411Z</time>
    <name>Point 400</name>
  </wpt>
  <wpt lat="1.355536" lon="103.740736">
    <time>2024-01-01T00:07:14.504Z</time>
    <name>Point 401</name>
  </wpt>
  <wpt lat="1.355385" lon="103.740901">
    <time>2024-01-01T00:07:15.598Z</time>
    <name>Point 402</name>
  </wpt>
  <wpt lat="1.355234" lon="103.741066">
    <time>2024-01-01T00:07:16.691Z</time>
    <name>Point 403</name>
  </wpt>
  <wpt lat="1.355082" lon="103.741231">
    <time>2024-01-01T00:07:17.785Z</time>
    <name>Point 404</name>
  </wpt>
  <wpt lat="1.354931" lon="103.741397">
    <time>2024-01-01T00:07:18.878Z</time>
    <name>Point 405</name>
  </wpt>
  <wpt lat="1.354780" lon="103.741562">
    <time>2024-01-01T00:07:19.972Z</time>
    <name>Point 406</name>
  </wpt>
  <wpt lat="1.354629" lon="103.741727">
    <time>2024-01-01T00:07:21.065Z</time>
    <name>Point 407</name>
  </wpt>
  <wpt lat="1.354478" lon="103.741892">
    <time>2024-01-01T00:07:22.159Z</time>
    <name>Point 408</name>
  </wpt>
  <wpt lat="1.354326" lon="103.742058">
    <time>2024-01-01T00:07:23.252Z</time>
    <name>Point 409</name>
  </wpt>
  <wpt lat="1.354175" lon="103.742223">
    <time>2024-01-01T00:07:24.346Z</time>
    <name>Point 410</name>
  </wpt>
  <wpt lat="1.354032" lon="103.742373">
    <time>2024-01-01T00:07:25.357Z</time>
    <name>Point 411</name>
  </wpt>
  <wpt lat="1.353889" lon="103.742523">
    <time>2024-01-01T00:07:26.368Z</time>
    <name>Point 412</name>
  </wpt>
  <wpt lat="1.353746" lon="103.742673">
    <time>2024-01-01T00:07:27.380Z</time>
    <name>Point 413</name>
  </wpt>
  <wpt lat="1.353667" lon="103.742823">
    <time>2024-01-01T00:07:28.208Z</time>
    <name>Point 414</name>
  </wpt>
  <wpt lat="1.353589" lon="103.742974">
    <time>2024-01-01T00:07:29.036Z</time>
    <name>Point 415</name>
  </wpt>
  <wpt lat="1.353510" lon="103.743124">
    <time>2024-01-01T00:07:29.865Z</time>
    <name>Point 416</name>
  </wpt>
  <wpt lat="1.353474" lon="103.743310">
    <time>2024-01-01T00:07:30.789Z</time>
    <name>Point 417</name>
  </wpt>
  <wpt lat="1.353439" lon="103.743496">
    <time>2024-01-01T00:07:31.713Z</time>
    <name>Point 418</name>
  </wpt>
  <wpt lat="1.353403" lon="103.743682">
    <time>2024-01-01T00:07:32.637Z</time>
    <name>Point 419</name>
  </wpt>
  <wpt lat="1.353439" lon="103.743861">
    <time>2024-01-01T00:07:33.526Z</time>
    <name>Point 420</name>
  </wpt>
  <wpt lat="1.353474" lon="103.744039">
    <time>2024-01-01T00:07:34.415Z</time>
    <name>Point 421</name>
  </wpt>
  <wpt lat="1.353510" lon="103.744218">
    <time>2024-01-01T00:07:35.305Z</time>
    <name>Point 422</name>
  </wpt>
  <wpt lat="1.353503" lon="103.744397">
    <time>2024-01-01T00:07:36.179Z</time>
    <name>Point 423</name>
  </wpt>
  <wpt lat="1.353495" lon="103.744576">
    <time>2024-01-01T00:07:37.053Z</time>
    <name>Point 424</name>
  </wpt>
  <wpt lat="1.353488" lon="103.744755">
    <time>2024-01-01T00:07:37.928Z</time>
    <name>Point 425</name>
  </wpt>
  <wpt lat="1.353252" lon="103.745055">
    <time>2024-01-01T00:07:39.791Z</time>
    <name>Point 426</name>
  </wpt>
  <wpt lat="1.352888" lon="103.745205">
    <time>2024-01-01T00:07:41.713Z</time>
    <name>Point 427</name>
  </wpt>
  <wpt lat="1.352738" lon="103.745219">
    <time>2024-01-01T00:07:42.450Z</time>
    <name>Point 428</name>
  </wpt>
  <wpt lat="1.352587" lon="103.745234">
    <time>2024-01-01T00:07:43.187Z</time>
    <name>Point 429</name>
  </wpt>
  <wpt lat="1.352437" lon="103.745248">
    <time>2024-01-01T00:07:43.924Z</time>
    <name>Point 430</name>
  </wpt>
  <wpt lat="1.352158" lon="103.745463">
    <time>2024-01-01T00:07:45.644Z</time>
    <name>Point 431</name>
  </wpt>
  <wpt lat="1.352201" lon="103.745673">
    <time>2024-01-01T00:07:46.691Z</time>
    <name>Point 432</name>
  </wpt>
  <wpt lat="1.352244" lon="103.745883">
    <time>2024-01-01T00:07:47.738Z</time>
    <name>Point 433</name>
  </wpt>
  <wpt lat="1.352287" lon="103.746094">
    <time>2024-01-01T00:07:48.785Z</time>
    <name>Point 434</name>
  </wpt>
  <wpt lat="1.352330" lon="103.746304">
    <time>2024-01-01T00:07:49.832Z</time>
    <name>Point 435</name>
  </wpt>
  <wpt lat="1.352373" lon="103.746514">
    <time>2024-01-01T00:07:50.879Z</time>
    <name>Point 436</name>
  </wpt>
  <wpt lat="1.352386" lon="103.746694">
    <time>2024-01-01T00:07:51.761Z</time>
    <name>Point 437</name>
  </wpt>
  <wpt lat="1.352399" lon="103.746875">
    <time>2024-01-01T00:07:52.644Z</time>
    <name>Point 438</name>
  </wpt>
  <wpt lat="1.352411" lon="103.747055">
    <time>2024-01-01T00:07:53.526Z</time>
    <name>Point 439</name>
  </wpt>
  <wpt lat="1.352424" lon="103.747236">
    <time>2024-01-01T00:07:54.409Z</time>
    <name>Point 440</name>
  </wpt>
  <wpt lat="1.352437" lon="103.747416">
    <time>2024-01-01T00:07:55.292Z</time>
    <name>Point 441</name>
  </wpt>
  <wpt lat="1.352437" lon="103.747600">
    <time>2024-01-01T00:07:56.190Z</time>
    <name>Point 442</name>
  </wpt>
  <wpt lat="1.352437" lon="103.747784">
    <time>2024-01-01T00:07:57.088Z</time>
    <name>Point 443</name>
  </wpt>
  <wpt lat="1.352437" lon="103.747968">
    <time>2024-01-01T00:07:57.986Z</time>
    <name>Point 444</name>
  </wpt>
  <wpt lat="1.352416" lon="103.748322">
    <time>2024-01-01T00:07:59.717Z</time>
    <name>Point 445</name>
  </wpt>
  <wpt lat="1.352582" lon="103.748333">
    <time>2024-01-01T00:08:00.529Z</time>
    <name>Point 446</name>
  </wpt>
  <wpt lat="1.352931" lon="103.748306">
    <time>2024-01-01T00:08:02.238Z</time>
    <name>Point 447</name>
  </wpt>
  <wpt lat="1.353269" lon="103.748215">
    <time>2024-01-01T00:08:03.947Z</time>
    <name>Point 448</name>
  </wpt>
  <wpt lat="1.353564" lon="103.748081">
    <time>2024-01-01T00:08:05.528Z</time>
    <name>Point 449</name>
  </wpt>
  <wpt lat="1.353864" lon="103.747877">
    <time>2024-01-01T00:08:07.299Z</time>
    <name>Point 450</name>
  </wpt>
  <wpt lat="1.354164" lon="103.747662">
    <time>2024-01-01T00:08:09.101Z</time>
    <name>Point 451</name>
  </wpt>
  <wpt lat="1.354470" lon="103.747550">
    <time>2024-01-01T00:08:10.692Z</time>
    <name>Point 452</name>
  </wpt>
  <wpt lat="1.354658" lon="103.747486">
    <time>2024-01-01T00:08:11.660Z</time>
    <name>Point 453</name>
  </wpt>
  <wpt lat="1.354845" lon="103.747421">
    <time>2024-01-01T00:08:12.628Z</time>
    <name>Point 454</name>
  </wpt>
  <wpt lat="1.355033" lon="103.747357">
    <time>2024-01-01T00:08:13.597Z</time>
    <name>Point 455</name>
  </wpt>
  <wpt lat="1.355189" lon="103.747343">
    <time>2024-01-01T00:08:14.360Z</time>
    <name>Point 456</name>
  </wpt>
  <wpt lat="1.355344" lon="103.747328">
    <time>2024-01-01T00:08:15.123Z</time>
    <name>Point 457</name>
  </wpt>
  <wpt lat="1.355500" lon="103.747314">
    <time>2024-01-01T00:08:15.886Z</time>
    <name>Point 458</name>
  </wpt>
  <wpt lat="1.355696" lon="103.747303">
    <time>2024-01-01T00:08:16.843Z</time>
    <name>Point 459</name>
  </wpt>
  <wpt lat="1.355891" lon="103.747293">
    <time>2024-01-01T00:08:17.800Z</time>
    <name>Point 460</name>
  </wpt>
  <wpt lat="1.356087" lon="103.747282">
    <time>2024-01-01T00:08:18.757Z</time>
    <name>Point 461</name>
  </wpt>
  <wpt lat="1.356283" lon="103.747271">
    <time>2024-01-01T00:08:19.715Z</time>
    <name>Point 462</name>
  </wpt>
  <wpt lat="1.356395" lon="103.747244">
    <time>2024-01-01T00:08:20.277Z</time>
    <name>Point 463</name>
  </wpt>
  <wpt lat="1.356384" lon="103.747019">
    <time>2024-01-01T00:08:21.376Z</time>
    <name>Point 464</name>
  </wpt>
  <wpt lat="1.356381" lon="103.746813">
    <time>2024-01-01T00:08:22.379Z</time>
    <name>Point 465</name>
  </wpt>
  <wpt lat="1.356379" lon="103.746608">
    <time>2024-01-01T00:08:23.383Z</time>
    <name>Point 466</name>
  </wpt>
  <wpt lat="1.356376" lon="103.746402">
    <time>2024-01-01T00:08:24.387Z</time>
    <name>Point 467</name>
  </wpt>
  <wpt lat="1.356373" lon="103.746196">
    <time>2024-01-01T00:08:25.391Z</time>
    <name>Point 468</name>
  </wpt>
  <wpt lat="1.356371" lon="103.745991">
    <time>2024-01-01T00:08:26.395Z</time>
    <name>Point 469</name>
  </wpt>
  <wpt lat="1.356368" lon="103.745785">
    <time>2024-01-01T00:08:27.399Z</time>
    <name>Point 470</name>
  </wpt>
  <wpt lat="1.356422" lon="103.745382">
    <time>2024-01-01T00:08:29.384Z</time>
    <name>Point 471</name>
  </wpt>
  <wpt lat="1.356540" lon="103.744980">
    <time>2024-01-01T00:08:31.428Z</time>
    <name>Point 472</name>
  </wpt>
  <wpt lat="1.356690" lon="103.744690">
    <time>2024-01-01T00:08:33.022Z</time>
    <name>Point 473</name>
  </wpt>
  <wpt lat="1.356808" lon="103.744497">
    <time>2024-01-01T00:08:34.126Z</time>
    <name>Point 474</name>
  </wpt>
  <wpt lat="1.356910" lon="103.744374">
    <time>2024-01-01T00:08:34.906Z</time>
    <name>Point 475</name>
  </wpt>
  <wpt lat="1.357055" lon="103.744165">
    <time>2024-01-01T00:08:36.147Z</time>
    <name>Point 476</name>
  </wpt>
  <wpt lat="1.357191" lon="103.743990">
    <time>2024-01-01T00:08:37.227Z</time>
    <name>Point 477</name>
  </wpt>
  <wpt lat="1.357327" lon="103.743816">
    <time>2024-01-01T00:08:38.307Z</time>
    <name>Point 478</name>
  </wpt>
  <wpt lat="1.357463" lon="103.743641">
    <time>2024-01-01T00:08:39.388Z</time>
    <name>Point 479</name>
  </wpt>
  <wpt lat="1.357599" lon="103.743466">
    <time>2024-01-01T00:08:40.468Z</time>
    <name>Point 480</name>
  </wpt>
  <wpt lat="1.357735" lon="103.743292">
    <time>2024-01-01T00:08:41.548Z</time>
    <name>Point 481</name>
  </wpt>
  <wpt lat="1.357871" lon="103.743117">
    <time>2024-01-01T00:08:42.629Z</time>
    <name>Point 482</name>
  </wpt>
  <wpt lat="1.358007" lon="103.742943">
    <time>2024-01-01T00:08:43.709Z</time>
    <name>Point 483</name>
  </wpt>
  <wpt lat="1.358143" lon="103.742768">
    <time>2024-01-01T00:08:44.789Z</time>
    <name>Point 484</name>
  </wpt>
  <wpt lat="1.358279" lon="103.742593">
    <time>2024-01-01T00:08:45.870Z</time>
    <name>Point 485</name>
  </wpt>
  <wpt lat="1.358415" lon="103.742419">
    <time>2024-01-01T00:08:46.950Z</time>
    <name>Point 486</name>
  </wpt>
  <wpt lat="1.358551" lon="103.742244">
    <time>2024-01-01T00:08:48.031Z</time>
    <name>Point 487</name>
  </wpt>
  <wpt lat="1.358689" lon="103.742071">
    <time>2024-01-01T00:08:49.111Z</time>
    <name>Point 488</name>
  </wpt>
  <wpt lat="1.358827" lon="103.741898">
    <time>2024-01-01T00:08:50.191Z</time>
    <name>Point 489</name>
  </wpt>
  <wpt lat="1.358966" lon="103.741726">
    <time>2024-01-01T00:08:51.271Z</time>
    <name>Point 490</name>
  </wpt>
  <wpt lat="1.359104" lon="103.741553">
    <time>2024-01-01T00:08:52.351Z</time>
    <name>Point 491</name>
  </wpt>
  <wpt lat="1.359242" lon="103.741380">
    <time>2024-01-01T00:08:53.431Z</time>
    <name>Point 492</name>
  </wpt>
  <wpt lat="1.359380" lon="103.741207">
    <time>2024-01-01T00:08:54.511Z</time>
    <name>Point 493</name>
  </wpt>
  <wpt lat="1.359519" lon="103.741035">
    <time>2024-01-01T00:08:55.591Z</time>
    <name>Point 494</name>
  </wpt>
  <wpt lat="1.359657" lon="103.740862">
    <time>2024-01-01T00:08:56.671Z</time>
    <name>Point 495</name>
  </wpt>
  <wpt lat="1.359795" lon="103.740689">
    <time>2024-01-01T00:08:57.751Z</time>
    <name>Point 496</name>
  </wpt>
  <wpt lat="1.359922" lon="103.740539">
    <time>2024-01-01T00:08:58.711Z</time>
    <name>Point 497</name>
  </wpt>
  <wpt lat="1.360049" lon="103.740388">
    <time>2024-01-01T00:08:59.672Z</time>
    <name>Point 498</name>
  </wpt>
  <wpt lat="1.360176" lon="103.740238">
    <time>2024-01-01T00:09:00.633Z</time>
    <name>Point 499</name>
  </wpt>
  <wpt lat="1.360289" lon="103.740136">
    <time>2024-01-01T00:09:01.376Z</time>
    <name>Point 500</name>
  </wpt>
  <wpt lat="1.360417" lon="103.740147">
    <time>2024-01-01T00:09:02.003Z</time>
    <name>Point 501</name>
  </wpt>
  <wpt lat="1.360581" lon="103.740298">
    <time>2024-01-01T00:09:03.091Z</time>
    <name>Point 502</name>
  </wpt>
  <wpt lat="1.360745" lon="103.740450">
    <time>2024-01-01T00:09:04.180Z</time>
    <name>Point 503</name>
  </wpt>
  <wpt lat="1.360908" lon="103.740601">
    <time>2024-01-01T00:09:05.269Z</time>
    <name>Point 504</name>
  </wpt>
  <wpt lat="1.361072" lon="103.740753">
    <time>2024-01-01T00:09:06.358Z</time>
    <name>Point 505</name>
  </wpt>
  <wpt lat="1.361239" lon="103.740888">
    <time>2024-01-01T00:09:07.409Z</time>
    <name>Point 506</name>
  </wpt>
  <wpt lat="1.361407" lon="103.741024">
    <time>2024-01-01T00:09:08.461Z</time>
    <name>Point 507</name>
  </wpt>
  <wpt lat="1.361575" lon="103.741159">
    <time>2024-01-01T00:09:09.512Z</time>
    <name>Point 508</name>
  </wpt>
  <wpt lat="1.361742" lon="103.741295">
    <time>2024-01-01T00:09:10.564Z</time>
    <name>Point 509</name>
  </wpt>
  <wpt lat="1.361909" lon="103.741431">
    <time>2024-01-01T00:09:11.616Z</time>
    <name>Point 510</name>
  </wpt>
  <wpt lat="1.362077" lon="103.741566">
    <time>2024-01-01T00:09:12.667Z</time>
    <name>Point 511</name>
  </wpt>
  <wpt lat="1.362245" lon="103.741702">
    <time>2024-01-01T00:09:13.719Z</time>
    <name>Point 512</name>
  </wpt>
  <wpt lat="1.362412" lon="103.741837">
    <time>2024-01-01T00:09:14.771Z</time>
    <name>Point 513</name>
  </wpt>
  <wpt lat="1.362577" lon="103.741966">
    <time>2024-01-01T00:09:15.791Z</time>
    <name>Point 514</name>
  </wpt>
  <wpt lat="1.362741" lon="103.742094">
    <time>2024-01-01T00:09:16.811Z</time>
    <name>Point 515</name>
  </wpt>
  <wpt lat="1.362906" lon="103.742223">
    <time>2024-01-01T00:09:17.832Z</time>
    <name>Point 516</name>
  </wpt>
  <wpt lat="1.363081" lon="103.742362">
    <time>2024-01-01T00:09:18.923Z</time>
    <name>Point 517</name>
  </wpt>
  <wpt lat="1.363256" lon="103.742502">
    <time>2024-01-01T00:09:20.015Z</time>
    <name>Point 518</name>
  </wpt>
  <wpt lat="1.363431" lon="103.742641">
    <time>2024-01-01T00:09:21.107Z</time>
    <name>Point 519</name>
  </wpt>
  <wpt lat="1.363606" lon="103.742781">
    <time>2024-01-01T00:09:22.199Z</time>
    <name>Point 520</name>
  </wpt>
  <wpt lat="1.363781" lon="103.742920">
    <time>2024-01-01T00:09:23.291Z</time>
    <name>Point 521</name>
  </wpt>
  <wpt lat="1.363956" lon="103.743060">
    <time>2024-01-01T00:09:24.383Z</time>
    <name>Point 522</name>
  </wpt>
  <wpt lat="1.364130" lon="103.743199">
    <time>2024-01-01T00:09:25.475Z</time>
    <name>Point 523</name>
  </wpt>
  <wpt lat="1.364305" lon="103.743339">
    <time>2024-01-01T00:09:26.567Z</time>
    <name>Point 524</name>
  </wpt>
  <wpt lat="1.364480" lon="103.743478">
    <time>2024-01-01T00:09:27.659Z</time>
    <name>Point 525</name>
  </wpt>
  <wpt lat="1.364655" lon="103.743618">
    <time>2024-01-01T00:09:28.751Z</time>
    <name>Point 526</name>
  </wpt>
  <wpt lat="1.364830" lon="103.743757">
    <time>2024-01-01T00:09:29.843Z</time>
    <name>Point 527</name>
  </wpt>
  <wpt lat="1.365005" lon="103.743897">
    <time>2024-01-01T00:09:30.935Z</time>
    <name>Point 528</name>
  </wpt>
  <wpt lat="1.365180" lon="103.744036">
    <time>2024-01-01T00:09:32.027Z</time>
    <name>Point 529</name>
  </wpt>
  <wpt lat="1.365322" lon="103.744170">
    <time>2024-01-01T00:09:32.980Z</time>
    <name>Point 530</name>
  </wpt>
  <wpt lat="1.365464" lon="103.744304">
    <time>2024-01-01T00:09:33.933Z</time>
    <name>Point 531</name>
  </wpt>
  <wpt lat="1.365606" lon="103.744438">
    <time>2024-01-01T00:09:34.886Z</time>
    <name>Point 532</name>
  </wpt>
  <wpt lat="1.365748" lon="103.744572">
    <time>2024-01-01T00:09:35.839Z</time>
    <name>Point 533</name>
  </wpt>
  <wpt lat="1.365888" lon="103.744738">
    <time>2024-01-01T00:09:36.898Z</time>
    <name>Point 534</name>
  </wpt>
  <wpt lat="1.366028" lon="103.744903">
    <time>2024-01-01T00:09:37.957Z</time>
    <name>Point 535</name>
  </wpt>
  <wpt lat="1.366169" lon="103.745069">
    <time>2024-01-01T00:09:39.016Z</time>
    <name>Point 536</name>
  </wpt>
  <wpt lat="1.366309" lon="103.745234">
    <time>2024-01-01T00:09:40.075Z</time>
    <name>Point 537</name>
  </wpt>
  <wpt lat="1.366449" lon="103.745400">
    <time>2024-01-01T00:09:41.134Z</time>
    <name>Point 538</name>
  </wpt>
  <wpt lat="1.366589" lon="103.745565">
    <time>2024-01-01T00:09:42.193Z</time>
    <name>Point 539</name>
  </wpt>
  <wpt lat="1.366729" lon="103.745731">
    <time>2024-01-01T00:09:43.252Z</time>
    <name>Point 540</name>
  </wpt>
  <wpt lat="1.366870" lon="103.745897">
    <time>2024-01-01T00:09:44.311Z</time>
    <name>Point 541</name>
  </wpt>
  <wpt lat="1.367010" lon="103.746062">
    <time>2024-01-01T00:09:45.370Z</time>
    <name>Point 542</name>
  </wpt>
  <wpt lat="1.367150" lon="103.746228">
    <time>2024-01-01T00:09:46.429Z</time>
    <name>Point 543</name>
  </wpt>
  <wpt lat="1.367290" lon="103.746393">
    <time>2024-01-01T00:09:47.488Z</time>
    <name>Point 544</name>
  </wpt>
  <wpt lat="1.367431" lon="103.746559">
    <time>2024-01-01T00:09:48.547Z</time>
    <name>Point 545</name>
  </wpt>
  <wpt lat="1.367571" lon="103.746724">
    <time>2024-01-01T00:09:49.606Z</time>
    <name>Point 546</name>
  </wpt>
  <wpt lat="1.367711" lon="103.746890">
    <time>2024-01-01T00:09:50.665Z</time>
    <name>Point 547</name>
  </wpt>
  <wpt lat="1.367847" lon="103.747052">
    <time>2024-01-01T00:09:51.700Z</time>
    <name>Point 548</name>
  </wpt>
  <wpt lat="1.367984" lon="103.747215">
    <time>2024-01-01T00:09:52.735Z</time>
    <name>Point 549</name>
  </wpt>
  <wpt lat="1.368120" lon="103.747377">
    <time>2024-01-01T00:09:53.770Z</time>
    <name>Point 550</name>
  </wpt>
  <wpt lat="1.368256" lon="103.747540">
    <time>2024-01-01T00:09:54.805Z</time>
    <name>Point 551</name>
  </wpt>
  <wpt lat="1.368392" lon="103.747702">
    <time>2024-01-01T00:09:55.840Z</time>
    <name>Point 552</name>
  </wpt>
  <wpt lat="1.368529" lon="103.747865">
    <time>2024-01-01T00:09:56.875Z</time>
    <name>Point 553</name>
  </wpt>
  <wpt lat="1.368665" lon="103.748027">
    <time>2024-01-01T00:09:57.910Z</time>
    <name>Point 554</name>
  </wpt>
  <wpt lat="1.368848" lon="103.748188">
    <time>2024-01-01T00:09:59.099Z</time>
    <name>Point 555</name>
  </wpt>
  <wpt lat="1.369084" lon="103.748199">
    <time>2024-01-01T00:10:00.253Z</time>
    <name>Point 556</name>
  </wpt>
  <wpt lat="1.369298" lon="103.748167">
    <time>2024-01-01T00:10:01.309Z</time>
    <name>Point 557</name>
  </wpt>
  <wpt lat="1.369545" lon="103.747877">
    <time>2024-01-01T00:10:03.168Z</time>
    <name>Point 558</name>
  </wpt>
  <wpt lat="1.369685" lon="103.747719">
    <time>2024-01-01T00:10:04.199Z</time>
    <name>Point 559</name>
  </wpt>
  <wpt lat="1.369825" lon="103.747561">
    <time>2024-01-01T00:10:05.230Z</time>
    <name>Point 560</name>
  </wpt>
  <wpt lat="1.369965" lon="103.747402">
    <time>2024-01-01T00:10:06.261Z</time>
    <name>Point 561</name>
  </wpt>
  <wpt lat="1.370105" lon="103.747244">
    <time>2024-01-01T00:10:07.292Z</time>
    <name>Point 562</name>
  </wpt>
  <wpt lat="1.370245" lon="103.747086">
    <time>2024-01-01T00:10:08.323Z</time>
    <name>Point 563</name>
  </wpt>
  <wpt lat="1.370385" lon="103.746927">
    <time>2024-01-01T00:10:09.354Z</time>
    <name>Point 564</name>
  </wpt>
  <wpt lat="1.370524" lon="103.746769">
    <time>2024-01-01T00:10:10.385Z</time>
    <name>Point 565</name>
  </wpt>
  <wpt lat="1.370664" lon="103.746611">
    <time>2024-01-01T00:10:11.416Z</time>
    <name>Point 566</name>
  </wpt>
  <wpt lat="1.370804" lon="103.746453">
    <time>2024-01-01T00:10:12.447Z</time>
    <name>Point 567</name>
  </wpt>
  <wpt lat="1.370944" lon="103.746294">
    <time>2024-01-01T00:10:13.478Z</time>
    <name>Point 568</name>
  </wpt>
  <wpt lat="1.371084" lon="103.746136">
    <time>2024-01-01T00:10:14.509Z</time>
    <name>Point 569</name>
  </wpt>
  <wpt lat="1.371224" lon="103.745978">
    <time>2024-01-01T00:10:15.540Z</time>
    <name>Point 570</name>
  </wpt>
  <wpt lat="1.371326" lon="103.745853">
    <time>2024-01-01T00:10:16.328Z</time>
    <name>Point 571</name>
  </wpt>
  <wpt lat="1.371427" lon="103.745727">
    <time>2024-01-01T00:10:17.116Z</time>
    <name>Point 572</name>
  </wpt>
  <wpt lat="1.371529" lon="103.745602">
    <time>2024-01-01T00:10:17.904Z</time>
    <name>Point 573</name>
  </wpt>
  <wpt lat="1.371685" lon="103.745431">
    <time>2024-01-01T00:10:19.033Z</time>
    <name>Point 574</name>
  </wpt>
  <wpt lat="1.371808" lon="103.745109">
    <time>2024-01-01T00:10:20.716Z</time>
    <name>Point 575</name>
  </wpt>
  <wpt lat="1.371889" lon="103.744733">
    <time>2024-01-01T00:10:22.593Z</time>
    <name>Point 576</name>
  </wpt>
  <wpt lat="1.371958" lon="103.744320">
    <time>2024-01-01T00:10:24.636Z</time>
    <name>Point 577</name>
  </wpt>
  <wpt lat="1.372002" lon="103.744110">
    <time>2024-01-01T00:10:25.681Z</time>
    <name>Point 578</name>
  </wpt>
  <wpt lat="1.372046" lon="103.743901">
    <time>2024-01-01T00:10:26.727Z</time>
    <name>Point 579</name>
  </wpt>
  <wpt lat="1.372090" lon="103.743691">
    <time>2024-01-01T00:10:27.773Z</time>
    <name>Point 580</name>
  </wpt>
  <wpt lat="1.372134" lon="103.743481">
    <time>2024-01-01T00:10:28.818Z</time>
    <name>Point 581</name>
  </wpt>
  <wpt lat="1.372178" lon="103.743271">
    <time>2024-01-01T00:10:29.864Z</time>
    <name>Point 582</name>
  </wpt>
  <wpt lat="1.372222" lon="103.743062">
    <time>2024-01-01T00:10:30.910Z</time>
    <name>Point 583</name>
  </wpt>
  <wpt lat="1.372266" lon="103.742852">
    <time>2024-01-01T00:10:31.955Z</time>
    <name>Point 584</name>
  </wpt>
  <wpt lat="1.372310" lon="103.742642">
    <time>2024-01-01T00:10:33.001Z</time>
    <name>Point 585</name>
  </wpt>
  <wpt lat="1.372354" lon="103.742433">
    <time>2024-01-01T00:10:34.047Z</time>
    <name>Point 586</name>
  </wpt>
  <wpt lat="1.372398" lon="103.742223">
    <time>2024-01-01T00:10:35.093Z</time>
    <name>Point 587</name>
  </wpt>
  <wpt lat="1.372440" lon="103.742044">
    <time>2024-01-01T00:10:35.987Z</time>
    <name>Point 588</name>
  </wpt>
  <wpt lat="1.372481" lon="103.741866">
    <time>2024-01-01T00:10:36.882Z</time>
    <name>Point 589</name>
  </wpt>
  <wpt lat="1.372522" lon="103.741687">
    <time>2024-01-01T00:10:37.776Z</time>
    <name>Point 590</name>
  </wpt>
  <wpt lat="1.372564" lon="103.741509">
    <time>2024-01-01T00:10:38.671Z</time>
    <name>Point 591</name>
  </wpt>
  <wpt lat="1.372625" lon="103.741315">
    <time>2024-01-01T00:10:39.662Z</time>
    <name>Point 592</name>
  </wpt>
  <wpt lat="1.372685" lon="103.741121">
    <time>2024-01-01T00:10:40.653Z</time>
    <name>Point 593</name>
  </wpt>
  <wpt lat="1.372746" lon="103.740927">
    <time>2024-01-01T00:10:41.644Z</time>
    <name>Point 594</name>
  </wpt>
  <wpt lat="1.372806" lon="103.740734">
    <time>2024-01-01T00:10:42.635Z</time>
    <name>Point 595</name>
  </wpt>
  <wpt lat="1.372867" lon="103.740540">
    <time>2024-01-01T00:10:43.626Z</time>
    <name>Point 596</name>
  </wpt>
  <wpt lat="1.372927" lon="103.740346">
    <time>2024-01-01T00:10:44.617Z</time>
    <name>Point 597</name>
  </wpt>
  <wpt lat="1.372988" lon="103.740152">
    <time>2024-01-01T00:10:45.609Z</time>
    <name>Point 598</name>
  </wpt>
  <wpt lat="1.373060" lon="103.739972">
    <time>2024-01-01T00:10:46.555Z</time>
    <name>Point 599</name>
  </wpt>
  <wpt lat="1.373132" lon="103.739792">
    <time>2024-01-01T00:10:47.502Z</time>
    <name>Point 600</name>
  </wpt>
  <wpt lat="1.373204" lon="103.739612">
    <time>2024-01-01T00:10:48.449Z</time>
    <name>Point 601</name>
  </wpt>
  <wpt lat="1.373276" lon="103.739431">
    <time>2024-01-01T00:10:49.396Z</time>
    <name>Point 602</name>
  </wpt>
  <wpt lat="1.373348" lon="103.739251">
    <time>2024-01-01T00:10:50.343Z</time>
    <name>Point 603</name>
  </wpt>
  <wpt lat="1.373420" lon="103.739071">
    <time>2024-01-01T00:10:51.290Z</time>
    <name>Point 604</name>
  </wpt>
  <wpt lat="1.373492" lon="103.738891">
    <time>2024-01-01T00:10:52.237Z</time>
    <name>Point 605</name>
  </wpt>
  <wpt lat="1.373592" lon="103.738714">
    <time>2024-01-01T00:10:53.229Z</time>
    <name>Point 606</name>
  </wpt>
  <wpt lat="1.373692" lon="103.738537">
    <time>2024-01-01T00:10:54.221Z</time>
    <name>Point 607</name>
  </wpt>
  <wpt lat="1.373792" lon="103.738360">
    <time>2024-01-01T00:10:55.214Z</time>
    <name>Point 608</name>
  </wpt>
  <wpt lat="1.373888" lon="103.738198">
    <time>2024-01-01T00:10:56.135Z</time>
    <name>Point 609</name>
  </wpt>
  <wpt lat="1.373985" lon="103.738035">
    <time>2024-01-01T00:10:57.056Z</time>
    <name>Point 610</name>
  </wpt>
  <wpt lat="1.374081" lon="103.737873">
    <time>2024-01-01T00:10:57.977Z</time>
    <name>Point 611</name>
  </wpt>
  <wpt lat="1.374178" lon="103.737711">
    <time>2024-01-01T00:10:58.899Z</time>
    <name>Point 612</name>
  </wpt>
  <wpt lat="1.374302" lon="103.737546">
    <time>2024-01-01T00:10:59.905Z</time>
    <name>Point 613</name>
  </wpt>
  <wpt lat="1.374426" lon="103.737382">
    <time>2024-01-01T00:11:00.912Z</time>
    <name>Point 614</name>
  </wpt>
  <wpt lat="1.374550" lon="103.737217">
    <time>2024-01-01T00:11:01.919Z</time>
    <name>Point 615</name>
  </wpt>
  <wpt lat="1.374675" lon="103.737052">
    <time>2024-01-01T00:11:02.925Z</time>
    <name>Point 616</name>
  </wpt>
  <wpt lat="1.374799" lon="103.736887">
    <time>2024-01-01T00:11:03.932Z</time>
    <name>Point 617</name>
  </wpt>
  <wpt lat="1.374923" lon="103.736723">
    <time>2024-01-01T00:11:04.939Z</time>
    <name>Point 618</name>
  </wpt>
  <wpt lat="1.375047" lon="103.736558">
    <time>2024-01-01T00:11:05.946Z</time>
    <name>Point 619</name>
  </wpt>
  <wpt lat="1.375171" lon="103.736396">
    <time>2024-01-01T00:11:06.943Z</time>
    <name>Point 620</name>
  </wpt>
  <wpt lat="1.375296" lon="103.736234">
    <time>2024-01-01T00:11:07.940Z</time>
    <name>Point 621</name>
  </wpt>
  <wpt lat="1.375420" lon="103.736072">
    <time>2024-01-01T00:11:08.937Z</time>
    <name>Point 622</name>
  </wpt>
  <wpt lat="1.375545" lon="103.735910">
    <time>2024-01-01T00:11:09.934Z</time>
    <name>Point 623</name>
  </wpt>
  <wpt lat="1.375669" lon="103.735748">
    <time>2024-01-01T00:11:10.931Z</time>
    <name>Point 624</name>
  </wpt>
  <wpt lat="1.375932" lon="103.735426">
    <time>2024-01-01T00:11:12.960Z</time>
    <name>Point 625</name>
  </wpt>
  <wpt lat="1.376039" lon="103.735362">
    <time>2024-01-01T00:11:13.569Z</time>
    <name>Point 626</name>
  </wpt>
  <wpt lat="1.376136" lon="103.735421">
    <time>2024-01-01T00:11:14.123Z</time>
    <name>Point 627</name>
  </wpt>
  <wpt lat="1.376313" lon="103.735678">
    <time>2024-01-01T00:11:15.646Z</time>
    <name>Point 628</name>
  </wpt>
  <wpt lat="1.376441" lon="103.735851">
    <time>2024-01-01T00:11:16.697Z</time>
    <name>Point 629</name>
  </wpt>
  <wpt lat="1.376569" lon="103.736025">
    <time>2024-01-01T00:11:17.748Z</time>
    <name>Point 630</name>
  </wpt>
  <wpt lat="1.376697" lon="103.736198">
    <time>2024-01-01T00:11:18.800Z</time>
    <name>Point 631</name>
  </wpt>
  <wpt lat="1.376825" lon="103.736371">
    <time>2024-01-01T00:11:19.851Z</time>
    <name>Point 632</name>
  </wpt>
  <wpt lat="1.376953" lon="103.736544">
    <time>2024-01-01T00:11:20.903Z</time>
    <name>Point 633</name>
  </wpt>
  <wpt lat="1.377081" lon="103.736718">
    <time>2024-01-01T00:11:21.954Z</time>
    <name>Point 634</name>
  </wpt>
  <wpt lat="1.377209" lon="103.736891">
    <time>2024-01-01T00:11:23.006Z</time>
    <name>Point 635</name>
  </wpt>
  <wpt lat="1.377310" lon="103.736966">
    <time>2024-01-01T00:11:23.620Z</time>
    <name>Point 636</name>
  </wpt>
  <wpt lat="1.377431" lon="103.737149">
    <time>2024-01-01T00:11:24.692Z</time>
    <name>Point 637</name>
  </wpt>
  <wpt lat="1.377552" lon="103.737333">
    <time>2024-01-01T00:11:25.764Z</time>
    <name>Point 638</name>
  </wpt>
  <wpt lat="1.377673" lon="103.737516">
    <time>2024-01-01T00:11:26.836Z</time>
    <name>Point 639</name>
  </wpt>
  <wpt lat="1.377794" lon="103.737699">
    <time>2024-01-01T00:11:27.908Z</time>
    <name>Point 640</name>
  </wpt>
  <wpt lat="1.377915" lon="103.737883">
    <time>2024-01-01T00:11:28.980Z</time>
    <name>Point 641</name>
  </wpt>
  <wpt lat="1.378035" lon="103.738066">
    <time>2024-01-01T00:11:30.052Z</time>
    <name>Point 642</name>
  </wpt>
  <wpt lat="1.378156" lon="103.738250">
    <time>2024-01-01T00:11:31.124Z</time>
    <name>Point 643</name>
  </wpt>
  <wpt lat="1.378277" lon="103.738433">
    <time>2024-01-01T00:11:32.196Z</time>
    <name>Point 644</name>
  </wpt>
  <wpt lat="1.378398" lon="103.738616">
    <time>2024-01-01T00:11:33.268Z</time>
    <name>Point 645</name>
  </wpt>
  <wpt lat="1.378519" lon="103.738800">
    <time>2024-01-01T00:11:34.340Z</time>
    <name>Point 646</name>
  </wpt>
  <wpt lat="1.378640" lon="103.738983">
    <time>2024-01-01T00:11:35.412Z</time>
    <name>Point 647</name>
  </wpt>
  <wpt lat="1.378715" lon="103.739187">
    <time>2024-01-01T00:11:36.473Z</time>
    <name>Point 648</name>
  </wpt>
  <wpt lat="1.378480" lon="103.739380">
    <time>2024-01-01T00:11:37.958Z</time>
    <name>Point 649</name>
  </wpt>
  <wpt lat="1.378307" lon="103.739490">
    <time>2024-01-01T00:11:38.957Z</time>
    <name>Point 650</name>
  </wpt>
  <wpt lat="1.378134" lon="103.739599">
    <time>2024-01-01T00:11:39.956Z</time>
    <name>Point 651</name>
  </wpt>
  <wpt lat="1.377961" lon="103.739709">
    <time>2024-01-01T00:11:40.956Z</time>
    <name>Point 652</name>
  </wpt>
  <wpt lat="1.377788" lon="103.739819">
    <time>2024-01-01T00:11:41.955Z</time>
    <name>Point 653</name>
  </wpt>
  <wpt lat="1.377616" lon="103.739928">
    <time>2024-01-01T00:11:42.954Z</time>
    <name>Point 654</name>
  </wpt>
  <wpt lat="1.377443" lon="103.740038">
    <time>2024-01-01T00:11:43.954Z</time>
    <name>Point 655</name>
  </wpt>
  <wpt lat="1.377270" lon="103.740148">
    <time>2024-01-01T00:11:44.953Z</time>
    <name>Point 656</name>
  </wpt>
  <wpt lat="1.377097" lon="103.740257">
    <time>2024-01-01T00:11:45.952Z</time>
    <name>Point 657</name>
  </wpt>
  <wpt lat="1.376924" lon="103.740367">
    <time>2024-01-01T00:11:46.952Z</time>
    <name>Point 658</name>
  </wpt>
  <wpt lat="1.376796" lon="103.740581">
    <time>2024-01-01T00:11:48.169Z</time>
    <name>Point 659</name>
  </wpt>
  <wpt lat="1.376725" lon="103.740759">
    <time>2024-01-01T00:11:49.107Z</time>
    <name>Point 660</name>
  </wpt>
  <wpt lat="1.376653" lon="103.740938">
    <time>2024-01-01T00:11:50.045Z</time>
    <name>Point 661</name>
  </wpt>
  <wpt lat="1.376582" lon="103.741117">
    <time>2024-01-01T00:11:50.983Z</time>
    <name>Point 662</name>
  </wpt>
  <wpt lat="1.376511" lon="103.741295">
    <time>2024-01-01T00:11:51.921Z</time>
    <name>Point 663</name>
  </wpt>
  <wpt lat="1.376448" lon="103.741495">
    <time>2024-01-01T00:11:52.943Z</time>
    <name>Point 664</name>
  </wpt>
  <wpt lat="1.376385" lon="103.741694">
    <time>2024-01-01T00:11:53.965Z</time>
    <name>Point 665</name>
  </wpt>
  <wpt lat="1.376322" lon="103.741894">
    <time>2024-01-01T00:11:54.987Z</time>
    <name>Point 666</name>
  </wpt>
  <wpt lat="1.376259" lon="103.742094">
    <time>2024-01-01T00:11:56.010Z</time>
    <name>Point 667</name>
  </wpt>
  <wpt lat="1.376250" lon="103.742253">
    <time>2024-01-01T00:11:56.787Z</time>
    <name>Point 668</name>
  </wpt>
  <wpt lat="1.376241" lon="103.742412">
    <time>2024-01-01T00:11:57.564Z</time>
    <name>Point 669</name>
  </wpt>
  <wpt lat="1.376232" lon="103.742571">
    <time>2024-01-01T00:11:58.342Z</time>
    <name>Point 670</name>
  </wpt>
  <wpt lat="1.376291" lon="103.742920">
    <time>2024-01-01T00:12:00.069Z</time>
    <name>Point 671</name>
  </wpt>
  <wpt lat="1.376312" lon="103.743122">
    <time>2024-01-01T00:12:01.060Z</time>
    <name>Point 672</name>
  </wpt>
  <wpt lat="1.376332" lon="103.743324">
    <time>2024-01-01T00:12:02.052Z</time>
    <name>Point 673</name>
  </wpt>
  <wpt lat="1.376353" lon="103.743527">
    <time>2024-01-01T00:12:03.044Z</time>
    <name>Point 674</name>
  </wpt>
  <wpt lat="1.376374" lon="103.743729">
    <time>2024-01-01T00:12:04.036Z</time>
    <name>Point 675</name>
  </wpt>
  <wpt lat="1.376394" lon="103.743931">
    <time>2024-01-01T00:12:05.028Z</time>
    <name>Point 676</name>
  </wpt>
  <wpt lat="1.376415" lon="103.744133">
    <time>2024-01-01T00:12:06.020Z</time>
    <name>Point 677</name>
  </wpt>
  <wpt lat="1.376436" lon="103.744310">
    <time>2024-01-01T00:12:06.890Z</time>
    <name>Point 678</name>
  </wpt>
  <wpt lat="1.376458" lon="103.744487">
    <time>2024-01-01T00:12:07.760Z</time>
    <name>Point 679</name>
  </wpt>
  <wpt lat="1.376479" lon="103.744664">
    <time>2024-01-01T00:12:08.630Z</time>
    <name>Point 680</name>
  </wpt>
  <wpt lat="1.376565" lon="103.745023">
    <time>2024-01-01T00:12:10.432Z</time>
    <name>Point 681</name>
  </wpt>
  <wpt lat="1.376620" lon="103.745226">
    <time>2024-01-01T00:12:11.457Z</time>
    <name>Point 682</name>
  </wpt>
  <wpt lat="1.376674" lon="103.745429">
    <time>2024-01-01T00:12:12.482Z</time>
    <name>Point 683</name>
  </wpt>
  <wpt lat="1.376729" lon="103.745631">
    <time>2024-01-01T00:12:13.507Z</time>
    <name>Point 684</name>
  </wpt>
  <wpt lat="1.376783" lon="103.745834">
    <time>2024-01-01T00:12:14.532Z</time>
    <name>Point 685</name>
  </wpt>
  <wpt lat="1.376838" lon="103.746037">
    <time>2024-01-01T00:12:15.557Z</time>
    <name>Point 686</name>
  </wpt>
  <wpt lat="1.376901" lon="103.746244">
    <time>2024-01-01T00:12:16.610Z</time>
    <name>Point 687</name>
  </wpt>
  <wpt lat="1.376964" lon="103.746450">
    <time>2024-01-01T00:12:17.664Z</time>
    <name>Point 688</name>
  </wpt>
  <wpt lat="1.377027" lon="103.746657">
    <time>2024-01-01T00:12:18.718Z</time>
    <name>Point 689</name>
  </wpt>
  <wpt lat="1.377090" lon="103.746863">
    <time>2024-01-01T00:12:19.772Z</time>
    <name>Point 690</name>
  </wpt>
  <wpt lat="1.377154" lon="103.747069">
    <time>2024-01-01T00:12:20.825Z</time>
    <name>Point 691</name>
  </wpt>
  <wpt lat="1.377217" lon="103.747276">
    <time>2024-01-01T00:12:21.879Z</time>
    <name>Point 692</name>
  </wpt>
  <wpt lat="1.377280" lon="103.747482">
    <time>2024-01-01T00:12:22.933Z</time>
    <name>Point 693</name>
  </wpt>
  <wpt lat="1.377343" lon="103.747689">
    <time>2024-01-01T00:12:23.987Z</time>
    <name>Point 694</name>
  </wpt>
  <wpt lat="1.377525" lon="103.747984">
    <time>2024-01-01T00:12:25.679Z</time>
    <name>Point 695</name>
  </wpt>
  <wpt lat="1.377664" lon="103.748073">
    <time>2024-01-01T00:12:26.487Z</time>
    <name>Point 696</name>
  </wpt>
  <wpt lat="1.377804" lon="103.748163">
    <time>2024-01-01T00:12:27.295Z</time>
    <name>Point 697</name>
  </wpt>
  <wpt lat="1.377943" lon="103.748252">
    <time>2024-01-01T00:12:28.103Z</time>
    <name>Point 698</name>
  </wpt>
  <wpt lat="1.378093" lon="103.748317">
    <time>2024-01-01T00:12:28.901Z</time>
    <name>Point 699</name>
  </wpt>
  <wpt lat="1.378244" lon="103.748381">
    <time>2024-01-01T00:12:29.700Z</time>
    <name>Point 700</name>
  </wpt>
  <wpt lat="1.378394" lon="103.748446">
    <time>2024-01-01T00:12:30.499Z</time>
    <name>Point 701</name>
  </wpt>
  <wpt lat="1.378512" lon="103.748403">
    <time>2024-01-01T00:12:31.113Z</time>
    <name>Point 702</name>
  </wpt>
  <wpt lat="1.378630" lon="103.748354">
    <time>2024-01-01T00:12:31.736Z</time>
    <name>Point 703</name>
  </wpt>
  <wpt lat="1.378823" lon="103.748016">
    <time>2024-01-01T00:12:33.636Z</time>
    <name>Point 704</name>
  </wpt>
  <wpt lat="1.378910" lon="103.747824">
    <time>2024-01-01T00:12:34.664Z</time>
    <name>Point 705</name>
  </wpt>
  <wpt lat="1.378997" lon="103.747632">
    <time>2024-01-01T00:12:35.693Z</time>
    <name>Point 706</name>
  </wpt>
  <wpt lat="1.379084" lon="103.747440">
    <time>2024-01-01T00:12:36.721Z</time>
    <name>Point 707</name>
  </wpt>
  <wpt lat="1.379171" lon="103.747248">
    <time>2024-01-01T00:12:37.750Z</time>
    <name>Point 708</name>
  </wpt>
  <wpt lat="1.379258" lon="103.747056">
    <time>2024-01-01T00:12:38.779Z</time>
    <name>Point 709</name>
  </wpt>
  <wpt lat="1.379344" lon="103.746864">
    <time>2024-01-01T00:12:39.807Z</time>
    <name>Point 710</name>
  </wpt>
  <wpt lat="1.379431" lon="103.746672">
    <time>2024-01-01T00:12:40.836Z</time>
    <name>Point 711</name>
  </wpt>
  <wpt lat="1.379518" lon="103.746480">
    <time>2024-01-01T00:12:41.864Z</time>
    <name>Point 712</name>
  </wpt>
  <wpt lat="1.379605" lon="103.746288">
    <time>2024-01-01T00:12:42.893Z</time>
    <name>Point 713</name>
  </wpt>
  <wpt lat="1.379692" lon="103.746096">
    <time>2024-01-01T00:12:43.922Z</time>
    <name>Point 714</name>
  </wpt>
  <wpt lat="1.379778" lon="103.745910">
    <time>2024-01-01T00:12:44.920Z</time>
    <name>Point 715</name>
  </wpt>
  <wpt lat="1.379865" lon="103.745725">
    <time>2024-01-01T00:12:45.919Z</time>
    <name>Point 716</name>
  </wpt>
  <wpt lat="1.379951" lon="103.745539">
    <time>2024-01-01T00:12:46.918Z</time>
    <name>Point 717</name>
  </wpt>
  <wpt lat="1.380037" lon="103.745354">
    <time>2024-01-01T00:12:47.917Z</time>
    <name>Point 718</name>
  </wpt>
  <wpt lat="1.380123" lon="103.745168">
    <time>2024-01-01T00:12:48.916Z</time>
    <name>Point 719</name>
  </wpt>
  <wpt lat="1.380210" lon="103.744982">
    <time>2024-01-01T00:12:49.915Z</time>
    <name>Point 720</name>
  </wpt>
  <wpt lat="1.380296" lon="103.744797">
    <time>2024-01-01T00:12:50.914Z</time>
    <name>Point 721</name>
  </wpt>
  <wpt lat="1.380382" lon="103.744611">
    <time>2024-01-01T00:12:51.913Z</time>
    <name>Point 722</name>
  </wpt>
  <wpt lat="1.380469" lon="103.744426">
    <time>2024-01-01T00:12:52.912Z</time>
    <name>Point 723</name>
  </wpt>
  <wpt lat="1.380555" lon="103.744240">
    <time>2024-01-01T00:12:53.911Z</time>
    <name>Point 724</name>
  </wpt>
  <wpt lat="1.380641" lon="103.744111">
    <time>2024-01-01T00:12:54.665Z</time>
    <name>Point 725</name>
  </wpt>
  <wpt lat="1.380726" lon="103.743983">
    <time>2024-01-01T00:12:55.420Z</time>
    <name>Point 726</name>
  </wpt>
  <wpt lat="1.380812" lon="103.743854">
    <time>2024-01-01T00:12:56.175Z</time>
    <name>Point 727</name>
  </wpt>
  <wpt lat="1.381032" lon="103.743644">
    <time>2024-01-01T00:12:57.659Z</time>
    <name>Point 728</name>
  </wpt>
  <wpt lat="1.381295" lon="103.743392">
    <time>2024-01-01T00:12:59.437Z</time>
    <name>Point 729</name>
  </wpt>
  <wpt lat="1.381467" lon="103.743253">
    <time>2024-01-01T00:13:00.517Z</time>
    <name>Point 730</name>
  </wpt>
  <wpt lat="1.381626" lon="103.743164">
    <time>2024-01-01T00:13:01.407Z</time>
    <name>Point 731</name>
  </wpt>
  <wpt lat="1.381785" lon="103.743074">
    <time>2024-01-01T00:13:02.297Z</time>
    <name>Point 732</name>
  </wpt>
  <wpt lat="1.381944" lon="103.742985">
    <time>2024-01-01T00:13:03.187Z</time>
    <name>Point 733</name>
  </wpt>
  <wpt lat="1.382124" lon="103.742932">
    <time>2024-01-01T00:13:04.103Z</time>
    <name>Point 734</name>
  </wpt>
  <wpt lat="1.382304" lon="103.742880">
    <time>2024-01-01T00:13:05.019Z</time>
    <name>Point 735</name>
  </wpt>
  <wpt lat="1.382485" lon="103.742827">
    <time>2024-01-01T00:13:05.936Z</time>
    <name>Point 736</name>
  </wpt>
  <wpt lat="1.382665" lon="103.742775">
    <time>2024-01-01T00:13:06.852Z</time>
    <name>Point 737</name>
  </wpt>
  <wpt lat="1.382845" lon="103.742722">
    <time>2024-01-01T00:13:07.769Z</time>
    <name>Point 738</name>
  </wpt>
  <wpt lat="1.383030" lon="103.742682">
    <time>2024-01-01T00:13:08.693Z</time>
    <name>Point 739</name>
  </wpt>
  <wpt lat="1.383215" lon="103.742641">
    <time>2024-01-01T00:13:09.617Z</time>
    <name>Point 740</name>
  </wpt>
  <wpt lat="1.383400" lon="103.742601">
    <time>2024-01-01T00:13:10.541Z</time>
    <name>Point 741</name>
  </wpt>
  <wpt lat="1.383585" lon="103.742561">
    <time>2024-01-01T00:13:11.466Z</time>
    <name>Point 742</name>
  </wpt>
  <wpt lat="1.383789" lon="103.742512">
    <time>2024-01-01T00:13:12.490Z</time>
    <name>Point 743</name>
  </wpt>
  <wpt lat="1.383891" lon="103.742609">
    <time>2024-01-01T00:13:13.177Z</time>
    <name>Point 744</name>
  </wpt>
  <wpt lat="1.383907" lon="103.742791">
    <time>2024-01-01T00:13:14.069Z</time>
    <name>Point 745</name>
  </wpt>
  <wpt lat="1.383966" lon="103.743008">
    <time>2024-01-01T00:13:15.165Z</time>
    <name>Point 746</name>
  </wpt>
  <wpt lat="1.384025" lon="103.743224">
    <time>2024-01-01T00:13:16.261Z</time>
    <name>Point 747</name>
  </wpt>
  <wpt lat="1.384084" lon="103.743441">
    <time>2024-01-01T00:13:17.357Z</time>
    <name>Point 748</name>
  </wpt>
  <wpt lat="1.384146" lon="103.743633">
    <time>2024-01-01T00:13:18.343Z</time>
    <name>Point 749</name>
  </wpt>
  <wpt lat="1.384208" lon="103.743826">
    <time>2024-01-01T00:13:19.329Z</time>
    <name>Point 750</name>
  </wpt>
  <wpt lat="1.384270" lon="103.744018">
    <time>2024-01-01T00:13:20.315Z</time>
    <name>Point 751</name>
  </wpt>
  <wpt lat="1.384332" lon="103.744210">
    <time>2024-01-01T00:13:21.301Z</time>
    <name>Point 752</name>
  </wpt>
  <wpt lat="1.384394" lon="103.744402">
    <time>2024-01-01T00:13:22.287Z</time>
    <name>Point 753</name>
  </wpt>
  <wpt lat="1.384456" lon="103.744595">
    <time>2024-01-01T00:13:23.273Z</time>
    <name>Point 754</name>
  </wpt>
  <wpt lat="1.384518" lon="103.744787">
    <time>2024-01-01T00:13:24.259Z</time>
    <name>Point 755</name>
  </wpt>
  <wpt lat="1.384583" lon="103.744976">
    <time>2024-01-01T00:13:25.236Z</time>
    <name>Point 756</name>
  </wpt>
  <wpt lat="1.384648" lon="103.745166">
    <time>2024-01-01T00:13:26.213Z</time>
    <name>Point 757</name>
  </wpt>
  <wpt lat="1.384713" lon="103.745355">
    <time>2024-01-01T00:13:27.190Z</time>
    <name>Point 758</name>
  </wpt>
  <wpt lat="1.384779" lon="103.745544">
    <time>2024-01-01T00:13:28.167Z</time>
    <name>Point 759</name>
  </wpt>
  <wpt lat="1.384844" lon="103.745733">
    <time>2024-01-01T00:13:29.144Z</time>
    <name>Point 760</name>
  </wpt>
  <wpt lat="1.384909" lon="103.745923">
    <time>2024-01-01T00:13:30.121Z</time>
    <name>Point 761</name>
  </wpt>
  <wpt lat="1.384974" lon="103.746112">
    <time>2024-01-01T00:13:31.098Z</time>
    <name>Point 762</name>
  </wpt>
  <wpt lat="1.385108" lon="103.746176">
    <time>2024-01-01T00:13:31.823Z</time>
    <name>Point 763</name>
  </wpt>
  <wpt lat="1.385280" lon="103.746187">
    <time>2024-01-01T00:13:32.664Z</time>
    <name>Point 764</name>
  </wpt>
  <wpt lat="1.385666" lon="103.746096">
    <time>2024-01-01T00:13:34.600Z</time>
    <name>Point 765</name>
  </wpt>
  <wpt lat="1.386095" lon="103.746085">
    <time>2024-01-01T00:13:36.695Z</time>
    <name>Point 766</name>
  </wpt>
  <wpt lat="1.386307" lon="103.746096">
    <time>2024-01-01T00:13:37.730Z</time>
    <name>Point 767</name>
  </wpt>
  <wpt lat="1.386518" lon="103.746106">
    <time>2024-01-01T00:13:38.765Z</time>
    <name>Point 768</name>
  </wpt>
  <wpt lat="1.386730" lon="103.746117">
    <time>2024-01-01T00:13:39.800Z</time>
    <name>Point 769</name>
  </wpt>
  <wpt lat="1.386942" lon="103.746128">
    <time>2024-01-01T00:13:40.835Z</time>
    <name>Point 770</name>
  </wpt>
  <wpt lat="1.387103" lon="103.746107">
    <time>2024-01-01T00:13:41.628Z</time>
    <name>Point 771</name>
  </wpt>
  <wpt lat="1.387264" lon="103.746085">
    <time>2024-01-01T00:13:42.421Z</time>
    <name>Point 772</name>
  </wpt>
  <wpt lat="1.387425" lon="103.746064">
    <time>2024-01-01T00:13:43.214Z</time>
    <name>Point 773</name>
  </wpt>
  <wpt lat="1.387632" lon="103.746018">
    <time>2024-01-01T00:13:44.251Z</time>
    <name>Point 774</name>
  </wpt>
  <wpt lat="1.387840" lon="103.745971">
    <time>2024-01-01T00:13:45.288Z</time>
    <name>Point 775</name>
  </wpt>
  <wpt lat="1.388047" lon="103.745925">
    <time>2024-01-01T00:13:46.325Z</time>
    <name>Point 776</name>
  </wpt>
  <wpt lat="1.388254" lon="103.745878">
    <time>2024-01-01T00:13:47.362Z</time>
    <name>Point 777</name>
  </wpt>
  <wpt lat="1.388462" lon="103.745831">
    <time>2024-01-01T00:13:48.399Z</time>
    <name>Point 778</name>
  </wpt>
  <wpt lat="1.388669" lon="103.745785">
    <time>2024-01-01T00:13:49.437Z</time>
    <name>Point 779</name>
  </wpt>
  <wpt lat="1.389077" lon="103.745635">
    <time>2024-01-01T00:13:51.559Z</time>
    <name>Point 780</name>
  </wpt>
  <wpt lat="1.389420" lon="103.745517">
    <time>2024-01-01T00:13:53.330Z</time>
    <name>Point 781</name>
  </wpt>
  <wpt lat="1.389610" lon="103.745458">
    <time>2024-01-01T00:13:54.302Z</time>
    <name>Point 782</name>
  </wpt>
  <wpt lat="1.389800" lon="103.745399">
    <time>2024-01-01T00:13:55.274Z</time>
    <name>Point 783</name>
  </wpt>
  <wpt lat="1.389991" lon="103.745340">
    <time>2024-01-01T00:13:56.246Z</time>
    <name>Point 784</name>
  </wpt>
  <wpt lat="1.390181" lon="103.745281">
    <time>2024-01-01T00:13:57.219Z</time>
    <name>Point 785</name>
  </wpt>
  <wpt lat="1.390377" lon="103.745222">
    <time>2024-01-01T00:13:58.217Z</time>
    <name>Point 786</name>
  </wpt>
  <wpt lat="1.390572" lon="103.745162">
    <time>2024-01-01T00:13:59.216Z</time>
    <name>Point 787</name>
  </wpt>
  <wpt lat="1.390768" lon="103.745103">
    <time>2024-01-01T00:14:00.214Z</time>
    <name>Point 788</name>
  </wpt>
  <wpt lat="1.390964" lon="103.745044">
    <time>2024-01-01T00:14:01.213Z</time>
    <name>Point 789</name>
  </wpt>
  <wpt lat="1.391161" lon="103.745023">
    <time>2024-01-01T00:14:02.178Z</time>
    <name>Point 790</name>
  </wpt>
  <wpt lat="1.391357" lon="103.745001">
    <time>2024-01-01T00:14:03.144Z</time>
    <name>Point 791</name>
  </wpt>
  <wpt lat="1.391554" lon="103.744980">
    <time>2024-01-01T00:14:04.110Z</time>
    <name>Point 792</name>
  </wpt>
  <wpt lat="1.391761" lon="103.744994">
    <time>2024-01-01T00:14:05.124Z</time>
    <name>Point 793</name>
  </wpt>
  <wpt lat="1.391969" lon="103.745009">
    <time>2024-01-01T00:14:06.139Z</time>
    <name>Point 794</name>
  </wpt>
  <wpt lat="1.392176" lon="103.745023">
    <time>2024-01-01T00:14:07.154Z</time>
    <name>Point 795</name>
  </wpt>
  <wpt lat="1.392326" lon="103.745082">
    <time>2024-01-01T00:14:07.942Z</time>
    <name>Point 796</name>
  </wpt>
  <wpt lat="1.392477" lon="103.745141">
    <time>2024-01-01T00:14:08.730Z</time>
    <name>Point 797</name>
  </wpt>
  <wpt lat="1.392627" lon="103.745200">
    <time>2024-01-01T00:14:09.519Z</time>
    <name>Point 798</name>
  </wpt>
  <wpt lat="1.392836" lon="103.745318">
    <time>2024-01-01T00:14:10.690Z</time>
    <name>Point 799</name>
  </wpt>
  <wpt lat="1.393099" lon="103.745490">
    <time>2024-01-01T00:14:12.224Z</time>
    <name>Point 800</name>
  </wpt>
  <wpt lat="1.393272" lon="103.745615">
    <time>2024-01-01T00:14:13.266Z</time>
    <name>Point 801</name>
  </wpt>
  <wpt lat="1.393445" lon="103.745741">
    <time>2024-01-01T00:14:14.308Z</time>
    <name>Point 802</name>
  </wpt>
  <wpt lat="1.393618" lon="103.745866">
    <time>2024-01-01T00:14:15.351Z</time>
    <name>Point 803</name>
  </wpt>
  <wpt lat="1.393791" lon="103.745992">
    <time>2024-01-01T00:14:16.393Z</time>
    <name>Point 804</name>
  </wpt>
  <wpt lat="1.393963" lon="103.746117">
    <time>2024-01-01T00:14:17.435Z</time>
    <name>Point 805</name>
  </wpt>
  <wpt lat="1.394136" lon="103.746242">
    <time>2024-01-01T00:14:18.478Z</time>
    <name>Point 806</name>
  </wpt>
  <wpt lat="1.394309" lon="103.746368">
    <time>2024-01-01T00:14:19.520Z</time>
    <name>Point 807</name>
  </wpt>
  <wpt lat="1.394482" lon="103.746493">
    <time>2024-01-01T00:14:20.563Z</time>
    <name>Point 808</name>
  </wpt>
  <wpt lat="1.394724" lon="103.746632">
    <time>2024-01-01T00:14:21.926Z</time>
    <name>Point 809</name>
  </wpt>
  <wpt lat="1.395002" lon="103.746783">
    <time>2024-01-01T00:14:23.470Z</time>
    <name>Point 810</name>
  </wpt>
  <wpt lat="1.395176" lon="103.746866">
    <time>2024-01-01T00:14:24.409Z</time>
    <name>Point 811</name>
  </wpt>
  <wpt lat="1.395350" lon="103.746948">
    <time>2024-01-01T00:14:25.348Z</time>
    <name>Point 812</name>
  </wpt>
  <wpt lat="1.395523" lon="103.747031">
    <time>2024-01-01T00:14:26.288Z</time>
    <name>Point 813</name>
  </wpt>
  <wpt lat="1.395697" lon="103.747113">
    <time>2024-01-01T00:14:27.227Z</time>
    <name>Point 814</name>
  </wpt>
  <wpt lat="1.395871" lon="103.747196">
    <time>2024-01-01T00:14:28.167Z</time>
    <name>Point 815</name>
  </wpt>
  <wpt lat="1.396145" lon="103.747303">
    <time>2024-01-01T00:14:29.603Z</time>
    <name>Point 816</name>
  </wpt>
  <wpt lat="1.396322" lon="103.747373">
    <time>2024-01-01T00:14:30.532Z</time>
    <name>Point 817</name>
  </wpt>
  <wpt lat="1.396686" lon="103.747491">
    <time>2024-01-01T00:14:32.400Z</time>
    <name>Point 818</name>
  </wpt>
  <wpt lat="1.396886" lon="103.747545">
    <time>2024-01-01T00:14:33.410Z</time>
    <name>Point 819</name>
  </wpt>
  <wpt lat="1.397086" lon="103.747599">
    <time>2024-01-01T00:14:34.420Z</time>
    <name>Point 820</name>
  </wpt>
  <wpt lat="1.397285" lon="103.747654">
    <time>2024-01-01T00:14:35.431Z</time>
    <name>Point 821</name>
  </wpt>
  <wpt lat="1.397485" lon="103.747708">
    <time>2024-01-01T00:14:36.441Z</time>
    <name>Point 822</name>
  </wpt>
  <wpt lat="1.397685" lon="103.747762">
    <time>2024-01-01T00:14:37.451Z</time>
    <name>Point 823</name>
  </wpt>
  <wpt lat="1.397884" lon="103.747816">
    <time>2024-01-01T00:14:38.462Z</time>
    <name>Point 824</name>
  </wpt>
  <wpt lat="1.398084" lon="103.747871">
    <time>2024-01-01T00:14:39.472Z</time>
    <name>Point 825</name>
  </wpt>
  <wpt lat="1.398284" lon="103.747925">
    <time>2024-01-01T00:14:40.483Z</time>
    <name>Point 826</name>
  </wpt>
  <wpt lat="1.398489" lon="103.747981">
    <time>2024-01-01T00:14:41.521Z</time>
    <name>Point 827</name>
  </wpt>
  <wpt lat="1.398694" lon="103.748036">
    <time>2024-01-01T00:14:42.559Z</time>
    <name>Point 828</name>
  </wpt>
  <wpt lat="1.398900" lon="103.748092">
    <time>2024-01-01T00:14:43.597Z</time>
    <name>Point 829</name>
  </wpt>
  <wpt lat="1.399105" lon="103.748147">
    <time>2024-01-01T00:14:44.635Z</time>
    <name>Point 830</name>
  </wpt>
  <wpt lat="1.399310" lon="103.748203">
    <time>2024-01-01T00:14:45.673Z</time>
    <name>Point 831</name>
  </wpt>
  <wpt lat="1.399516" lon="103.748259">
    <time>2024-01-01T00:14:46.711Z</time>
    <name>Point 832</name>
  </wpt>
  <wpt lat="1.399721" lon="103.748314">
    <time>2024-01-01T00:14:47.749Z</time>
    <name>Point 833</name>
  </wpt>
  <wpt lat="1.399926" lon="103.748370">
    <time>2024-01-01T00:14:48.788Z</time>
    <name>Point 834</name>
  </wpt>
  <wpt lat="1.400247" lon="103.748462">
    <time>2024-01-01T00:14:50.418Z</time>
    <name>Point 835</name>
  </wpt>
  <wpt lat="1.400446" lon="103.748505">
    <time>2024-01-01T00:14:51.412Z</time>
    <name>Point 836</name>
  </wpt>
  <wpt lat="1.400617" lon="103.748558">
    <time>2024-01-01T00:14:52.286Z</time>
    <name>Point 837</name>
  </wpt>
  <wpt lat="1.400896" lon="103.748628">
    <time>2024-01-01T00:14:53.690Z</time>
    <name>Point 838</name>
  </wpt>
  <wpt lat="1.401111" lon="103.748689">
    <time>2024-01-01T00:14:54.779Z</time>
    <name>Point 839</name>
  </wpt>
  <wpt lat="1.401325" lon="103.748749">
    <time>2024-01-01T00:14:55.868Z</time>
    <name>Point 840</name>
  </wpt>
  <wpt lat="1.401540" lon="103.748810">
    <time>2024-01-01T00:14:56.957Z</time>
    <name>Point 841</name>
  </wpt>
  <wpt lat="1.401726" lon="103.748861">
    <time>2024-01-01T00:14:57.899Z</time>
    <name>Point 842</name>
  </wpt>
  <wpt lat="1.401912" lon="103.748912">
    <time>2024-01-01T00:14:58.842Z</time>
    <name>Point 843</name>
  </wpt>
  <wpt lat="1.402099" lon="103.748963">
    <time>2024-01-01T00:14:59.785Z</time>
    <name>Point 844</name>
  </wpt>
  <wpt lat="1.402285" lon="103.749014">
    <time>2024-01-01T00:15:00.728Z</time>
    <name>Point 845</name>
  </wpt>
  <wpt lat="1.402464" lon="103.749064">
    <time>2024-01-01T00:15:01.633Z</time>
    <name>Point 846</name>
  </wpt>
  <wpt lat="1.402642" lon="103.749114">
    <time>2024-01-01T00:15:02.539Z</time>
    <name>Point 847</name>
  </wpt>
  <wpt lat="1.402821" lon="103.749164">
    <time>2024-01-01T00:15:03.445Z</time>
    <name>Point 848</name>
  </wpt>
  <wpt lat="1.402956" lon="103.749116">
    <time>2024-01-01T00:15:04.144Z</time>
    <name>Point 849</name>
  </wpt>
  <wpt lat="1.403041" lon="103.749036">
    <time>2024-01-01T00:15:04.714Z</time>
    <name>Point 850</name>
  </wpt>
  <wpt lat="1.403100" lon="103.748826">
    <time>2024-01-01T00:15:05.778Z</time>
    <name>Point 851</name>
  </wpt>
  <wpt lat="1.403138" lon="103.748671">
    <time>2024-01-01T00:15:06.557Z</time>
    <name>Point 852</name>
  </wpt>
  <wpt lat="1.403159" lon="103.748531">
    <time>2024-01-01T00:15:07.248Z</time>
    <name>Point 853</name>
  </wpt>
  <wpt lat="1.403216" lon="103.748337">
    <time>2024-01-01T00:15:08.235Z</time>
    <name>Point 854</name>
  </wpt>
  <wpt lat="1.403274" lon="103.748143">
    <time>2024-01-01T00:15:09.222Z</time>
    <name>Point 855</name>
  </wpt>
  <wpt lat="1.403331" lon="103.747949">
    <time>2024-01-01T00:15:10.210Z</time>
    <name>Point 856</name>
  </wpt>
  <wpt lat="1.403388" lon="103.747755">
    <time>2024-01-01T00:15:11.197Z</time>
    <name>Point 857</name>
  </wpt>
  <wpt lat="1.403446" lon="103.747561">
    <time>2024-01-01T00:15:12.184Z</time>
    <name>Point 858</name>
  </wpt>
  <wpt lat="1.403503" lon="103.747367">
    <time>2024-01-01T00:15:13.172Z</time>
    <name>Point 859</name>
  </wpt>
  <wpt lat="1.403578" lon="103.747045">
    <time>2024-01-01T00:15:14.785Z</time>
    <name>Point 860</name>
  </wpt>
  <wpt lat="1.403620" lon="103.746815">
    <time>2024-01-01T00:15:15.926Z</time>
    <name>Point 861</name>
  </wpt>
  <wpt lat="1.403572" lon="103.746600">
    <time>2024-01-01T00:15:17.001Z</time>
    <name>Point 862</name>
  </wpt>
  <wpt lat="1.403481" lon="103.746418">
    <time>2024-01-01T00:15:17.995Z</time>
    <name>Point 863</name>
  </wpt>
  <wpt lat="1.403379" lon="103.746268">
    <time>2024-01-01T00:15:18.880Z</time>
    <name>Point 864</name>
  </wpt>
  <wpt lat="1.403288" lon="103.746187">
    <time>2024-01-01T00:15:19.475Z</time>
    <name>Point 865</name>
  </wpt>
  <wpt lat="1.403175" lon="103.746112">
    <time>2024-01-01T00:15:20.137Z</time>
    <name>Point 866</name>
  </wpt>
  <wpt lat="1.403020" lon="103.746074">
    <time>2024-01-01T00:15:20.916Z</time>
    <name>Point 867</name>
  </wpt>
  <wpt lat="1.402736" lon="103.746037">
    <time>2024-01-01T00:15:22.314Z</time>
    <name>Point 868</name>
  </wpt>
  <wpt lat="1.402537" lon="103.745996">
    <time>2024-01-01T00:15:23.306Z</time>
    <name>Point 869</name>
  </wpt>
  <wpt lat="1.402338" lon="103.745955">
    <time>2024-01-01T00:15:24.298Z</time>
    <name>Point 870</name>
  </wpt>
  <wpt lat="1.402139" lon="103.745914">
    <time>2024-01-01T00:15:25.290Z</time>
    <name>Point 871</name>
  </wpt>
  <wpt lat="1.401940" lon="103.745874">
    <time>2024-01-01T00:15:26.283Z</time>
    <name>Point 872</name>
  </wpt>
  <wpt lat="1.401740" lon="103.745833">
    <time>2024-01-01T00:15:27.275Z</time>
    <name>Point 873</name>
  </wpt>
  <wpt lat="1.401541" lon="103.745792">
    <time>2024-01-01T00:15:28.267Z</time>
    <name>Point 874</name>
  </wpt>
  <wpt lat="1.401342" lon="103.745751">
    <time>2024-01-01T00:15:29.259Z</time>
    <name>Point 875</name>
  </wpt>
  <wpt lat="1.401143" lon="103.745710">
    <time>2024-01-01T00:15:30.252Z</time>
    <name>Point 876</name>
  </wpt>
  <wpt lat="1.401030" lon="103.745656">
    <time>2024-01-01T00:15:30.864Z</time>
    <name>Point 877</name>
  </wpt>
  <wpt lat="1.401030" lon="103.745511">
    <time>2024-01-01T00:15:31.571Z</time>
    <name>Point 878</name>
  </wpt>
  <wpt lat="1.401100" lon="103.745216">
    <time>2024-01-01T00:15:33.051Z</time>
    <name>Point 879</name>
  </wpt>
  <wpt lat="1.401134" lon="103.745032">
    <time>2024-01-01T00:15:33.962Z</time>
    <name>Point 880</name>
  </wpt>
  <wpt lat="1.401167" lon="103.744848">
    <time>2024-01-01T00:15:34.874Z</time>
    <name>Point 881</name>
  </wpt>
  <wpt lat="1.401201" lon="103.744665">
    <time>2024-01-01T00:15:35.785Z</time>
    <name>Point 882</name>
  </wpt>
  <wpt lat="1.401234" lon="103.744481">
    <time>2024-01-01T00:15:36.697Z</time>
    <name>Point 883</name>
  </wpt>
  <wpt lat="1.401278" lon="103.744296">
    <time>2024-01-01T00:15:37.625Z</time>
    <name>Point 884</name>
  </wpt>
  <wpt lat="1.401323" lon="103.744111">
    <time>2024-01-01T00:15:38.554Z</time>
    <name>Point 885</name>
  </wpt>
  <wpt lat="1.401367" lon="103.743926">
    <time>2024-01-01T00:15:39.482Z</time>
    <name>Point 886</name>
  </wpt>
  <wpt lat="1.401411" lon="103.743741">
    <time>2024-01-01T00:15:40.411Z</time>
    <name>Point 887</name>
  </wpt>
  <wpt lat="1.401459" lon="103.743596">
    <time>2024-01-01T00:15:41.156Z</time>
    <name>Point 888</name>
  </wpt>
  <wpt lat="1.401556" lon="103.743483">
    <time>2024-01-01T00:15:41.883Z</time>
    <name>Point 889</name>
  </wpt>
  <wpt lat="1.401695" lon="103.743451">
    <time>2024-01-01T00:15:42.579Z</time>
    <name>Point 890</name>
  </wpt>
  <wpt lat="1.401865" lon="103.743509">
    <time>2024-01-01T00:15:43.456Z</time>
    <name>Point 891</name>
  </wpt>
  <wpt lat="1.402035" lon="103.743567">
    <time>2024-01-01T00:15:44.334Z</time>
    <name>Point 892</name>
  </wpt>
  <wpt lat="1.402206" lon="103.743624">
    <time>2024-01-01T00:15:45.212Z</time>
    <name>Point 893</name>
  </wpt>
  <wpt lat="1.402376" lon="103.743682">
    <time>2024-01-01T00:15:46.090Z</time>
    <name>Point 894</name>
  </wpt>
  <wpt lat="1.402546" lon="103.743757">
    <time>2024-01-01T00:15:46.997Z</time>
    <name>Point 895</name>
  </wpt>
  <wpt lat="1.402716" lon="103.743832">
    <time>2024-01-01T00:15:47.904Z</time>
    <name>Point 896</name>
  </wpt>
  <wpt lat="1.402886" lon="103.743907">
    <time>2024-01-01T00:15:48.811Z</time>
    <name>Point 897</name>
  </wpt>
  <wpt lat="1.403055" lon="103.744001">
    <time>2024-01-01T00:15:49.757Z</time>
    <name>Point 898</name>
  </wpt>
  <wpt lat="1.403225" lon="103.744096">
    <time>2024-01-01T00:15:50.704Z</time>
    <name>Point 899</name>
  </wpt>
  <wpt lat="1.403394" lon="103.744190">
    <time>2024-01-01T00:15:51.650Z</time>
    <name>Point 900</name>
  </wpt>
  <wpt lat="1.403564" lon="103.744285">
    <time>2024-01-01T00:15:52.597Z</time>
    <name>Point 901</name>
  </wpt>
  <wpt lat="1.403733" lon="103.744379">
    <time>2024-01-01T00:15:53.544Z</time>
    <name>Point 902</name>
  </wpt>
  <wpt lat="1.403886" lon="103.744501">
    <time>2024-01-01T00:15:54.498Z</time>
    <name>Point 903</name>
  </wpt>
  <wpt lat="1.404038" lon="103.744623">
    <time>2024-01-01T00:15:55.452Z</time>
    <name>Point 904</name>
  </wpt>
  <wpt lat="1.404191" lon="103.744745">
    <time>2024-01-01T00:15:56.406Z</time>
    <name>Point 905</name>
  </wpt>
  <wpt lat="1.404344" lon="103.744867">
    <time>2024-01-01T00:15:57.361Z</time>
    <name>Point 906</name>
  </wpt>
  <wpt lat="1.404474" lon="103.744991">
    <time>2024-01-01T00:15:58.237Z</time>
    <name>Point 907</name>
  </wpt>
  <wpt lat="1.404605" lon="103.745114">
    <time>2024-01-01T00:15:59.113Z</time>
    <name>Point 908</name>
  </wpt>
  <wpt lat="1.404735" lon="103.745238">
    <time>2024-01-01T00:15:59.989Z</time>
    <name>Point 909</name>
  </wpt>
  <wpt lat="1.404865" lon="103.745361">
    <time>2024-01-01T00:16:00.865Z</time>
    <name>Point 910</name>
  </wpt>
  <wpt lat="1.405010" lon="103.745488">
    <time>2024-01-01T00:16:01.806Z</time>
    <name>Point 911</name>
  </wpt>
  <wpt lat="1.405155" lon="103.745616">
    <time>2024-01-01T00:16:02.748Z</time>
    <name>Point 912</name>
  </wpt>
  <wpt lat="1.405299" lon="103.745744">
    <time>2024-01-01T00:16:03.689Z</time>
    <name>Point 913</name>
  </wpt>
  <wpt lat="1.405444" lon="103.745871">
    <time>2024-01-01T00:16:04.631Z</time>
    <name>Point 914</name>
  </wpt>
  <wpt lat="1.405578" lon="103.745977">
    <time>2024-01-01T00:16:05.464Z</time>
    <name>Point 915</name>
  </wpt>
  <wpt lat="1.405712" lon="103.746082">
    <time>2024-01-01T00:16:06.297Z</time>
    <name>Point 916</name>
  </wpt>
  <wpt lat="1.405846" lon="103.746188">
    <time>2024-01-01T00:16:07.130Z</time>
    <name>Point 917</name>
  </wpt>
  <wpt lat="1.405980" lon="103.746294">
    <time>2024-01-01T00:16:07.964Z</time>
    <name>Point 918</name>
  </wpt>
  <wpt lat="1.406350" lon="103.746450">
    <time>2024-01-01T00:16:09.924Z</time>
    <name>Point 919</name>
  </wpt>
  <wpt lat="1.406720" lon="103.746530">
    <time>2024-01-01T00:16:11.772Z</time>
    <name>Point 920</name>
  </wpt>
  <wpt lat="1.406877" lon="103.746527">
    <time>2024-01-01T00:16:12.540Z</time>
    <name>Point 921</name>
  </wpt>
  <wpt lat="1.407035" lon="103.746523">
    <time>2024-01-01T00:16:13.308Z</time>
    <name>Point 922</name>
  </wpt>
  <wpt lat="1.407192" lon="103.746520">
    <time>2024-01-01T00:16:14.077Z</time>
    <name>Point 923</name>
  </wpt>
  <wpt lat="1.407385" lon="103.746502">
    <time>2024-01-01T00:16:15.023Z</time>
    <name>Point 924</name>
  </wpt>
  <wpt lat="1.407578" lon="103.746484">
    <time>2024-01-01T00:16:15.969Z</time>
    <name>Point 925</name>
  </wpt>
  <wpt lat="1.407771" lon="103.746466">
    <time>2024-01-01T00:16:16.916Z</time>
    <name>Point 926</name>
  </wpt>
  <wpt lat="1.408013" lon="103.746402">
    <time>2024-01-01T00:16:18.138Z</time>
    <name>Point 927</name>
  </wpt>
  <wpt lat="1.408187" lon="103.746373">
    <time>2024-01-01T00:16:19.000Z</time>
    <name>Point 928</name>
  </wpt>
  <wpt lat="1.408361" lon="103.746343">
    <time>2024-01-01T00:16:19.863Z</time>
    <name>Point 929</name>
  </wpt>
  <wpt lat="1.408536" lon="103.746313">
    <time>2024-01-01T00:16:20.726Z</time>
    <name>Point 930</name>
  </wpt>
  <wpt lat="1.408710" lon="103.746284">
    <time>2024-01-01T00:16:21.589Z</time>
    <name>Point 931</name>
  </wpt>
  <wpt lat="1.408912" lon="103.746246">
    <time>2024-01-01T00:16:22.590Z</time>
    <name>Point 932</name>
  </wpt>
  <wpt lat="1.409113" lon="103.746209">
    <time>2024-01-01T00:16:23.592Z</time>
    <name>Point 933</name>
  </wpt>
  <wpt lat="1.409315" lon="103.746171">
    <time>2024-01-01T00:16:24.594Z</time>
    <name>Point 934</name>
  </wpt>
  <wpt lat="1.409517" lon="103.746133">
    <time>2024-01-01T00:16:25.596Z</time>
    <name>Point 935</name>
  </wpt>
  <wpt lat="1.409719" lon="103.746096">
    <time>2024-01-01T00:16:26.597Z</time>
    <name>Point 936</name>
  </wpt>
  <wpt lat="1.409920" lon="103.746058">
    <time>2024-01-01T00:16:27.599Z</time>
    <name>Point 937</name>
  </wpt>
  <wpt lat="1.410122" lon="103.746021">
    <time>2024-01-01T00:16:28.601Z</time>
    <name>Point 938</name>
  </wpt>
  <wpt lat="1.410324" lon="103.745983">
    <time>2024-01-01T00:16:29.603Z</time>
    <name>Point 939</name>
  </wpt>
  <wpt lat="1.410532" lon="103.745943">
    <time>2024-01-01T00:16:30.636Z</time>
    <name>Point 940</name>
  </wpt>
  <wpt lat="1.410740" lon="103.745904">
    <time>2024-01-01T00:16:31.670Z</time>
    <name>Point 941</name>
  </wpt>
  <wpt lat="1.410948" lon="103.745864">
    <time>2024-01-01T00:16:32.704Z</time>
    <name>Point 942</name>
  </wpt>
  <wpt lat="1.411156" lon="103.745825">
    <time>2024-01-01T00:16:33.738Z</time>
    <name>Point 943</name>
  </wpt>
  <wpt lat="1.411364" lon="103.745785">
    <time>2024-01-01T00:16:34.772Z</time>
    <name>Point 944</name>
  </wpt>
  <wpt lat="1.411558" lon="103.745731">
    <time>2024-01-01T00:16:35.757Z</time>
    <name>Point 945</name>
  </wpt>
  <wpt lat="1.411753" lon="103.745677">
    <time>2024-01-01T00:16:36.742Z</time>
    <name>Point 946</name>
  </wpt>
  <wpt lat="1.411948" lon="103.745624">
    <time>2024-01-01T00:16:37.727Z</time>
    <name>Point 947</name>
  </wpt>
  <wpt lat="1.412142" lon="103.745570">
    <time>2024-01-01T00:16:38.712Z</time>
    <name>Point 948</name>
  </wpt>
  <wpt lat="1.412334" lon="103.745492">
    <time>2024-01-01T00:16:39.722Z</time>
    <name>Point 949</name>
  </wpt>
  <wpt lat="1.412526" lon="103.745415">
    <time>2024-01-01T00:16:40.732Z</time>
    <name>Point 950</name>
  </wpt>
  <wpt lat="1.412717" lon="103.745337">
    <time>2024-01-01T00:16:41.742Z</time>
    <name>Point 951</name>
  </wpt>
  <wpt lat="1.412909" lon="103.745259">
    <time>2024-01-01T00:16:42.752Z</time>
    <name>Point 952</name>
  </wpt>
  <wpt lat="1.413073" lon="103.745191">
    <time>2024-01-01T00:16:43.620Z</time>
    <name>Point 953</name>
  </wpt>
  <wpt lat="1.413238" lon="103.745123">
    <time>2024-01-01T00:16:44.488Z</time>
    <name>Point 954</name>
  </wpt>
  <wpt lat="1.413402" lon="103.745055">
    <time>2024-01-01T00:16:45.357Z</time>
    <name>Point 955</name>
  </wpt>
  <wpt lat="1.413559" lon="103.744985">
    <time>2024-01-01T00:16:46.196Z</time>
    <name>Point 956</name>
  </wpt>
  <wpt lat="1.413717" lon="103.744916">
    <time>2024-01-01T00:16:47.036Z</time>
    <name>Point 957</name>
  </wpt>
  <wpt lat="1.413874" lon="103.744846">
    <time>2024-01-01T00:16:47.876Z</time>
    <name>Point 958</name>
  </wpt>
  <wpt lat="1.414082" lon="103.744761">
    <time>2024-01-01T00:16:48.973Z</time>
    <name>Point 959</name>
  </wpt>
  <wpt lat="1.414290" lon="103.744676">
    <time>2024-01-01T00:16:50.070Z</time>
    <name>Point 960</name>
  </wpt>
  <wpt lat="1.414498" lon="103.744590">
    <time>2024-01-01T00:16:51.168Z</time>
    <name>Point 961</name>
  </wpt>
  <wpt lat="1.414706" lon="103.744505">
    <time>2024-01-01T00:16:52.265Z</time>
    <name>Point 962</name>
  </wpt>
  <wpt lat="1.414914" lon="103.744420">
    <time>2024-01-01T00:16:53.362Z</time>
    <name>Point 963</name>
  </wpt>
  <wpt lat="1.415122" lon="103.744335">
    <time>2024-01-01T00:16:54.460Z</time>
    <name>Point 964</name>
  </wpt>
  <wpt lat="1.415330" lon="103.744249">
    <time>2024-01-01T00:16:55.557Z</time>
    <name>Point 965</name>
  </wpt>
  <wpt lat="1.415538" lon="103.744164">
    <time>2024-01-01T00:16:56.654Z</time>
    <name>Point 966</name>
  </wpt>
  <wpt lat="1.415746" lon="103.744079">
    <time>2024-01-01T00:16:57.752Z</time>
    <name>Point 967</name>
  </wpt>
  <wpt lat="1.415950" lon="103.743998">
    <time>2024-01-01T00:16:58.821Z</time>
    <name>Point 968</name>
  </wpt>
  <wpt lat="1.416153" lon="103.743918">
    <time>2024-01-01T00:16:59.890Z</time>
    <name>Point 969</name>
  </wpt>
  <wpt lat="1.416357" lon="103.743837">
    <time>2024-01-01T00:17:00.960Z</time>
    <name>Point 970</name>
  </wpt>
  <wpt lat="1.416553" lon="103.743752">
    <time>2024-01-01T00:17:02.004Z</time>
    <name>Point 971</name>
  </wpt>
  <wpt lat="1.416750" lon="103.743667">
    <time>2024-01-01T00:17:03.049Z</time>
    <name>Point 972</name>
  </wpt>
  <wpt lat="1.416946" lon="103.743582">
    <time>2024-01-01T00:17:04.094Z</time>
    <name>Point 973</name>
  </wpt>
  <wpt lat="1.417143" lon="103.743496">
    <time>2024-01-01T00:17:05.139Z</time>
    <name>Point 974</name>
  </wpt>
  <wpt lat="1.417339" lon="103.743411">
    <time>2024-01-01T00:17:06.183Z</time>
    <name>Point 975</name>
  </wpt>
  <wpt lat="1.417535" lon="103.743326">
    <time>2024-01-01T00:17:07.228Z</time>
    <name>Point 976</name>
  </wpt>
  <wpt lat="1.417732" lon="103.743241">
    <time>2024-01-01T00:17:08.273Z</time>
    <name>Point 977</name>
  </wpt>
  <wpt lat="1.417928" lon="103.743156">
    <time>2024-01-01T00:17:09.318Z</time>
    <name>Point 978</name>
  </wpt>
  <wpt lat="1.418125" lon="103.743088">
    <time>2024-01-01T00:17:10.334Z</time>
    <name>Point 979</name>
  </wpt>
  <wpt lat="1.418321" lon="103.743020">
    <time>2024-01-01T00:17:11.350Z</time>
    <name>Point 980</name>
  </wpt>
  <wpt lat="1.418518" lon="103.742952">
    <time>2024-01-01T00:17:12.366Z</time>
    <name>Point 981</name>
  </wpt>
  <wpt lat="1.418931" lon="103.742818">
    <time>2024-01-01T00:17:14.485Z</time>
    <name>Point 982</name>
  </wpt>
  <wpt lat="1.419301" lon="103.742748">
    <time>2024-01-01T00:17:16.324Z</time>
    <name>Point 983</name>
  </wpt>
  <wpt lat="1.419666" lon="103.742727">
    <time>2024-01-01T00:17:18.108Z</time>
    <name>Point 984</name>
  </wpt>
  <wpt lat="1.420095" lon="103.742743">
    <time>2024-01-01T00:17:20.204Z</time>
    <name>Point 985</name>
  </wpt>
  <wpt lat="1.420229" lon="103.742722">
    <time>2024-01-01T00:17:20.866Z</time>
    <name>Point 986</name>
  </wpt>
  <wpt lat="1.420272" lon="103.742566">
    <time>2024-01-01T00:17:21.656Z</time>
    <name>Point 987</name>
  </wpt>
  <wpt lat="1.420272" lon="103.742287">
    <time>2024-01-01T00:17:23.017Z</time>
    <name>Point 988</name>
  </wpt>
  <wpt lat="1.420245" lon="103.742035">
    <time>2024-01-01T00:17:24.254Z</time>
    <name>Point 989</name>
  </wpt>
  <wpt lat="1.420149" lon="103.741831">
    <time>2024-01-01T00:17:25.355Z</time>
    <name>Point 990</name>
  </wpt>
  <wpt lat="1.420036" lon="103.741729">
    <time>2024-01-01T00:17:26.098Z</time>
    <name>Point 991</name>
  </wpt>
  <wpt lat="1.419902" lon="103.741665">
    <time>2024-01-01T00:17:26.823Z</time>
    <name>Point 992</name>
  </wpt>
  <wpt lat="1.419789" lon="103.741638">
    <time>2024-01-01T00:17:27.390Z</time>
    <name>Point 993</name>
  </wpt>
  <wpt lat="1.419682" lon="103.741627">
    <time>2024-01-01T00:17:27.915Z</time>
    <name>Point 994</name>
  </wpt>
  <wpt lat="1.419516" lon="103.741670">
    <time>2024-01-01T00:17:28.752Z</time>
    <name>Point 995</name>
  </wpt>
  <wpt lat="1.419310" lon="103.741743">
    <time>2024-01-01T00:17:29.821Z</time>
    <name>Point 996</name>
  </wpt>
  <wpt lat="1.419103" lon="103.741816">
    <time>2024-01-01T00:17:30.890Z</time>
    <name>Point 997</name>
  </wpt>
  <wpt lat="1.418897" lon="103.741889">
    <time>2024-01-01T00:17:31.959Z</time>
    <name>Point 998</name>
  </wpt>
  <wpt lat="1.418690" lon="103.741962">
    <time>2024-01-01T00:17:33.028Z</time>
    <name>Point 999</name>
  </wpt>
  <wpt lat="1.418484" lon="103.742035">
    <time>2024-01-01T00:17:34.098Z</time>
    <name>Point 1000</name>
  </wpt>
  <wpt lat="1.418277" lon="103.742108">
    <time>2024-01-01T00:17:35.167Z</time>
    <name>Point 1001</name>
  </wpt>
  <wpt lat="1.418071" lon="103.742181">
    <time>2024-01-01T00:17:36.236Z</time>
    <name>Point 1002</name>
  </wpt>
  <wpt lat="1.417864" lon="103.742254">
    <time>2024-01-01T00:17:37.305Z</time>
    <name>Point 1003</name>
  </wpt>
  <wpt lat="1.417658" lon="103.742327">
    <time>2024-01-01T00:17:38.374Z</time>
    <name>Point 1004</name>
  </wpt>
  <wpt lat="1.417451" lon="103.742400">
    <time>2024-01-01T00:17:39.444Z</time>
    <name>Point 1005</name>
  </wpt>
  <wpt lat="1.417259" lon="103.742467">
    <time>2024-01-01T00:17:40.436Z</time>
    <name>Point 1006</name>
  </wpt>
  <wpt lat="1.417067" lon="103.742534">
    <time>2024-01-01T00:17:41.429Z</time>
    <name>Point 1007</name>
  </wpt>
  <wpt lat="1.416875" lon="103.742601">
    <time>2024-01-01T00:17:42.422Z</time>
    <name>Point 1008</name>
  </wpt>
  <wpt lat="1.416683" lon="103.742668">
    <time>2024-01-01T00:17:43.414Z</time>
    <name>Point 1009</name>
  </wpt>
  <wpt lat="1.416491" lon="103.742735">
    <time>2024-01-01T00:17:44.407Z</time>
    <name>Point 1010</name>
  </wpt>
  <wpt lat="1.416299" lon="103.742802">
    <time>2024-01-01T00:17:45.400Z</time>
    <name>Point 1011</name>
  </wpt>
  <wpt lat="1.416107" lon="103.742869">
    <time>2024-01-01T00:17:46.392Z</time>
    <name>Point 1012</name>
  </wpt>
  <wpt lat="1.415915" lon="103.742936">
    <time>2024-01-01T00:17:47.385Z</time>
    <name>Point 1013</name>
  </wpt>
  <wpt lat="1.415723" lon="103.743003">
    <time>2024-01-01T00:17:48.378Z</time>
    <name>Point 1014</name>
  </wpt>
  <wpt lat="1.415531" lon="103.743070">
    <time>2024-01-01T00:17:49.371Z</time>
    <name>Point 1015</name>
  </wpt>
  <wpt lat="1.415328" lon="103.743136">
    <time>2024-01-01T00:17:50.413Z</time>
    <name>Point 1016</name>
  </wpt>
  <wpt lat="1.415125" lon="103.743202">
    <time>2024-01-01T00:17:51.455Z</time>
    <name>Point 1017</name>
  </wpt>
  <wpt lat="1.414922" lon="103.743268">
    <time>2024-01-01T00:17:52.497Z</time>
    <name>Point 1018</name>
  </wpt>
  <wpt lat="1.414719" lon="103.743334">
    <time>2024-01-01T00:17:53.539Z</time>
    <name>Point 1019</name>
  </wpt>
  <wpt lat="1.414516" lon="103.743400">
    <time>2024-01-01T00:17:54.581Z</time>
    <name>Point 1020</name>
  </wpt>
  <wpt lat="1.414313" lon="103.743466">
    <time>2024-01-01T00:17:55.623Z</time>
    <name>Point 1021</name>
  </wpt>
  <wpt lat="1.414110" lon="103.743532">
    <time>2024-01-01T00:17:56.665Z</time>
    <name>Point 1022</name>
  </wpt>
  <wpt lat="1.413745" lon="103.743650">
    <time>2024-01-01T00:17:58.537Z</time>
    <name>Point 1023</name>
  </wpt>
  <wpt lat="1.413547" lon="103.743677">
    <time>2024-01-01T00:17:59.513Z</time>
    <name>Point 1024</name>
  </wpt>
  <wpt lat="1.413376" lon="103.743696">
    <time>2024-01-01T00:18:00.355Z</time>
    <name>Point 1025</name>
  </wpt>
  <wpt lat="1.413204" lon="103.743715">
    <time>2024-01-01T00:18:01.197Z</time>
    <name>Point 1026</name>
  </wpt>
  <wpt lat="1.413032" lon="103.743733">
    <time>2024-01-01T00:18:02.039Z</time>
    <name>Point 1027</name>
  </wpt>
  <wpt lat="1.412861" lon="103.743752">
    <time>2024-01-01T00:18:02.882Z</time>
    <name>Point 1028</name>
  </wpt>
  <wpt lat="1.412625" lon="103.743736">
    <time>2024-01-01T00:18:04.036Z</time>
    <name>Point 1029</name>
  </wpt>
  <wpt lat="1.412455" lon="103.743729">
    <time>2024-01-01T00:18:04.866Z</time>
    <name>Point 1030</name>
  </wpt>
  <wpt lat="1.412285" lon="103.743721">
    <time>2024-01-01T00:18:05.697Z</time>
    <name>Point 1031</name>
  </wpt>
  <wpt lat="1.412115" lon="103.743714">
    <time>2024-01-01T00:18:06.528Z</time>
    <name>Point 1032</name>
  </wpt>
  <wpt lat="1.411925" lon="103.743674">
    <time>2024-01-01T00:18:07.474Z</time>
    <name>Point 1033</name>
  </wpt>
  <wpt lat="1.411735" lon="103.743635">
    <time>2024-01-01T00:18:08.421Z</time>
    <name>Point 1034</name>
  </wpt>
  <wpt lat="1.411546" lon="103.743595">
    <time>2024-01-01T00:18:09.367Z</time>
    <name>Point 1035</name>
  </wpt>
  <wpt lat="1.411356" lon="103.743556">
    <time>2024-01-01T00:18:10.314Z</time>
    <name>Point 1036</name>
  </wpt>
  <wpt lat="1.411166" lon="103.743516">
    <time>2024-01-01T00:18:11.261Z</time>
    <name>Point 1037</name>
  </wpt>
  <wpt lat="1.410997" lon="103.743482">
    <time>2024-01-01T00:18:12.102Z</time>
    <name>Point 1038</name>
  </wpt>
  <wpt lat="1.410828" lon="103.743449">
    <time>2024-01-01T00:18:12.943Z</time>
    <name>Point 1039</name>
  </wpt>
  <wpt lat="1.410659" lon="103.743415">
    <time>2024-01-01T00:18:13.784Z</time>
    <name>Point 1040</name>
  </wpt>
  <wpt lat="1.410490" lon="103.743382">
    <time>2024-01-01T00:18:14.625Z</time>
    <name>Point 1041</name>
  </wpt>
  <wpt lat="1.410265" lon="103.743317">
    <time>2024-01-01T00:18:15.768Z</time>
    <name>Point 1042</name>
  </wpt>
  <wpt lat="1.410085" lon="103.743318">
    <time>2024-01-01T00:18:16.647Z</time>
    <name>Point 1043</name>
  </wpt>
  <wpt lat="1.409905" lon="103.743319">
    <time>2024-01-01T00:18:17.527Z</time>
    <name>Point 1044</name>
  </wpt>
  <wpt lat="1.409724" lon="103.743320">
    <time>2024-01-01T00:18:18.407Z</time>
    <name>Point 1045</name>
  </wpt>
  <wpt lat="1.409544" lon="103.743321">
    <time>2024-01-01T00:18:19.287Z</time>
    <name>Point 1046</name>
  </wpt>
  <wpt lat="1.409364" lon="103.743322">
    <time>2024-01-01T00:18:20.167Z</time>
    <name>Point 1047</name>
  </wpt>
  <wpt lat="1.409183" lon="103.743329">
    <time>2024-01-01T00:18:21.052Z</time>
    <name>Point 1048</name>
  </wpt>
  <wpt lat="1.409002" lon="103.743335">
    <time>2024-01-01T00:18:21.937Z</time>
    <name>Point 1049</name>
  </wpt>
  <wpt lat="1.408820" lon="103.743342">
    <time>2024-01-01T00:18:22.822Z</time>
    <name>Point 1050</name>
  </wpt>
  <wpt lat="1.408639" lon="103.743348">
    <time>2024-01-01T00:18:23.707Z</time>
    <name>Point 1051</name>
  </wpt>
  <wpt lat="1.408458" lon="103.743355">
    <time>2024-01-01T00:18:24.593Z</time>
    <name>Point 1052</name>
  </wpt>
  <wpt lat="1.408345" lon="103.743387">
    <time>2024-01-01T00:18:25.166Z</time>
    <name>Point 1053</name>
  </wpt>
  <wpt lat="1.408270" lon="103.743446">
    <time>2024-01-01T00:18:25.632Z</time>
    <name>Point 1054</name>
  </wpt>
  <wpt lat="1.408206" lon="103.743521">
    <time>2024-01-01T00:18:26.113Z</time>
    <name>Point 1055</name>
  </wpt>
  <wpt lat="1.408174" lon="103.743703">
    <time>2024-01-01T00:18:27.015Z</time>
    <name>Point 1056</name>
  </wpt>
  <wpt lat="1.408134" lon="103.743921">
    <time>2024-01-01T00:18:28.098Z</time>
    <name>Point 1057</name>
  </wpt>
  <wpt lat="1.408094" lon="103.744140">
    <time>2024-01-01T00:18:29.182Z</time>
    <name>Point 1058</name>
  </wpt>
  <wpt lat="1.408054" lon="103.744358">
    <time>2024-01-01T00:18:30.265Z</time>
    <name>Point 1059</name>
  </wpt>
  <wpt lat="1.408015" lon="103.744577">
    <time>2024-01-01T00:18:31.349Z</time>
    <name>Point 1060</name>
  </wpt>
  <wpt lat="1.407975" lon="103.744795">
    <time>2024-01-01T00:18:32.432Z</time>
    <name>Point 1061</name>
  </wpt>
  <wpt lat="1.407935" lon="103.745014">
    <time>2024-01-01T00:18:33.516Z</time>
    <name>Point 1062</name>
  </wpt>
  <wpt lat="1.407895" lon="103.745232">
    <time>2024-01-01T00:18:34.600Z</time>
    <name>Point 1063</name>
  </wpt>
  <wpt lat="1.407866" lon="103.745416">
    <time>2024-01-01T00:18:35.510Z</time>
    <name>Point 1064</name>
  </wpt>
  <wpt lat="1.407838" lon="103.745601">
    <time>2024-01-01T00:18:36.420Z</time>
    <name>Point 1065</name>
  </wpt>
  <wpt lat="1.407809" lon="103.745785">
    <time>2024-01-01T00:18:37.331Z</time>
    <name>Point 1066</name>
  </wpt>
  <wpt lat="1.407803" lon="103.745994">
    <time>2024-01-01T00:18:38.352Z</time>
    <name>Point 1067</name>
  </wpt>
  <wpt lat="1.407825" lon="103.746176">
    <time>2024-01-01T00:18:39.246Z</time>
    <name>Point 1068</name>
  </wpt>
  <wpt lat="1.407841" lon="103.746343">
    <time>2024-01-01T00:18:40.065Z</time>
    <name>Point 1069</name>
  </wpt>
  <wpt lat="1.407868" lon="103.746445">
    <time>2024-01-01T00:18:40.580Z</time>
    <name>Point 1070</name>
  </wpt>
  <wpt lat="1.407857" lon="103.746530">
    <time>2024-01-01T00:18:40.998Z</time>
    <name>Point 1071</name>
  </wpt>
  <wpt lat="1.407691" lon="103.746568">
    <time>2024-01-01T00:18:41.830Z</time>
    <name>Point 1072</name>
  </wpt>
  <wpt lat="1.407528" lon="103.746598">
    <time>2024-01-01T00:18:42.637Z</time>
    <name>Point 1073</name>
  </wpt>
  <wpt lat="1.407366" lon="103.746629">
    <time>2024-01-01T00:18:43.445Z</time>
    <name>Point 1074</name>
  </wpt>
  <wpt lat="1.407203" lon="103.746659">
    <time>2024-01-01T00:18:44.253Z</time>
    <name>Point 1075</name>
  </wpt>
  <wpt lat="1.406929" lon="103.746686">
    <time>2024-01-01T00:18:45.597Z</time>
    <name>Point 1076</name>
  </wpt>
  <wpt lat="1.406527" lon="103.746638">
    <time>2024-01-01T00:18:47.573Z</time>
    <name>Point 1077</name>
  </wpt>
  <wpt lat="1.406189" lon="103.746547">
    <time>2024-01-01T00:18:49.282Z</time>
    <name>Point 1078</name>
  </wpt>
  <wpt lat="1.406009" lon="103.746443">
    <time>2024-01-01T00:18:50.298Z</time>
    <name>Point 1079</name>
  </wpt>
  <wpt lat="1.405828" lon="103.746339">
    <time>2024-01-01T00:18:51.314Z</time>
    <name>Point 1080</name>
  </wpt>
  <wpt lat="1.405648" lon="103.746235">
    <time>2024-01-01T00:18:52.331Z</time>
    <name>Point 1081</name>
  </wpt>
  <wpt lat="1.405379" lon="103.745989">
    <time>2024-01-01T00:18:54.110Z</time>
    <name>Point 1082</name>
  </wpt>
  <wpt lat="1.405239" lon="103.745860">
    <time>2024-01-01T00:18:55.039Z</time>
    <name>Point 1083</name>
  </wpt>
  <wpt lat="1.405099" lon="103.745731">
    <time>2024-01-01T00:18:55.968Z</time>
    <name>Point 1084</name>
  </wpt>
  <wpt lat="1.404958" lon="103.745602">
    <time>2024-01-01T00:18:56.897Z</time>
    <name>Point 1085</name>
  </wpt>
  <wpt lat="1.404818" lon="103.745474">
    <time>2024-01-01T00:18:57.826Z</time>
    <name>Point 1086</name>
  </wpt>
  <wpt lat="1.404678" lon="103.745345">
    <time>2024-01-01T00:18:58.755Z</time>
    <name>Point 1087</name>
  </wpt>
  <wpt lat="1.404538" lon="103.745216">
    <time>2024-01-01T00:18:59.685Z</time>
    <name>Point 1088</name>
  </wpt>
  <wpt lat="1.404407" lon="103.745103">
    <time>2024-01-01T00:19:00.529Z</time>
    <name>Point 1089</name>
  </wpt>
  <wpt lat="1.404275" lon="103.744991">
    <time>2024-01-01T00:19:01.374Z</time>
    <name>Point 1090</name>
  </wpt>
  <wpt lat="1.404143" lon="103.744878">
    <time>2024-01-01T00:19:02.219Z</time>
    <name>Point 1091</name>
  </wpt>
  <wpt lat="1.404012" lon="103.744766">
    <time>2024-01-01T00:19:03.064Z</time>
    <name>Point 1092</name>
  </wpt>
  <wpt lat="1.403876" lon="103.744667">
    <time>2024-01-01T00:19:03.884Z</time>
    <name>Point 1093</name>
  </wpt>
  <wpt lat="1.403740" lon="103.744569">
    <time>2024-01-01T00:19:04.704Z</time>
    <name>Point 1094</name>
  </wpt>
  <wpt lat="1.403604" lon="103.744470">
    <time>2024-01-01T00:19:05.525Z</time>
    <name>Point 1095</name>
  </wpt>
  <wpt lat="1.403441" lon="103.744374">
    <time>2024-01-01T00:19:06.451Z</time>
    <name>Point 1096</name>
  </wpt>
  <wpt lat="1.403277" lon="103.744277">
    <time>2024-01-01T00:19:07.378Z</time>
    <name>Point 1097</name>
  </wpt>
  <wpt lat="1.403113" lon="103.744180">
    <time>2024-01-01T00:19:08.305Z</time>
    <name>Point 1098</name>
  </wpt>
  <wpt lat="1.402950" lon="103.744084">
    <time>2024-01-01T00:19:09.232Z</time>
    <name>Point 1099</name>
  </wpt>
  <wpt lat="1.402792" lon="103.744014">
    <time>2024-01-01T00:19:10.076Z</time>
    <name>Point 1100</name>
  </wpt>
  <wpt lat="1.402633" lon="103.743944">
    <time>2024-01-01T00:19:10.920Z</time>
    <name>Point 1101</name>
  </wpt>
  <wpt lat="1.402475" lon="103.743875">
    <time>2024-01-01T00:19:11.764Z</time>
    <name>Point 1102</name>
  </wpt>
  <wpt lat="1.402317" lon="103.743805">
    <time>2024-01-01T00:19:12.608Z</time>
    <name>Point 1103</name>
  </wpt>
  <wpt lat="1.402017" lon="103.743698">
    <time>2024-01-01T00:19:14.163Z</time>
    <name>Point 1104</name>
  </wpt>
  <wpt lat="1.401744" lon="103.743623">
    <time>2024-01-01T00:19:15.545Z</time>
    <name>Point 1105</name>
  </wpt>
  <wpt lat="1.401620" lon="103.743575">
    <time>2024-01-01T00:19:16.194Z</time>
    <name>Point 1106</name>
  </wpt>
  <wpt lat="1.401373" lon="103.743526">
    <time>2024-01-01T00:19:17.424Z</time>
    <name>Point 1107</name>
  </wpt>
  <wpt lat="1.400982" lon="103.743435">
    <time>2024-01-01T00:19:19.383Z</time>
    <name>Point 1108</name>
  </wpt>
  <wpt lat="1.400794" lon="103.743411">
    <time>2024-01-01T00:19:20.307Z</time>
    <name>Point 1109</name>
  </wpt>
  <wpt lat="1.400606" lon="103.743387">
    <time>2024-01-01T00:19:21.231Z</time>
    <name>Point 1110</name>
  </wpt>
  <wpt lat="1.400419" lon="103.743363">
    <time>2024-01-01T00:19:22.155Z</time>
    <name>Point 1111</name>
  </wpt>
  <wpt lat="1.400231" lon="103.743339">
    <time>2024-01-01T00:19:23.079Z</time>
    <name>Point 1112</name>
  </wpt>
  <wpt lat="1.400019" lon="103.743316">
    <time>2024-01-01T00:19:24.119Z</time>
    <name>Point 1113</name>
  </wpt>
  <wpt lat="1.399808" lon="103.743292">
    <time>2024-01-01T00:19:25.159Z</time>
    <name>Point 1114</name>
  </wpt>
  <wpt lat="1.399596" lon="103.743268">
    <time>2024-01-01T00:19:26.199Z</time>
    <name>Point 1115</name>
  </wpt>
  <wpt lat="1.399384" lon="103.743245">
    <time>2024-01-01T00:19:27.239Z</time>
    <name>Point 1116</name>
  </wpt>
  <wpt lat="1.399172" lon="103.743222">
    <time>2024-01-01T00:19:28.279Z</time>
    <name>Point 1117</name>
  </wpt>
  <wpt lat="1.398960" lon="103.743198">
    <time>2024-01-01T00:19:29.319Z</time>
    <name>Point 1118</name>
  </wpt>
  <wpt lat="1.398749" lon="103.743174">
    <time>2024-01-01T00:19:30.359Z</time>
    <name>Point 1119</name>
  </wpt>
  <wpt lat="1.398537" lon="103.743151">
    <time>2024-01-01T00:19:31.400Z</time>
    <name>Point 1120</name>
  </wpt>
  <wpt lat="1.398322" lon="103.743123">
    <time>2024-01-01T00:19:32.460Z</time>
    <name>Point 1121</name>
  </wpt>
  <wpt lat="1.398106" lon="103.743094">
    <time>2024-01-01T00:19:33.520Z</time>
    <name>Point 1122</name>
  </wpt>
  <wpt lat="1.397891" lon="103.743066">
    <time>2024-01-01T00:19:34.580Z</time>
    <name>Point 1123</name>
  </wpt>
  <wpt lat="1.397676" lon="103.743037">
    <time>2024-01-01T00:19:35.640Z</time>
    <name>Point 1124</name>
  </wpt>
  <wpt lat="1.397461" lon="103.743009">
    <time>2024-01-01T00:19:36.700Z</time>
    <name>Point 1125</name>
  </wpt>
  <wpt lat="1.397245" lon="103.742980">
    <time>2024-01-01T00:19:37.760Z</time>
    <name>Point 1126</name>
  </wpt>
  <wpt lat="1.397030" lon="103.742952">
    <time>2024-01-01T00:19:38.820Z</time>
    <name>Point 1127</name>
  </wpt>
  <wpt lat="1.396906" lon="103.743017">
    <time>2024-01-01T00:19:39.504Z</time>
    <name>Point 1128</name>
  </wpt>
  <wpt lat="1.396778" lon="103.743151">
    <time>2024-01-01T00:19:40.408Z</time>
    <name>Point 1129</name>
  </wpt>
  <wpt lat="1.396740" lon="103.743387">
    <time>2024-01-01T00:19:41.575Z</time>
    <name>Point 1130</name>
  </wpt>
  <wpt lat="1.396715" lon="103.743587">
    <time>2024-01-01T00:19:42.560Z</time>
    <name>Point 1131</name>
  </wpt>
  <wpt lat="1.396690" lon="103.743788">
    <time>2024-01-01T00:19:43.545Z</time>
    <name>Point 1132</name>
  </wpt>
  <wpt lat="1.396665" lon="103.743988">
    <time>2024-01-01T00:19:44.531Z</time>
    <name>Point 1133</name>
  </wpt>
  <wpt lat="1.396665" lon="103.744190">
    <time>2024-01-01T00:19:45.516Z</time>
    <name>Point 1134</name>
  </wpt>
  <wpt lat="1.396665" lon="103.744392">
    <time>2024-01-01T00:19:46.502Z</time>
    <name>Point 1135</name>
  </wpt>
  <wpt lat="1.396665" lon="103.744594">
    <time>2024-01-01T00:19:47.488Z</time>
    <name>Point 1136</name>
  </wpt>
  <wpt lat="1.396676" lon="103.744805">
    <time>2024-01-01T00:19:48.516Z</time>
    <name>Point 1137</name>
  </wpt>
  <wpt lat="1.396686" lon="103.745015">
    <time>2024-01-01T00:19:49.545Z</time>
    <name>Point 1138</name>
  </wpt>
  <wpt lat="1.396697" lon="103.745226">
    <time>2024-01-01T00:19:50.574Z</time>
    <name>Point 1139</name>
  </wpt>
  <wpt lat="1.396708" lon="103.745436">
    <time>2024-01-01T00:19:51.603Z</time>
    <name>Point 1140</name>
  </wpt>
  <wpt lat="1.396692" lon="103.745785">
    <time>2024-01-01T00:19:53.308Z</time>
    <name>Point 1141</name>
  </wpt>
  <wpt lat="1.396674" lon="103.745973">
    <time>2024-01-01T00:19:54.228Z</time>
    <name>Point 1142</name>
  </wpt>
  <wpt lat="1.396656" lon="103.746160">
    <time>2024-01-01T00:19:55.148Z</time>
    <name>Point 1143</name>
  </wpt>
  <wpt lat="1.396638" lon="103.746348">
    <time>2024-01-01T00:19:56.068Z</time>
    <name>Point 1144</name>
  </wpt>
  <wpt lat="1.396595" lon="103.746568">
    <time>2024-01-01T00:19:57.162Z</time>
    <name>Point 1145</name>
  </wpt>
  <wpt lat="1.396483" lon="103.746970">
    <time>2024-01-01T00:19:59.199Z</time>
    <name>Point 1146</name>
  </wpt>
  <wpt lat="1.396451" lon="103.747136">
    <time>2024-01-01T00:20:00.025Z</time>
    <name>Point 1147</name>
  </wpt>
  <wpt lat="1.396418" lon="103.747303">
    <time>2024-01-01T00:20:00.852Z</time>
    <name>Point 1148</name>
  </wpt>
  <wpt lat="1.396386" lon="103.747469">
    <time>2024-01-01T00:20:01.679Z</time>
    <name>Point 1149</name>
  </wpt>
  <wpt lat="1.396343" lon="103.747630">
    <time>2024-01-01T00:20:02.493Z</time>
    <name>Point 1150</name>
  </wpt>
  <wpt lat="1.396318" lon="103.747841">
    <time>2024-01-01T00:20:03.530Z</time>
    <name>Point 1151</name>
  </wpt>
  <wpt lat="1.396293" lon="103.748052">
    <time>2024-01-01T00:20:04.567Z</time>
    <name>Point 1152</name>
  </wpt>
  <wpt lat="1.396268" lon="103.748263">
    <time>2024-01-01T00:20:05.604Z</time>
    <name>Point 1153</name>
  </wpt>
  <wpt lat="1.396261" lon="103.748440">
    <time>2024-01-01T00:20:06.468Z</time>
    <name>Point 1154</name>
  </wpt>
  <wpt lat="1.396254" lon="103.748617">
    <time>2024-01-01T00:20:07.332Z</time>
    <name>Point 1155</name>
  </wpt>
  <wpt lat="1.396247" lon="103.748794">
    <time>2024-01-01T00:20:08.197Z</time>
    <name>Point 1156</name>
  </wpt>
  <wpt lat="1.396279" lon="103.749186">
    <time>2024-01-01T00:20:10.116Z</time>
    <name>Point 1157</name>
  </wpt>
  <wpt lat="1.396297" lon="103.749336">
    <time>2024-01-01T00:20:10.853Z</time>
    <name>Point 1158</name>
  </wpt>
  <wpt lat="1.396314" lon="103.749486">
    <time>2024-01-01T00:20:11.590Z</time>
    <name>Point 1159</name>
  </wpt>
  <wpt lat="1.396332" lon="103.749636">
    <time>2024-01-01T00:20:12.328Z</time>
    <name>Point 1160</name>
  </wpt>
  <wpt lat="1.396347" lon="103.749847">
    <time>2024-01-01T00:20:13.359Z</time>
    <name>Point 1161</name>
  </wpt>
  <wpt lat="1.396361" lon="103.750058">
    <time>2024-01-01T00:20:14.390Z</time>
    <name>Point 1162</name>
  </wpt>
  <wpt lat="1.396376" lon="103.750269">
    <time>2024-01-01T00:20:15.422Z</time>
    <name>Point 1163</name>
  </wpt>
  <wpt lat="1.396390" lon="103.750479">
    <time>2024-01-01T00:20:16.453Z</time>
    <name>Point 1164</name>
  </wpt>
  <wpt lat="1.396405" lon="103.750690">
    <time>2024-01-01T00:20:17.485Z</time>
    <name>Point 1165</name>
  </wpt>
  <wpt lat="1.396419" lon="103.750901">
    <time>2024-01-01T00:20:18.516Z</time>
    <name>Point 1166</name>
  </wpt>
  <wpt lat="1.396434" lon="103.751112">
    <time>2024-01-01T00:20:19.548Z</time>
    <name>Point 1167</name>
  </wpt>
  <wpt lat="1.396429" lon="103.751310">
    <time>2024-01-01T00:20:20.515Z</time>
    <name>Point 1168</name>
  </wpt>
  <wpt lat="1.396381" lon="103.751460">
    <time>2024-01-01T00:20:21.283Z</time>
    <name>Point 1169</name>
  </wpt>
  <wpt lat="1.396252" lon="103.751621">
    <time>2024-01-01T00:20:22.290Z</time>
    <name>Point 1170</name>
  </wpt>
  <wpt lat="1.396043" lon="103.751766">
    <time>2024-01-01T00:20:23.532Z</time>
    <name>Point 1171</name>
  </wpt>
  <wpt lat="1.395807" lon="103.751804">
    <time>2024-01-01T00:20:24.699Z</time>
    <name>Point 1172</name>
  </wpt>
  <wpt lat="1.395606" lon="103.751840">
    <time>2024-01-01T00:20:25.696Z</time>
    <name>Point 1173</name>
  </wpt>
  <wpt lat="1.395405" lon="103.751875">
    <time>2024-01-01T00:20:26.693Z</time>
    <name>Point 1174</name>
  </wpt>
  <wpt lat="1.395204" lon="103.751911">
    <time>2024-01-01T00:20:27.691Z</time>
    <name>Point 1175</name>
  </wpt>
  <wpt lat="1.395002" lon="103.751947">
    <time>2024-01-01T00:20:28.688Z</time>
    <name>Point 1176</name>
  </wpt>
  <wpt lat="1.394801" lon="103.751982">
    <time>2024-01-01T00:20:29.685Z</time>
    <name>Point 1177</name>
  </wpt>
  <wpt lat="1.394600" lon="103.752018">
    <time>2024-01-01T00:20:30.683Z</time>
    <name>Point 1178</name>
  </wpt>
  <wpt lat="1.394446" lon="103.752034">
    <time>2024-01-01T00:20:31.437Z</time>
    <name>Point 1179</name>
  </wpt>
  <wpt lat="1.394293" lon="103.752050">
    <time>2024-01-01T00:20:32.191Z</time>
    <name>Point 1180</name>
  </wpt>
  <wpt lat="1.394139" lon="103.752066">
    <time>2024-01-01T00:20:32.946Z</time>
    <name>Point 1181</name>
  </wpt>
  <wpt lat="1.393823" lon="103.752115">
    <time>2024-01-01T00:20:34.507Z</time>
    <name>Point 1182</name>
  </wpt>
  <wpt lat="1.393576" lon="103.752147">
    <time>2024-01-01T00:20:35.723Z</time>
    <name>Point 1183</name>
  </wpt>
  <wpt lat="1.393426" lon="103.752126">
    <time>2024-01-01T00:20:36.462Z</time>
    <name>Point 1184</name>
  </wpt>
  <wpt lat="1.393227" lon="103.752061">
    <time>2024-01-01T00:20:37.484Z</time>
    <name>Point 1185</name>
  </wpt>
  <wpt lat="1.393061" lon="103.751965">
    <time>2024-01-01T00:20:38.420Z</time>
    <name>Point 1186</name>
  </wpt>
  <wpt lat="1.392916" lon="103.751814">
    <time>2024-01-01T00:20:39.442Z</time>
    <name>Point 1187</name>
  </wpt>
  <wpt lat="1.392814" lon="103.751621">
    <time>2024-01-01T00:20:40.507Z</time>
    <name>Point 1188</name>
  </wpt>
  <wpt lat="1.392734" lon="103.751423">
    <time>2024-01-01T00:20:41.549Z</time>
    <name>Point 1189</name>
  </wpt>
  <wpt lat="1.392729" lon="103.751155">
    <time>2024-01-01T00:20:42.858Z</time>
    <name>Point 1190</name>
  </wpt>
  <wpt lat="1.392702" lon="103.750940">
    <time>2024-01-01T00:20:43.915Z</time>
    <name>Point 1191</name>
  </wpt>
  <wpt lat="1.392662" lon="103.750757">
    <time>2024-01-01T00:20:44.827Z</time>
    <name>Point 1192</name>
  </wpt>
  <wpt lat="1.392622" lon="103.750575">
    <time>2024-01-01T00:20:45.739Z</time>
    <name>Point 1193</name>
  </wpt>
  <wpt lat="1.392581" lon="103.750393">
    <time>2024-01-01T00:20:46.651Z</time>
    <name>Point 1194</name>
  </wpt>
  <wpt lat="1.392541" lon="103.750210">
    <time>2024-01-01T00:20:47.563Z</time>
    <name>Point 1195</name>
  </wpt>
  <wpt lat="1.392407" lon="103.749867">
    <time>2024-01-01T00:20:49.361Z</time>
    <name>Point 1196</name>
  </wpt>
  <wpt lat="1.392262" lon="103.749486">
    <time>2024-01-01T00:20:51.350Z</time>
    <name>Point 1197</name>
  </wpt>
  <wpt lat="1.392144" lon="103.749111">
    <time>2024-01-01T00:20:53.269Z</time>
    <name>Point 1198</name>
  </wpt>
  <wpt lat="1.392120" lon="103.748907">
    <time>2024-01-01T00:20:54.271Z</time>
    <name>Point 1199</name>
  </wpt>
  <wpt lat="1.392096" lon="103.748703">
    <time>2024-01-01T00:20:55.274Z</time>
    <name>Point 1200</name>
  </wpt>
  <wpt lat="1.392072" lon="103.748499">
    <time>2024-01-01T00:20:56.276Z</time>
    <name>Point 1201</name>
  </wpt>
  <wpt lat="1.392048" lon="103.748295">
    <time>2024-01-01T00:20:57.279Z</time>
    <name>Point 1202</name>
  </wpt>
  <wpt lat="1.392023" lon="103.748088">
    <time>2024-01-01T00:20:58.296Z</time>
    <name>Point 1203</name>
  </wpt>
  <wpt lat="1.391998" lon="103.747881">
    <time>2024-01-01T00:20:59.313Z</time>
    <name>Point 1204</name>
  </wpt>
  <wpt lat="1.391974" lon="103.747674">
    <time>2024-01-01T00:21:00.331Z</time>
    <name>Point 1205</name>
  </wpt>
  <wpt lat="1.391949" lon="103.747467">
    <time>2024-01-01T00:21:01.348Z</time>
    <name>Point 1206</name>
  </wpt>
  <wpt lat="1.391924" lon="103.747260">
    <time>2024-01-01T00:21:02.366Z</time>
    <name>Point 1207</name>
  </wpt>
  <wpt lat="1.391917" lon="103.747074">
    <time>2024-01-01T00:21:03.274Z</time>
    <name>Point 1208</name>
  </wpt>
  <wpt lat="1.391910" lon="103.746888">
    <time>2024-01-01T00:21:04.182Z</time>
    <name>Point 1209</name>
  </wpt>
  <wpt lat="1.391903" lon="103.746702">
    <time>2024-01-01T00:21:05.091Z</time>
    <name>Point 1210</name>
  </wpt>
  <wpt lat="1.391940" lon="103.746278">
    <time>2024-01-01T00:21:07.168Z</time>
    <name>Point 1211</name>
  </wpt>
  <wpt lat="1.391983" lon="103.746081">
    <time>2024-01-01T00:21:08.152Z</time>
    <name>Point 1212</name>
  </wpt>
  <wpt lat="1.392026" lon="103.745884">
    <time>2024-01-01T00:21:09.136Z</time>
    <name>Point 1213</name>
  </wpt>
  <wpt lat="1.392069" lon="103.745687">
    <time>2024-01-01T00:21:10.120Z</time>
    <name>Point 1214</name>
  </wpt>
  <wpt lat="1.392112" lon="103.745490">
    <time>2024-01-01T00:21:11.104Z</time>
    <name>Point 1215</name>
  </wpt>
  <wpt lat="1.392187" lon="103.745162">
    <time>2024-01-01T00:21:12.746Z</time>
    <name>Point 1216</name>
  </wpt>
  <wpt lat="1.392230" lon="103.744983">
    <time>2024-01-01T00:21:13.644Z</time>
    <name>Point 1217</name>
  </wpt>
  <wpt lat="1.392273" lon="103.744804">
    <time>2024-01-01T00:21:14.542Z</time>
    <name>Point 1218</name>
  </wpt>
  <wpt lat="1.392315" lon="103.744625">
    <time>2024-01-01T00:21:15.440Z</time>
    <name>Point 1219</name>
  </wpt>
  <wpt lat="1.392358" lon="103.744446">
    <time>2024-01-01T00:21:16.338Z</time>
    <name>Point 1220</name>
  </wpt>
  <wpt lat="1.392401" lon="103.744267">
    <time>2024-01-01T00:21:17.237Z</time>
    <name>Point 1221</name>
  </wpt>
  <wpt lat="1.392452" lon="103.744058">
    <time>2024-01-01T00:21:18.288Z</time>
    <name>Point 1222</name>
  </wpt>
  <wpt lat="1.392503" lon="103.743848">
    <time>2024-01-01T00:21:19.340Z</time>
    <name>Point 1223</name>
  </wpt>
  <wpt lat="1.392554" lon="103.743639">
    <time>2024-01-01T00:21:20.392Z</time>
    <name>Point 1224</name>
  </wpt>
  <wpt lat="1.392605" lon="103.743430">
    <time>2024-01-01T00:21:21.443Z</time>
    <name>Point 1225</name>
  </wpt>
  <wpt lat="1.392656" lon="103.743220">
    <time>2024-01-01T00:21:22.495Z</time>
    <name>Point 1226</name>
  </wpt>
  <wpt lat="1.392707" lon="103.743011">
    <time>2024-01-01T00:21:23.547Z</time>
    <name>Point 1227</name>
  </wpt>
  <wpt lat="1.392758" lon="103.742841">
    <time>2024-01-01T00:21:24.414Z</time>
    <name>Point 1228</name>
  </wpt>
  <wpt lat="1.392809" lon="103.742671">
    <time>2024-01-01T00:21:25.281Z</time>
    <name>Point 1229</name>
  </wpt>
  <wpt lat="1.392860" lon="103.742500">
    <time>2024-01-01T00:21:26.148Z</time>
    <name>Point 1230</name>
  </wpt>
  <wpt lat="1.392911" lon="103.742330">
    <time>2024-01-01T00:21:27.016Z</time>
    <name>Point 1231</name>
  </wpt>
  <wpt lat="1.393077" lon="103.741938">
    <time>2024-01-01T00:21:29.094Z</time>
    <name>Point 1232</name>
  </wpt>
  <wpt lat="1.393201" lon="103.741601">
    <time>2024-01-01T00:21:30.846Z</time>
    <name>Point 1233</name>
  </wpt>
  <wpt lat="1.393238" lon="103.741440">
    <time>2024-01-01T00:21:31.652Z</time>
    <name>Point 1234</name>
  </wpt>
  <wpt lat="1.393168" lon="103.741279">
    <time>2024-01-01T00:21:32.509Z</time>
    <name>Point 1235</name>
  </wpt>
  <wpt lat="1.393136" lon="103.741155">
    <time>2024-01-01T00:21:33.134Z</time>
    <name>Point 1236</name>
  </wpt>
  <wpt lat="1.393018" lon="103.741075">
    <time>2024-01-01T00:21:33.830Z</time>
    <name>Point 1237</name>
  </wpt>
  <wpt lat="1.392842" lon="103.740974">
    <time>2024-01-01T00:21:34.817Z</time>
    <name>Point 1238</name>
  </wpt>
  <wpt lat="1.392667" lon="103.740873">
    <time>2024-01-01T00:21:35.805Z</time>
    <name>Point 1239</name>
  </wpt>
  <wpt lat="1.392492" lon="103.740773">
    <time>2024-01-01T00:21:36.793Z</time>
    <name>Point 1240</name>
  </wpt>
  <wpt lat="1.392316" lon="103.740672">
    <time>2024-01-01T00:21:37.781Z</time>
    <name>Point 1241</name>
  </wpt>
  <wpt lat="1.392110" lon="103.740585">
    <time>2024-01-01T00:21:38.871Z</time>
    <name>Point 1242</name>
  </wpt>
  <wpt lat="1.391905" lon="103.740497">
    <time>2024-01-01T00:21:39.962Z</time>
    <name>Point 1243</name>
  </wpt>
  <wpt lat="1.391699" lon="103.740410">
    <time>2024-01-01T00:21:41.053Z</time>
    <name>Point 1244</name>
  </wpt>
  <wpt lat="1.391524" lon="103.740369">
    <time>2024-01-01T00:21:41.932Z</time>
    <name>Point 1245</name>
  </wpt>
  <wpt lat="1.391348" lon="103.740327">
    <time>2024-01-01T00:21:42.812Z</time>
    <name>Point 1246</name>
  </wpt>
  <wpt lat="1.391173" lon="103.740286">
    <time>2024-01-01T00:21:43.692Z</time>
    <name>Point 1247</name>
  </wpt>
  <wpt lat="1.390955" lon="103.740259">
    <time>2024-01-01T00:21:44.764Z</time>
    <name>Point 1248</name>
  </wpt>
  <wpt lat="1.390737" lon="103.740233">
    <time>2024-01-01T00:21:45.836Z</time>
    <name>Point 1249</name>
  </wpt>
  <wpt lat="1.390519" lon="103.740206">
    <time>2024-01-01T00:21:46.908Z</time>
    <name>Point 1250</name>
  </wpt>
  <wpt lat="1.390355" lon="103.740222">
    <time>2024-01-01T00:21:47.714Z</time>
    <name>Point 1251</name>
  </wpt>
  <wpt lat="1.390190" lon="103.740238">
    <time>2024-01-01T00:21:48.520Z</time>
    <name>Point 1252</name>
  </wpt>
  <wpt lat="1.390026" lon="103.740254">
    <time>2024-01-01T00:21:49.326Z</time>
    <name>Point 1253</name>
  </wpt>
  <wpt lat="1.389845" lon="103.740298">
    <time>2024-01-01T00:21:50.237Z</time>
    <name>Point 1254</name>
  </wpt>
  <wpt lat="1.389663" lon="103.740342">
    <time>2024-01-01T00:21:51.148Z</time>
    <name>Point 1255</name>
  </wpt>
  <wpt lat="1.389482" lon="103.740386">
    <time>2024-01-01T00:21:52.059Z</time>
    <name>Point 1256</name>
  </wpt>
  <wpt lat="1.389300" lon="103.740430">
    <time>2024-01-01T00:21:52.970Z</time>
    <name>Point 1257</name>
  </wpt>
  <wpt lat="1.389119" lon="103.740474">
    <time>2024-01-01T00:21:53.882Z</time>
    <name>Point 1258</name>
  </wpt>
  <wpt lat="1.388723" lon="103.740646">
    <time>2024-01-01T00:21:55.990Z</time>
    <name>Point 1259</name>
  </wpt>
  <wpt lat="1.388547" lon="103.740729">
    <time>2024-01-01T00:21:56.939Z</time>
    <name>Point 1260</name>
  </wpt>
  <wpt lat="1.388371" lon="103.740811">
    <time>2024-01-01T00:21:57.888Z</time>
    <name>Point 1261</name>
  </wpt>
  <wpt lat="1.388195" lon="103.740894">
    <time>2024-01-01T00:21:58.837Z</time>
    <name>Point 1262</name>
  </wpt>
  <wpt lat="1.388019" lon="103.740976">
    <time>2024-01-01T00:21:59.786Z</time>
    <name>Point 1263</name>
  </wpt>
  <wpt lat="1.387843" lon="103.741059">
    <time>2024-01-01T00:22:00.735Z</time>
    <name>Point 1264</name>
  </wpt>
  <wpt lat="1.387663" lon="103.741153">
    <time>2024-01-01T00:22:01.724Z</time>
    <name>Point 1265</name>
  </wpt>
  <wpt lat="1.387484" lon="103.741247">
    <time>2024-01-01T00:22:02.714Z</time>
    <name>Point 1266</name>
  </wpt>
  <wpt lat="1.387304" lon="103.741340">
    <time>2024-01-01T00:22:03.703Z</time>
    <name>Point 1267</name>
  </wpt>
  <wpt lat="1.387124" lon="103.741434">
    <time>2024-01-01T00:22:04.693Z</time>
    <name>Point 1268</name>
  </wpt>
  <wpt lat="1.386749" lon="103.741579">
    <time>2024-01-01T00:22:06.656Z</time>
    <name>Point 1269</name>
  </wpt>
  <wpt lat="1.386653" lon="103.741627">
    <time>2024-01-01T00:22:07.180Z</time>
    <name>Point 1270</name>
  </wpt>
  <wpt lat="1.386572" lon="103.741665">
    <time>2024-01-01T00:22:07.617Z</time>
    <name>Point 1271</name>
  </wpt>
  <wpt lat="1.386486" lon="103.741708">
    <time>2024-01-01T00:22:08.086Z</time>
    <name>Point 1272</name>
  </wpt>
  <wpt lat="1.386261" lon="103.741810">
    <time>2024-01-01T00:22:09.292Z</time>
    <name>Point 1273</name>
  </wpt>
  <wpt lat="1.386089" lon="103.741888">
    <time>2024-01-01T00:22:10.215Z</time>
    <name>Point 1274</name>
  </wpt>
  <wpt lat="1.385916" lon="103.741965">
    <time>2024-01-01T00:22:11.139Z</time>
    <name>Point 1275</name>
  </wpt>
  <wpt lat="1.385744" lon="103.742043">
    <time>2024-01-01T00:22:12.062Z</time>
    <name>Point 1276</name>
  </wpt>
  <wpt lat="1.385571" lon="103.742121">
    <time>2024-01-01T00:22:12.986Z</time>
    <name>Point 1277</name>
  </wpt>
  <wpt lat="1.385398" lon="103.742198">
    <time>2024-01-01T00:22:13.909Z</time>
    <name>Point 1278</name>
  </wpt>
  <wpt lat="1.385226" lon="103.742276">
    <time>2024-01-01T00:22:14.833Z</time>
    <name>Point 1279</name>
  </wpt>
  <wpt lat="1.385070" lon="103.742317">
    <time>2024-01-01T00:22:15.619Z</time>
    <name>Point 1280</name>
  </wpt>
  <wpt lat="1.384915" lon="103.742359">
    <time>2024-01-01T00:22:16.405Z</time>
    <name>Point 1281</name>
  </wpt>
  <wpt lat="1.384759" lon="103.742400">
    <time>2024-01-01T00:22:17.192Z</time>
    <name>Point 1282</name>
  </wpt>
  <wpt lat="1.384607" lon="103.742443">
    <time>2024-01-01T00:22:17.961Z</time>
    <name>Point 1283</name>
  </wpt>
  <wpt lat="1.384456" lon="103.742486">
    <time>2024-01-01T00:22:18.730Z</time>
    <name>Point 1284</name>
  </wpt>
  <wpt lat="1.384304" lon="103.742529">
    <time>2024-01-01T00:22:19.500Z</time>
    <name>Point 1285</name>
  </wpt>
  <wpt lat="1.384030" lon="103.742571">
    <time>2024-01-01T00:22:20.853Z</time>
    <name>Point 1286</name>
  </wpt>
  <wpt lat="1.383832" lon="103.742620">
    <time>2024-01-01T00:22:21.849Z</time>
    <name>Point 1287</name>
  </wpt>
  <wpt lat="1.383644" lon="103.742647">
    <time>2024-01-01T00:22:22.776Z</time>
    <name>Point 1288</name>
  </wpt>
  <wpt lat="1.383438" lon="103.742692">
    <time>2024-01-01T00:22:23.803Z</time>
    <name>Point 1289</name>
  </wpt>
  <wpt lat="1.383233" lon="103.742736">
    <time>2024-01-01T00:22:24.831Z</time>
    <name>Point 1290</name>
  </wpt>
  <wpt lat="1.383027" lon="103.742781">
    <time>2024-01-01T00:22:25.859Z</time>
    <name>Point 1291</name>
  </wpt>
  <wpt lat="1.382820" lon="103.742835">
    <time>2024-01-01T00:22:26.904Z</time>
    <name>Point 1292</name>
  </wpt>
  <wpt lat="1.382612" lon="103.742888">
    <time>2024-01-01T00:22:27.949Z</time>
    <name>Point 1293</name>
  </wpt>
  <wpt lat="1.382405" lon="103.742942">
    <time>2024-01-01T00:22:28.995Z</time>
    <name>Point 1294</name>
  </wpt>
  <wpt lat="1.382057" lon="103.743033">
    <time>2024-01-01T00:22:30.751Z</time>
    <name>Point 1295</name>
  </wpt>
  <wpt lat="1.381745" lon="103.743199">
    <time>2024-01-01T00:22:32.476Z</time>
    <name>Point 1296</name>
  </wpt>
  <wpt lat="1.381713" lon="103.743344">
    <time>2024-01-01T00:22:33.201Z</time>
    <name>Point 1297</name>
  </wpt>
  <wpt lat="1.381703" lon="103.743462">
    <time>2024-01-01T00:22:33.779Z</time>
    <name>Point 1298</name>
  </wpt>
  <wpt lat="1.381697" lon="103.743585">
    <time>2024-01-01T00:22:34.380Z</time>
    <name>Point 1299</name>
  </wpt>
  <wpt lat="1.381804" lon="103.743741">
    <time>2024-01-01T00:22:35.303Z</time>
    <name>Point 1300</name>
  </wpt>
  <wpt lat="1.381911" lon="103.743897">
    <time>2024-01-01T00:22:36.226Z</time>
    <name>Point 1301</name>
  </wpt>
  <wpt lat="1.382019" lon="103.744052">
    <time>2024-01-01T00:22:37.149Z</time>
    <name>Point 1302</name>
  </wpt>
  <wpt lat="1.382126" lon="103.744208">
    <time>2024-01-01T00:22:38.072Z</time>
    <name>Point 1303</name>
  </wpt>
  <wpt lat="1.382246" lon="103.744384">
    <time>2024-01-01T00:22:39.113Z</time>
    <name>Point 1304</name>
  </wpt>
  <wpt lat="1.382366" lon="103.744561">
    <time>2024-01-01T00:22:40.154Z</time>
    <name>Point 1305</name>
  </wpt>
  <wpt lat="1.382486" lon="103.744737">
    <time>2024-01-01T00:22:41.195Z</time>
    <name>Point 1306</name>
  </wpt>
  <wpt lat="1.382607" lon="103.744913">
    <time>2024-01-01T00:22:42.236Z</time>
    <name>Point 1307</name>
  </wpt>
  <wpt lat="1.382727" lon="103.745089">
    <time>2024-01-01T00:22:43.277Z</time>
    <name>Point 1308</name>
  </wpt>
  <wpt lat="1.382847" lon="103.745266">
    <time>2024-01-01T00:22:44.318Z</time>
    <name>Point 1309</name>
  </wpt>
  <wpt lat="1.382967" lon="103.745442">
    <time>2024-01-01T00:22:45.359Z</time>
    <name>Point 1310</name>
  </wpt>
  <wpt lat="1.383087" lon="103.745618">
    <time>2024-01-01T00:22:46.400Z</time>
    <name>Point 1311</name>
  </wpt>
  <wpt lat="1.383207" lon="103.745794">
    <time>2024-01-01T00:22:47.441Z</time>
    <name>Point 1312</name>
  </wpt>
  <wpt lat="1.383327" lon="103.745971">
    <time>2024-01-01T00:22:48.482Z</time>
    <name>Point 1313</name>
  </wpt>
  <wpt lat="1.383447" lon="103.746147">
    <time>2024-01-01T00:22:49.523Z</time>
    <name>Point 1314</name>
  </wpt>
  <wpt lat="1.383568" lon="103.746323">
    <time>2024-01-01T00:22:50.564Z</time>
    <name>Point 1315</name>
  </wpt>
  <wpt lat="1.383688" lon="103.746499">
    <time>2024-01-01T00:22:51.605Z</time>
    <name>Point 1316</name>
  </wpt>
  <wpt lat="1.383808" lon="103.746676">
    <time>2024-01-01T00:22:52.646Z</time>
    <name>Point 1317</name>
  </wpt>
  <wpt lat="1.383928" lon="103.746852">
    <time>2024-01-01T00:22:53.688Z</time>
    <name>Point 1318</name>
  </wpt>
  <wpt lat="1.383960" lon="103.746970">
    <time>2024-01-01T00:22:54.285Z</time>
    <name>Point 1319</name>
  </wpt>
  <wpt lat="1.383955" lon="103.747078">
    <time>2024-01-01T00:22:54.813Z</time>
    <name>Point 1320</name>
  </wpt>
  <wpt lat="1.383842" lon="103.747131">
    <time>2024-01-01T00:22:55.422Z</time>
    <name>Point 1321</name>
  </wpt>
  <wpt lat="1.383692" lon="103.747228">
    <time>2024-01-01T00:22:56.294Z</time>
    <name>Point 1322</name>
  </wpt>
  <wpt lat="1.383537" lon="103.747367">
    <time>2024-01-01T00:22:57.310Z</time>
    <name>Point 1323</name>
  </wpt>
  <wpt lat="1.383381" lon="103.747593">
    <time>2024-01-01T00:22:58.651Z</time>
    <name>Point 1324</name>
  </wpt>
  <wpt lat="1.383263" lon="103.747861">
    <time>2024-01-01T00:23:00.080Z</time>
    <name>Point 1325</name>
  </wpt>
  <wpt lat="1.383169" lon="103.748063">
    <time>2024-01-01T00:23:01.167Z</time>
    <name>Point 1326</name>
  </wpt>
  <wpt lat="1.383075" lon="103.748265">
    <time>2024-01-01T00:23:02.254Z</time>
    <name>Point 1327</name>
  </wpt>
  <wpt lat="1.382981" lon="103.748467">
    <time>2024-01-01T00:23:03.341Z</time>
    <name>Point 1328</name>
  </wpt>
  <wpt lat="1.382887" lon="103.748669">
    <time>2024-01-01T00:23:04.428Z</time>
    <name>Point 1329</name>
  </wpt>
  <wpt lat="1.382793" lon="103.748871">
    <time>2024-01-01T00:23:05.515Z</time>
    <name>Point 1330</name>
  </wpt>
  <wpt lat="1.382698" lon="103.749072">
    <time>2024-01-01T00:23:06.603Z</time>
    <name>Point 1331</name>
  </wpt>
  <wpt lat="1.382604" lon="103.749274">
    <time>2024-01-01T00:23:07.690Z</time>
    <name>Point 1332</name>
  </wpt>
  <wpt lat="1.382510" lon="103.749476">
    <time>2024-01-01T00:23:08.777Z</time>
    <name>Point 1333</name>
  </wpt>
  <wpt lat="1.382416" lon="103.749678">
    <time>2024-01-01T00:23:09.864Z</time>
    <name>Point 1334</name>
  </wpt>
  <wpt lat="1.382322" lon="103.749880">
    <time>2024-01-01T00:23:10.951Z</time>
    <name>Point 1335</name>
  </wpt>
  <wpt lat="1.382228" lon="103.750082">
    <time>2024-01-01T00:23:12.039Z</time>
    <name>Point 1336</name>
  </wpt>
  <wpt lat="1.382149" lon="103.750259">
    <time>2024-01-01T00:23:12.985Z</time>
    <name>Point 1337</name>
  </wpt>
  <wpt lat="1.382070" lon="103.750436">
    <time>2024-01-01T00:23:13.931Z</time>
    <name>Point 1338</name>
  </wpt>
  <wpt lat="1.381991" lon="103.750613">
    <time>2024-01-01T00:23:14.877Z</time>
    <name>Point 1339</name>
  </wpt>
  <wpt lat="1.381912" lon="103.750790">
    <time>2024-01-01T00:23:15.823Z</time>
    <name>Point 1340</name>
  </wpt>
  <wpt lat="1.381783" lon="103.751079">
    <time>2024-01-01T00:23:17.367Z</time>
    <name>Point 1341</name>
  </wpt>
  <wpt lat="1.381649" lon="103.751450">
    <time>2024-01-01T00:23:19.292Z</time>
    <name>Point 1342</name>
  </wpt>
  <wpt lat="1.381649" lon="103.751643">
    <time>2024-01-01T00:23:20.234Z</time>
    <name>Point 1343</name>
  </wpt>
  <wpt lat="1.381670" lon="103.751895">
    <time>2024-01-01T00:23:21.468Z</time>
    <name>Point 1344</name>
  </wpt>
  <wpt lat="1.381719" lon="103.752179">
    <time>2024-01-01T00:23:22.875Z</time>
    <name>Point 1345</name>
  </wpt>
  <wpt lat="1.381751" lon="103.752437">
    <time>2024-01-01T00:23:24.144Z</time>
    <name>Point 1346</name>
  </wpt>
  <wpt lat="1.381697" lon="103.752748">
    <time>2024-01-01T00:23:25.684Z</time>
    <name>Point 1347</name>
  </wpt>
  <wpt lat="1.381617" lon="103.752989">
    <time>2024-01-01T00:23:26.923Z</time>
    <name>Point 1348</name>
  </wpt>
  <wpt lat="1.381547" lon="103.753187">
    <time>2024-01-01T00:23:27.947Z</time>
    <name>Point 1349</name>
  </wpt>
  <wpt lat="1.381478" lon="103.753385">
    <time>2024-01-01T00:23:28.971Z</time>
    <name>Point 1350</name>
  </wpt>
  <wpt lat="1.381408" lon="103.753583">
    <time>2024-01-01T00:23:29.995Z</time>
    <name>Point 1351</name>
  </wpt>
  <wpt lat="1.381338" lon="103.753781">
    <time>2024-01-01T00:23:31.019Z</time>
    <name>Point 1352</name>
  </wpt>
  <wpt lat="1.381268" lon="103.753978">
    <time>2024-01-01T00:23:32.043Z</time>
    <name>Point 1353</name>
  </wpt>
  <wpt lat="1.381198" lon="103.754176">
    <time>2024-01-01T00:23:33.067Z</time>
    <name>Point 1354</name>
  </wpt>
  <wpt lat="1.381129" lon="103.754374">
    <time>2024-01-01T00:23:34.091Z</time>
    <name>Point 1355</name>
  </wpt>
  <wpt lat="1.381059" lon="103.754572">
    <time>2024-01-01T00:23:35.115Z</time>
    <name>Point 1356</name>
  </wpt>
  <wpt lat="1.381166" lon="103.754652">
    <time>2024-01-01T00:23:35.767Z</time>
    <name>Point 1357</name>
  </wpt>
  <wpt lat="1.381402" lon="103.754722">
    <time>2024-01-01T00:23:36.969Z</time>
    <name>Point 1358</name>
  </wpt>
  <wpt lat="1.381778" lon="103.754872">
    <time>2024-01-01T00:23:38.945Z</time>
    <name>Point 1359</name>
  </wpt>
  <wpt lat="1.381922" lon="103.754824">
    <time>2024-01-01T00:23:39.686Z</time>
    <name>Point 1360</name>
  </wpt>
  <wpt lat="1.382062" lon="103.754523">
    <time>2024-01-01T00:23:41.306Z</time>
    <name>Point 1361</name>
  </wpt>
  <wpt lat="1.382128" lon="103.754334">
    <time>2024-01-01T00:23:42.284Z</time>
    <name>Point 1362</name>
  </wpt>
  <wpt lat="1.382194" lon="103.754144">
    <time>2024-01-01T00:23:43.262Z</time>
    <name>Point 1363</name>
  </wpt>
  <wpt lat="1.382260" lon="103.753955">
    <time>2024-01-01T00:23:44.240Z</time>
    <name>Point 1364</name>
  </wpt>
  <wpt lat="1.382325" lon="103.753766">
    <time>2024-01-01T00:23:45.218Z</time>
    <name>Point 1365</name>
  </wpt>
  <wpt lat="1.382391" lon="103.753577">
    <time>2024-01-01T00:23:46.196Z</time>
    <name>Point 1366</name>
  </wpt>
  <wpt lat="1.382457" lon="103.753387">
    <time>2024-01-01T00:23:47.174Z</time>
    <name>Point 1367</name>
  </wpt>
  <wpt lat="1.382523" lon="103.753198">
    <time>2024-01-01T00:23:48.153Z</time>
    <name>Point 1368</name>
  </wpt>
  <wpt lat="1.382586" lon="103.753009">
    <time>2024-01-01T00:23:49.125Z</time>
    <name>Point 1369</name>
  </wpt>
  <wpt lat="1.382649" lon="103.752820">
    <time>2024-01-01T00:23:50.097Z</time>
    <name>Point 1370</name>
  </wpt>
  <wpt lat="1.382712" lon="103.752631">
    <time>2024-01-01T00:23:51.069Z</time>
    <name>Point 1371</name>
  </wpt>
  <wpt lat="1.382775" lon="103.752442">
    <time>2024-01-01T00:23:52.042Z</time>
    <name>Point 1372</name>
  </wpt>
  <wpt lat="1.382834" lon="103.752029">
    <time>2024-01-01T00:23:54.078Z</time>
    <name>Point 1373</name>
  </wpt>
  <wpt lat="1.382823" lon="103.751696">
    <time>2024-01-01T00:23:55.704Z</time>
    <name>Point 1374</name>
  </wpt>
  <wpt lat="1.382786" lon="103.751369">
    <time>2024-01-01T00:23:57.310Z</time>
    <name>Point 1375</name>
  </wpt>
  <wpt lat="1.382754" lon="103.750983">
    <time>2024-01-01T00:23:59.201Z</time>
    <name>Point 1376</name>
  </wpt>
  <wpt lat="1.382727" lon="103.750666">
    <time>2024-01-01T00:24:00.753Z</time>
    <name>Point 1377</name>
  </wpt>
  <wpt lat="1.382684" lon="103.750516">
    <time>2024-01-01T00:24:01.515Z</time>
    <name>Point 1378</name>
  </wpt>
  <wpt lat="1.382604" lon="103.750430">
    <time>2024-01-01T00:24:02.088Z</time>
    <name>Point 1379</name>
  </wpt>
  <wpt lat="1.382432" lon="103.750361">
    <time>2024-01-01T00:24:02.993Z</time>
    <name>Point 1380</name>
  </wpt>
  <wpt lat="1.382164" lon="103.750237">
    <time>2024-01-01T00:24:04.434Z</time>
    <name>Point 1381</name>
  </wpt>
  <wpt lat="1.382008" lon="103.750173">
    <time>2024-01-01T00:24:05.257Z</time>
    <name>Point 1382</name>
  </wpt>
  <wpt lat="1.381820" lon="103.750090">
    <time>2024-01-01T00:24:06.259Z</time>
    <name>Point 1383</name>
  </wpt>
  <wpt lat="1.381632" lon="103.750007">
    <time>2024-01-01T00:24:07.262Z</time>
    <name>Point 1384</name>
  </wpt>
  <wpt lat="1.381445" lon="103.749923">
    <time>2024-01-01T00:24:08.265Z</time>
    <name>Point 1385</name>
  </wpt>
  <wpt lat="1.381257" lon="103.749840">
    <time>2024-01-01T00:24:09.268Z</time>
    <name>Point 1386</name>
  </wpt>
  <wpt lat="1.381060" lon="103.749749">
    <time>2024-01-01T00:24:10.327Z</time>
    <name>Point 1387</name>
  </wpt>
  <wpt lat="1.380863" lon="103.749658">
    <time>2024-01-01T00:24:11.387Z</time>
    <name>Point 1388</name>
  </wpt>
  <wpt lat="1.380666" lon="103.749566">
    <time>2024-01-01T00:24:12.447Z</time>
    <name>Point 1389</name>
  </wpt>
  <wpt lat="1.380469" lon="103.749475">
    <time>2024-01-01T00:24:13.507Z</time>
    <name>Point 1390</name>
  </wpt>
  <wpt lat="1.380275" lon="103.749389">
    <time>2024-01-01T00:24:14.541Z</time>
    <name>Point 1391</name>
  </wpt>
  <wpt lat="1.380081" lon="103.749304">
    <time>2024-01-01T00:24:15.576Z</time>
    <name>Point 1392</name>
  </wpt>
  <wpt lat="1.379887" lon="103.749218">
    <time>2024-01-01T00:24:16.611Z</time>
    <name>Point 1393</name>
  </wpt>
  <wpt lat="1.379694" lon="103.749132">
    <time>2024-01-01T00:24:17.645Z</time>
    <name>Point 1394</name>
  </wpt>
  <wpt lat="1.379500" lon="103.749046">
    <time>2024-01-01T00:24:18.680Z</time>
    <name>Point 1395</name>
  </wpt>
  <wpt lat="1.379306" lon="103.748961">
    <time>2024-01-01T00:24:19.715Z</time>
    <name>Point 1396</name>
  </wpt>
  <wpt lat="1.379112" lon="103.748875">
    <time>2024-01-01T00:24:20.750Z</time>
    <name>Point 1397</name>
  </wpt>
  <wpt lat="1.378796" lon="103.748735">
    <time>2024-01-01T00:24:22.437Z</time>
    <name>Point 1398</name>
  </wpt>
  <wpt lat="1.378608" lon="103.748773">
    <time>2024-01-01T00:24:23.373Z</time>
    <name>Point 1399</name>
  </wpt>
  <wpt lat="1.378533" lon="103.748907">
    <time>2024-01-01T00:24:24.123Z</time>
    <name>Point 1400</name>
  </wpt>
  <wpt lat="1.378447" lon="103.749102">
    <time>2024-01-01T00:24:25.162Z</time>
    <name>Point 1401</name>
  </wpt>
  <wpt lat="1.378361" lon="103.749297">
    <time>2024-01-01T00:24:26.201Z</time>
    <name>Point 1402</name>
  </wpt>
  <wpt lat="1.378276" lon="103.749492">
    <time>2024-01-01T00:24:27.240Z</time>
    <name>Point 1403</name>
  </wpt>
  <wpt lat="1.378190" lon="103.749687">
    <time>2024-01-01T00:24:28.279Z</time>
    <name>Point 1404</name>
  </wpt>
  <wpt lat="1.378104" lon="103.749881">
    <time>2024-01-01T00:24:29.319Z</time>
    <name>Point 1405</name>
  </wpt>
  <wpt lat="1.378018" lon="103.750076">
    <time>2024-01-01T00:24:30.358Z</time>
    <name>Point 1406</name>
  </wpt>
  <wpt lat="1.377933" lon="103.750271">
    <time>2024-01-01T00:24:31.397Z</time>
    <name>Point 1407</name>
  </wpt>
  <wpt lat="1.377847" lon="103.750466">
    <time>2024-01-01T00:24:32.436Z</time>
    <name>Point 1408</name>
  </wpt>
  <wpt lat="1.377761" lon="103.750661">
    <time>2024-01-01T00:24:33.476Z</time>
    <name>Point 1409</name>
  </wpt>
  <wpt lat="1.377673" lon="103.750856">
    <time>2024-01-01T00:24:34.520Z</time>
    <name>Point 1410</name>
  </wpt>
  <wpt lat="1.377585" lon="103.751051">
    <time>2024-01-01T00:24:35.564Z</time>
    <name>Point 1411</name>
  </wpt>
  <wpt lat="1.377496" lon="103.751246">
    <time>2024-01-01T00:24:36.608Z</time>
    <name>Point 1412</name>
  </wpt>
  <wpt lat="1.377408" lon="103.751441">
    <time>2024-01-01T00:24:37.652Z</time>
    <name>Point 1413</name>
  </wpt>
  <wpt lat="1.377320" lon="103.751635">
    <time>2024-01-01T00:24:38.696Z</time>
    <name>Point 1414</name>
  </wpt>
  <wpt lat="1.377232" lon="103.751830">
    <time>2024-01-01T00:24:39.740Z</time>
    <name>Point 1415</name>
  </wpt>
  <wpt lat="1.377143" lon="103.752025">
    <time>2024-01-01T00:24:40.784Z</time>
    <name>Point 1416</name>
  </wpt>
  <wpt lat="1.377055" lon="103.752220">
    <time>2024-01-01T00:24:41.828Z</time>
    <name>Point 1417</name>
  </wpt>
  <wpt lat="1.376967" lon="103.752415">
    <time>2024-01-01T00:24:42.872Z</time>
    <name>Point 1418</name>
  </wpt>
  <wpt lat="1.376877" lon="103.752612">
    <time>2024-01-01T00:24:43.928Z</time>
    <name>Point 1419</name>
  </wpt>
  <wpt lat="1.376787" lon="103.752808">
    <time>2024-01-01T00:24:44.984Z</time>
    <name>Point 1420</name>
  </wpt>
  <wpt lat="1.376696" lon="103.753005">
    <time>2024-01-01T00:24:46.040Z</time>
    <name>Point 1421</name>
  </wpt>
  <wpt lat="1.376606" lon="103.753202">
    <time>2024-01-01T00:24:47.096Z</time>
    <name>Point 1422</name>
  </wpt>
  <wpt lat="1.376516" lon="103.753398">
    <time>2024-01-01T00:24:48.152Z</time>
    <name>Point 1423</name>
  </wpt>
  <wpt lat="1.376426" lon="103.753595">
    <time>2024-01-01T00:24:49.208Z</time>
    <name>Point 1424</name>
  </wpt>
  <wpt lat="1.376452" lon="103.753740">
    <time>2024-01-01T00:24:49.927Z</time>
    <name>Point 1425</name>
  </wpt>
  <wpt lat="1.376474" lon="103.753906">
    <time>2024-01-01T00:24:50.744Z</time>
    <name>Point 1426</name>
  </wpt>
  <wpt lat="1.376635" lon="103.754218">
    <time>2024-01-01T00:24:52.458Z</time>
    <name>Point 1427</name>
  </wpt>
  <wpt lat="1.376722" lon="103.754420">
    <time>2024-01-01T00:24:53.532Z</time>
    <name>Point 1428</name>
  </wpt>
  <wpt lat="1.376810" lon="103.754622">
    <time>2024-01-01T00:24:54.606Z</time>
    <name>Point 1429</name>
  </wpt>
  <wpt lat="1.376897" lon="103.754824">
    <time>2024-01-01T00:24:55.680Z</time>
    <name>Point 1430</name>
  </wpt>
  <wpt lat="1.376973" lon="103.755162">
    <time>2024-01-01T00:24:57.370Z</time>
    <name>Point 1431</name>
  </wpt>
  <wpt lat="1.377085" lon="103.755543">
    <time>2024-01-01T00:24:59.309Z</time>
    <name>Point 1432</name>
  </wpt>
  <wpt lat="1.377149" lon="103.755682">
    <time>2024-01-01T00:25:00.058Z</time>
    <name>Point 1433</name>
  </wpt>
  <wpt lat="1.377214" lon="103.755822">
    <time>2024-01-01T00:25:00.807Z</time>
    <name>Point 1434</name>
  </wpt>
  <wpt lat="1.377278" lon="103.755961">
    <time>2024-01-01T00:25:01.556Z</time>
    <name>Point 1435</name>
  </wpt>
  <wpt lat="1.377412" lon="103.756149">
    <time>2024-01-01T00:25:02.682Z</time>
    <name>Point 1436</name>
  </wpt>
  <wpt lat="1.377595" lon="103.756138">
    <time>2024-01-01T00:25:03.577Z</time>
    <name>Point 1437</name>
  </wpt>
  <wpt lat="1.377911" lon="103.756068">
    <time>2024-01-01T00:25:05.157Z</time>
    <name>Point 1438</name>
  </wpt>
  <wpt lat="1.378233" lon="103.756101">
    <time>2024-01-01T00:25:06.738Z</time>
    <name>Point 1439</name>
  </wpt>
  <wpt lat="1.378560" lon="103.756165">
    <time>2024-01-01T00:25:08.364Z</time>
    <name>Point 1440</name>
  </wpt>
  <wpt lat="1.378855" lon="103.756186">
    <time>2024-01-01T00:25:09.808Z</time>
    <name>Point 1441</name>
  </wpt>
  <wpt lat="1.379230" lon="103.756154">
    <time>2024-01-01T00:25:11.645Z</time>
    <name>Point 1442</name>
  </wpt>
  <wpt lat="1.379416" lon="103.756118">
    <time>2024-01-01T00:25:12.569Z</time>
    <name>Point 1443</name>
  </wpt>
  <wpt lat="1.379602" lon="103.756083">
    <time>2024-01-01T00:25:13.494Z</time>
    <name>Point 1444</name>
  </wpt>
  <wpt lat="1.379788" lon="103.756047">
    <time>2024-01-01T00:25:14.419Z</time>
    <name>Point 1445</name>
  </wpt>
  <wpt lat="1.379936" lon="103.755968">
    <time>2024-01-01T00:25:15.238Z</time>
    <name>Point 1446</name>
  </wpt>
  <wpt lat="1.380085" lon="103.755890">
    <time>2024-01-01T00:25:16.058Z</time>
    <name>Point 1447</name>
  </wpt>
  <wpt lat="1.380233" lon="103.755811">
    <time>2024-01-01T00:25:16.878Z</time>
    <name>Point 1448</name>
  </wpt>
  <wpt lat="1.380485" lon="103.755618">
    <time>2024-01-01T00:25:18.427Z</time>
    <name>Point 1449</name>
  </wpt>
  <wpt lat="1.380668" lon="103.755414">
    <time>2024-01-01T00:25:19.765Z</time>
    <name>Point 1450</name>
  </wpt>
  <wpt lat="1.380727" lon="103.755256">
    <time>2024-01-01T00:25:20.589Z</time>
    <name>Point 1451</name>
  </wpt>
  <wpt lat="1.380786" lon="103.755098">
    <time>2024-01-01T00:25:21.413Z</time>
    <name>Point 1452</name>
  </wpt>
  <wpt lat="1.380845" lon="103.754939">
    <time>2024-01-01T00:25:22.237Z</time>
    <name>Point 1453</name>
  </wpt>
  <wpt lat="1.380904" lon="103.754781">
    <time>2024-01-01T00:25:23.062Z</time>
    <name>Point 1454</name>
  </wpt>
  <wpt lat="1.380974" lon="103.754578">
    <time>2024-01-01T00:25:24.108Z</time>
    <name>Point 1455</name>
  </wpt>
  <wpt lat="1.381045" lon="103.754376">
    <time>2024-01-01T00:25:25.154Z</time>
    <name>Point 1456</name>
  </wpt>
  <wpt lat="1.381115" lon="103.754173">
    <time>2024-01-01T00:25:26.200Z</time>
    <name>Point 1457</name>
  </wpt>
  <wpt lat="1.381185" lon="103.753971">
    <time>2024-01-01T00:25:27.247Z</time>
    <name>Point 1458</name>
  </wpt>
  <wpt lat="1.381256" lon="103.753769">
    <time>2024-01-01T00:25:28.293Z</time>
    <name>Point 1459</name>
  </wpt>
  <wpt lat="1.381326" lon="103.753566">
    <time>2024-01-01T00:25:29.339Z</time>
    <name>Point 1460</name>
  </wpt>
  <wpt lat="1.381397" lon="103.753364">
    <time>2024-01-01T00:25:30.385Z</time>
    <name>Point 1461</name>
  </wpt>
  <wpt lat="1.381467" lon="103.753161">
    <time>2024-01-01T00:25:31.432Z</time>
    <name>Point 1462</name>
  </wpt>
  <wpt lat="1.381524" lon="103.752989">
    <time>2024-01-01T00:25:32.314Z</time>
    <name>Point 1463</name>
  </wpt>
  <wpt lat="1.381581" lon="103.752818">
    <time>2024-01-01T00:25:33.197Z</time>
    <name>Point 1464</name>
  </wpt>
  <wpt lat="1.381638" lon="103.752646">
    <time>2024-01-01T00:25:34.080Z</time>
    <name>Point 1465</name>
  </wpt>
  <wpt lat="1.381670" lon="103.752437">
    <time>2024-01-01T00:25:35.112Z</time>
    <name>Point 1466</name>
  </wpt>
  <wpt lat="1.381660" lon="103.752260">
    <time>2024-01-01T00:25:35.977Z</time>
    <name>Point 1467</name>
  </wpt>
  <wpt lat="1.381579" lon="103.751841">
    <time>2024-01-01T00:25:38.060Z</time>
    <name>Point 1468</name>
  </wpt>
  <wpt lat="1.381552" lon="103.751594">
    <time>2024-01-01T00:25:39.273Z</time>
    <name>Point 1469</name>
  </wpt>
  <wpt lat="1.381585" lon="103.751364">
    <time>2024-01-01T00:25:40.407Z</time>
    <name>Point 1470</name>
  </wpt>
  <wpt lat="1.381670" lon="103.751069">
    <time>2024-01-01T00:25:41.905Z</time>
    <name>Point 1471</name>
  </wpt>
  <wpt lat="1.381756" lon="103.750887">
    <time>2024-01-01T00:25:42.889Z</time>
    <name>Point 1472</name>
  </wpt>
  <wpt lat="1.381842" lon="103.750704">
    <time>2024-01-01T00:25:43.873Z</time>
    <name>Point 1473</name>
  </wpt>
  <wpt lat="1.381928" lon="103.750522">
    <time>2024-01-01T00:25:44.857Z</time>
    <name>Point 1474</name>
  </wpt>
  <wpt lat="1.382089" lon="103.750162">
    <time>2024-01-01T00:25:46.781Z</time>
    <name>Point 1475</name>
  </wpt>
  <wpt lat="1.382143" lon="103.750012">
    <time>2024-01-01T00:25:47.558Z</time>
    <name>Point 1476</name>
  </wpt>
  <wpt lat="1.382196" lon="103.749862">
    <time>2024-01-01T00:25:48.336Z</time>
    <name>Point 1477</name>
  </wpt>
  <wpt lat="1.382250" lon="103.749712">
    <time>2024-01-01T00:25:49.114Z</time>
    <name>Point 1478</name>
  </wpt>
  <wpt lat="1.382337" lon="103.749530">
    <time>2024-01-01T00:25:50.097Z</time>
    <name>Point 1479</name>
  </wpt>
  <wpt lat="1.382425" lon="103.749349">
    <time>2024-01-01T00:25:51.081Z</time>
    <name>Point 1480</name>
  </wpt>
  <wpt lat="1.382512" lon="103.749167">
    <time>2024-01-01T00:25:52.065Z</time>
    <name>Point 1481</name>
  </wpt>
  <wpt lat="1.382599" lon="103.748985">
    <time>2024-01-01T00:25:53.049Z</time>
    <name>Point 1482</name>
  </wpt>
  <wpt lat="1.382686" lon="103.748803">
    <time>2024-01-01T00:25:54.033Z</time>
    <name>Point 1483</name>
  </wpt>
  <wpt lat="1.382774" lon="103.748622">
    <time>2024-01-01T00:25:55.017Z</time>
    <name>Point 1484</name>
  </wpt>
  <wpt lat="1.382861" lon="103.748440">
    <time>2024-01-01T00:25:56.001Z</time>
    <name>Point 1485</name>
  </wpt>
  <wpt lat="1.382952" lon="103.748240">
    <time>2024-01-01T00:25:57.072Z</time>
    <name>Point 1486</name>
  </wpt>
  <wpt lat="1.383043" lon="103.748041">
    <time>2024-01-01T00:25:58.144Z</time>
    <name>Point 1487</name>
  </wpt>
  <wpt lat="1.383135" lon="103.747841">
    <time>2024-01-01T00:25:59.216Z</time>
    <name>Point 1488</name>
  </wpt>
  <wpt lat="1.383226" lon="103.747641">
    <time>2024-01-01T00:26:00.288Z</time>
    <name>Point 1489</name>
  </wpt>
  <wpt lat="1.383376" lon="103.747367">
    <time>2024-01-01T00:26:01.813Z</time>
    <name>Point 1490</name>
  </wpt>
  <wpt lat="1.383515" lon="103.747233">
    <time>2024-01-01T00:26:02.755Z</time>
    <name>Point 1491</name>
  </wpt>
  <wpt lat="1.383714" lon="103.747094">
    <time>2024-01-01T00:26:03.940Z</time>
    <name>Point 1492</name>
  </wpt>
  <wpt lat="1.383778" lon="103.747013">
    <time>2024-01-01T00:26:04.444Z</time>
    <name>Point 1493</name>
  </wpt>
  <wpt lat="1.383794" lon="103.746927">
    <time>2024-01-01T00:26:04.871Z</time>
    <name>Point 1494</name>
  </wpt>
  <wpt lat="1.383789" lon="103.746836">
    <time>2024-01-01T00:26:05.316Z</time>
    <name>Point 1495</name>
  </wpt>
  <wpt lat="1.383676" lon="103.746661">
    <time>2024-01-01T00:26:06.333Z</time>
    <name>Point 1496</name>
  </wpt>
  <wpt lat="1.383564" lon="103.746485">
    <time>2024-01-01T00:26:07.350Z</time>
    <name>Point 1497</name>
  </wpt>
  <wpt lat="1.383451" lon="103.746310">
    <time>2024-01-01T00:26:08.367Z</time>
    <name>Point 1498</name>
  </wpt>
  <wpt lat="1.383335" lon="103.746143">
    <time>2024-01-01T00:26:09.360Z</time>
    <name>Point 1499</name>
  </wpt>
  <wpt lat="1.383220" lon="103.745975">
    <time>2024-01-01T00:26:10.353Z</time>
    <name>Point 1500</name>
  </wpt>
  <wpt lat="1.383104" lon="103.745808">
    <time>2024-01-01T00:26:11.347Z</time>
    <name>Point 1501</name>
  </wpt>
  <wpt lat="1.382988" lon="103.745640">
    <time>2024-01-01T00:26:12.340Z</time>
    <name>Point 1502</name>
  </wpt>
  <wpt lat="1.382873" lon="103.745473">
    <time>2024-01-01T00:26:13.333Z</time>
    <name>Point 1503</name>
  </wpt>
  <wpt lat="1.382757" lon="103.745305">
    <time>2024-01-01T00:26:14.327Z</time>
    <name>Point 1504</name>
  </wpt>
  <wpt lat="1.382641" lon="103.745138">
    <time>2024-01-01T00:26:15.320Z</time>
    <name>Point 1505</name>
  </wpt>
  <wpt lat="1.382526" lon="103.744970">
    <time>2024-01-01T00:26:16.313Z</time>
    <name>Point 1506</name>
  </wpt>
  <wpt lat="1.382410" lon="103.744803">
    <time>2024-01-01T00:26:17.307Z</time>
    <name>Point 1507</name>
  </wpt>
  <wpt lat="1.382289" lon="103.744630">
    <time>2024-01-01T00:26:18.340Z</time>
    <name>Point 1508</name>
  </wpt>
  <wpt lat="1.382167" lon="103.744456">
    <time>2024-01-01T00:26:19.374Z</time>
    <name>Point 1509</name>
  </wpt>
  <wpt lat="1.382045" lon="103.744282">
    <time>2024-01-01T00:26:20.408Z</time>
    <name>Point 1510</name>
  </wpt>
  <wpt lat="1.381924" lon="103.744109">
    <time>2024-01-01T00:26:21.442Z</time>
    <name>Point 1511</name>
  </wpt>
  <wpt lat="1.381803" lon="103.743936">
    <time>2024-01-01T00:26:22.476Z</time>
    <name>Point 1512</name>
  </wpt>
  <wpt lat="1.381681" lon="103.743762">
    <time>2024-01-01T00:26:23.510Z</time>
    <name>Point 1513</name>
  </wpt>
  <wpt lat="1.381601" lon="103.743618">
    <time>2024-01-01T00:26:24.314Z</time>
    <name>Point 1514</name>
  </wpt>
  <wpt lat="1.381504" lon="103.743532">
    <time>2024-01-01T00:26:24.946Z</time>
    <name>Point 1515</name>
  </wpt>
  <wpt lat="1.381408" lon="103.743521">
    <time>2024-01-01T00:26:25.418Z</time>
    <name>Point 1516</name>
  </wpt>
  <wpt lat="1.381257" lon="103.743548">
    <time>2024-01-01T00:26:26.167Z</time>
    <name>Point 1517</name>
  </wpt>
  <wpt lat="1.381129" lon="103.743693">
    <time>2024-01-01T00:26:27.111Z</time>
    <name>Point 1518</name>
  </wpt>
  <wpt lat="1.380898" lon="103.743966">
    <time>2024-01-01T00:26:28.856Z</time>
    <name>Point 1519</name>
  </wpt>
  <wpt lat="1.380732" lon="103.744165">
    <time>2024-01-01T00:26:30.121Z</time>
    <name>Point 1520</name>
  </wpt>
  <wpt lat="1.380614" lon="103.744363">
    <time>2024-01-01T00:26:31.246Z</time>
    <name>Point 1521</name>
  </wpt>
  <wpt lat="1.380526" lon="103.744547">
    <time>2024-01-01T00:26:32.244Z</time>
    <name>Point 1522</name>
  </wpt>
  <wpt lat="1.380437" lon="103.744732">
    <time>2024-01-01T00:26:33.242Z</time>
    <name>Point 1523</name>
  </wpt>
  <wpt lat="1.380348" lon="103.744916">
    <time>2024-01-01T00:26:34.240Z</time>
    <name>Point 1524</name>
  </wpt>
  <wpt lat="1.380260" lon="103.745101">
    <time>2024-01-01T00:26:35.239Z</time>
    <name>Point 1525</name>
  </wpt>
  <wpt lat="1.380172" lon="103.745285">
    <time>2024-01-01T00:26:36.237Z</time>
    <name>Point 1526</name>
  </wpt>
  <wpt lat="1.380083" lon="103.745469">
    <time>2024-01-01T00:26:37.235Z</time>
    <name>Point 1527</name>
  </wpt>
  <wpt lat="1.379995" lon="103.745654">
    <time>2024-01-01T00:26:38.233Z</time>
    <name>Point 1528</name>
  </wpt>
  <wpt lat="1.379906" lon="103.745838">
    <time>2024-01-01T00:26:39.232Z</time>
    <name>Point 1529</name>
  </wpt>
  <wpt lat="1.379826" lon="103.746019">
    <time>2024-01-01T00:26:40.198Z</time>
    <name>Point 1530</name>
  </wpt>
  <wpt lat="1.379745" lon="103.746200">
    <time>2024-01-01T00:26:41.164Z</time>
    <name>Point 1531</name>
  </wpt>
  <wpt lat="1.379665" lon="103.746381">
    <time>2024-01-01T00:26:42.130Z</time>
    <name>Point 1532</name>
  </wpt>
  <wpt lat="1.379584" lon="103.746561">
    <time>2024-01-01T00:26:43.096Z</time>
    <name>Point 1533</name>
  </wpt>
  <wpt lat="1.379504" lon="103.746742">
    <time>2024-01-01T00:26:44.062Z</time>
    <name>Point 1534</name>
  </wpt>
  <wpt lat="1.379423" lon="103.746923">
    <time>2024-01-01T00:26:45.028Z</time>
    <name>Point 1535</name>
  </wpt>
  <wpt lat="1.379343" lon="103.747104">
    <time>2024-01-01T00:26:45.994Z</time>
    <name>Point 1536</name>
  </wpt>
  <wpt lat="1.379274" lon="103.747258">
    <time>2024-01-01T00:26:46.817Z</time>
    <name>Point 1537</name>
  </wpt>
  <wpt lat="1.379206" lon="103.747412">
    <time>2024-01-01T00:26:47.641Z</time>
    <name>Point 1538</name>
  </wpt>
  <wpt lat="1.379138" lon="103.747567">
    <time>2024-01-01T00:26:48.465Z</time>
    <name>Point 1539</name>
  </wpt>
  <wpt lat="1.379069" lon="103.747721">
    <time>2024-01-01T00:26:49.289Z</time>
    <name>Point 1540</name>
  </wpt>
  <wpt lat="1.379001" lon="103.747877">
    <time>2024-01-01T00:26:50.118Z</time>
    <name>Point 1541</name>
  </wpt>
  <wpt lat="1.378932" lon="103.748032">
    <time>2024-01-01T00:26:50.948Z</time>
    <name>Point 1542</name>
  </wpt>
  <wpt lat="1.378864" lon="103.748188">
    <time>2024-01-01T00:26:51.778Z</time>
    <name>Point 1543</name>
  </wpt>
  <wpt lat="1.378796" lon="103.748344">
    <time>2024-01-01T00:26:52.608Z</time>
    <name>Point 1544</name>
  </wpt>
  <wpt lat="1.378673" lon="103.748569">
    <time>2024-01-01T00:26:53.860Z</time>
    <name>Point 1545</name>
  </wpt>
  <wpt lat="1.378624" lon="103.748714">
    <time>2024-01-01T00:26:54.607Z</time>
    <name>Point 1546</name>
  </wpt>
  <wpt lat="1.378533" lon="103.748885">
    <time>2024-01-01T00:26:55.552Z</time>
    <name>Point 1547</name>
  </wpt>
  <wpt lat="1.378460" lon="103.749059">
    <time>2024-01-01T00:26:56.472Z</time>
    <name>Point 1548</name>
  </wpt>
  <wpt lat="1.378386" lon="103.749232">
    <time>2024-01-01T00:26:57.392Z</time>
    <name>Point 1549</name>
  </wpt>
  <wpt lat="1.378313" lon="103.749406">
    <time>2024-01-01T00:26:58.312Z</time>
    <name>Point 1550</name>
  </wpt>
  <wpt lat="1.378224" lon="103.749602">
    <time>2024-01-01T00:26:59.360Z</time>
    <name>Point 1551</name>
  </wpt>
  <wpt lat="1.378136" lon="103.749797">
    <time>2024-01-01T00:27:00.409Z</time>
    <name>Point 1552</name>
  </wpt>
  <wpt lat="1.378047" lon="103.749993">
    <time>2024-01-01T00:27:01.457Z</time>
    <name>Point 1553</name>
  </wpt>
  <wpt lat="1.377959" lon="103.750189">
    <time>2024-01-01T00:27:02.506Z</time>
    <name>Point 1554</name>
  </wpt>
  <wpt lat="1.377870" lon="103.750388">
    <time>2024-01-01T00:27:03.566Z</time>
    <name>Point 1555</name>
  </wpt>
  <wpt lat="1.377782" lon="103.750586">
    <time>2024-01-01T00:27:04.627Z</time>
    <name>Point 1556</name>
  </wpt>
  <wpt lat="1.377693" lon="103.750785">
    <time>2024-01-01T00:27:05.688Z</time>
    <name>Point 1557</name>
  </wpt>
  <wpt lat="1.377605" lon="103.750983">
    <time>2024-01-01T00:27:06.749Z</time>
    <name>Point 1558</name>
  </wpt>
  <wpt lat="1.377524" lon="103.751165">
    <time>2024-01-01T00:27:07.719Z</time>
    <name>Point 1559</name>
  </wpt>
  <wpt lat="1.377442" lon="103.751346">
    <time>2024-01-01T00:27:08.690Z</time>
    <name>Point 1560</name>
  </wpt>
  <wpt lat="1.377361" lon="103.751528">
    <time>2024-01-01T00:27:09.661Z</time>
    <name>Point 1561</name>
  </wpt>
  <wpt lat="1.377280" lon="103.751709">
    <time>2024-01-01T00:27:10.631Z</time>
    <name>Point 1562</name>
  </wpt>
  <wpt lat="1.377198" lon="103.751891">
    <time>2024-01-01T00:27:11.602Z</time>
    <name>Point 1563</name>
  </wpt>
  <wpt lat="1.377117" lon="103.752072">
    <time>2024-01-01T00:27:12.573Z</time>
    <name>Point 1564</name>
  </wpt>
  <wpt lat="1.377037" lon="103.752253">
    <time>2024-01-01T00:27:13.539Z</time>
    <name>Point 1565</name>
  </wpt>
  <wpt lat="1.376956" lon="103.752434">
    <time>2024-01-01T00:27:14.506Z</time>
    <name>Point 1566</name>
  </wpt>
  <wpt lat="1.376876" lon="103.752615">
    <time>2024-01-01T00:27:15.472Z</time>
    <name>Point 1567</name>
  </wpt>
  <wpt lat="1.376796" lon="103.752796">
    <time>2024-01-01T00:27:16.439Z</time>
    <name>Point 1568</name>
  </wpt>
  <wpt lat="1.376725" lon="103.752960">
    <time>2024-01-01T00:27:17.310Z</time>
    <name>Point 1569</name>
  </wpt>
  <wpt lat="1.376653" lon="103.753124">
    <time>2024-01-01T00:27:18.182Z</time>
    <name>Point 1570</name>
  </wpt>
  <wpt lat="1.376582" lon="103.753287">
    <time>2024-01-01T00:27:19.053Z</time>
    <name>Point 1571</name>
  </wpt>
  <wpt lat="1.376511" lon="103.753451">
    <time>2024-01-01T00:27:19.925Z</time>
    <name>Point 1572</name>
  </wpt>
  <wpt lat="1.376463" lon="103.753622">
    <time>2024-01-01T00:27:20.792Z</time>
    <name>Point 1573</name>
  </wpt>
  <wpt lat="1.376458" lon="103.753772">
    <time>2024-01-01T00:27:21.524Z</time>
    <name>Point 1574</name>
  </wpt>
  <wpt lat="1.376511" lon="103.753928">
    <time>2024-01-01T00:27:22.328Z</time>
    <name>Point 1575</name>
  </wpt>
  <wpt lat="1.376597" lon="103.754126">
    <time>2024-01-01T00:27:23.382Z</time>
    <name>Point 1576</name>
  </wpt>
  <wpt lat="1.376753" lon="103.754432">
    <time>2024-01-01T00:27:25.058Z</time>
    <name>Point 1577</name>
  </wpt>
  <wpt lat="1.376860" lon="103.754711">
    <time>2024-01-01T00:27:26.516Z</time>
    <name>Point 1578</name>
  </wpt>
  <wpt lat="1.376956" lon="103.755022">
    <time>2024-01-01T00:27:28.105Z</time>
    <name>Point 1579</name>
  </wpt>
  <wpt lat="1.377053" lon="103.755366">
    <time>2024-01-01T00:27:29.849Z</time>
    <name>Point 1580</name>
  </wpt>
  <wpt lat="1.377192" lon="103.755789">
    <time>2024-01-01T00:27:32.022Z</time>
    <name>Point 1581</name>
  </wpt>
  <wpt lat="1.377359" lon="103.756047">
    <time>2024-01-01T00:27:33.522Z</time>
    <name>Point 1582</name>
  </wpt>
  <wpt lat="1.377471" lon="103.756251">
    <time>2024-01-01T00:27:34.658Z</time>
    <name>Point 1583</name>
  </wpt>
  <wpt lat="1.377600" lon="103.756530">
    <time>2024-01-01T00:27:36.158Z</time>
    <name>Point 1584</name>
  </wpt>
  <wpt lat="1.377704" lon="103.756718">
    <time>2024-01-01T00:27:37.205Z</time>
    <name>Point 1585</name>
  </wpt>
  <wpt lat="1.377808" lon="103.756905">
    <time>2024-01-01T00:27:38.252Z</time>
    <name>Point 1586</name>
  </wpt>
  <wpt lat="1.377912" lon="103.757093">
    <time>2024-01-01T00:27:39.299Z</time>
    <name>Point 1587</name>
  </wpt>
  <wpt lat="1.378016" lon="103.757280">
    <time>2024-01-01T00:27:40.346Z</time>
    <name>Point 1588</name>
  </wpt>
  <wpt lat="1.378120" lon="103.757468">
    <time>2024-01-01T00:27:41.393Z</time>
    <name>Point 1589</name>
  </wpt>
  <wpt lat="1.378193" lon="103.757604">
    <time>2024-01-01T00:27:42.147Z</time>
    <name>Point 1590</name>
  </wpt>
  <wpt lat="1.378267" lon="103.757740">
    <time>2024-01-01T00:27:42.901Z</time>
    <name>Point 1591</name>
  </wpt>
  <wpt lat="1.378340" lon="103.757876">
    <time>2024-01-01T00:27:43.655Z</time>
    <name>Point 1592</name>
  </wpt>
  <wpt lat="1.378485" lon="103.758241">
    <time>2024-01-01T00:27:45.572Z</time>
    <name>Point 1593</name>
  </wpt>
  <wpt lat="1.378557" lon="103.758436">
    <time>2024-01-01T00:27:46.587Z</time>
    <name>Point 1594</name>
  </wpt>
  <wpt lat="1.378629" lon="103.758631">
    <time>2024-01-01T00:27:47.602Z</time>
    <name>Point 1595</name>
  </wpt>
  <wpt lat="1.378700" lon="103.758827">
    <time>2024-01-01T00:27:48.617Z</time>
    <name>Point 1596</name>
  </wpt>
  <wpt lat="1.378772" lon="103.759022">
    <time>2024-01-01T00:27:49.632Z</time>
    <name>Point 1597</name>
  </wpt>
  <wpt lat="1.378844" lon="103.759217">
    <time>2024-01-01T00:27:50.647Z</time>
    <name>Point 1598</name>
  </wpt>
  <wpt lat="1.378924" lon="103.759396">
    <time>2024-01-01T00:27:51.601Z</time>
    <name>Point 1599</name>
  </wpt>
  <wpt lat="1.379003" lon="103.759574">
    <time>2024-01-01T00:27:52.555Z</time>
    <name>Point 1600</name>
  </wpt>
  <wpt lat="1.379083" lon="103.759753">
    <time>2024-01-01T00:27:53.510Z</time>
    <name>Point 1601</name>
  </wpt>
  <wpt lat="1.379163" lon="103.759931">
    <time>2024-01-01T00:27:54.464Z</time>
    <name>Point 1602</name>
  </wpt>
  <wpt lat="1.379243" lon="103.760110">
    <time>2024-01-01T00:27:55.419Z</time>
    <name>Point 1603</name>
  </wpt>
  <wpt lat="1.379322" lon="103.760288">
    <time>2024-01-01T00:27:56.373Z</time>
    <name>Point 1604</name>
  </wpt>
  <wpt lat="1.379402" lon="103.760467">
    <time>2024-01-01T00:27:57.328Z</time>
    <name>Point 1605</name>
  </wpt>
  <wpt lat="1.379491" lon="103.760673">
    <time>2024-01-01T00:27:58.422Z</time>
    <name>Point 1606</name>
  </wpt>
  <wpt lat="1.379581" lon="103.760878">
    <time>2024-01-01T00:27:59.516Z</time>
    <name>Point 1607</name>
  </wpt>
  <wpt lat="1.379670" lon="103.761084">
    <time>2024-01-01T00:28:00.611Z</time>
    <name>Point 1608</name>
  </wpt>
  <wpt lat="1.379783" lon="103.761213">
    <time>2024-01-01T00:28:01.448Z</time>
    <name>Point 1609</name>
  </wpt>
  <wpt lat="1.379836" lon="103.761347">
    <time>2024-01-01T00:28:02.152Z</time>
    <name>Point 1610</name>
  </wpt>
  <wpt lat="1.379938" lon="103.761621">
    <time>2024-01-01T00:28:03.579Z</time>
    <name>Point 1611</name>
  </wpt>
  <wpt lat="1.380015" lon="103.761803">
    <time>2024-01-01T00:28:04.543Z</time>
    <name>Point 1612</name>
  </wpt>
  <wpt lat="1.380091" lon="103.761986">
    <time>2024-01-01T00:28:05.508Z</time>
    <name>Point 1613</name>
  </wpt>
  <wpt lat="1.380167" lon="103.762168">
    <time>2024-01-01T00:28:06.472Z</time>
    <name>Point 1614</name>
  </wpt>
  <wpt lat="1.380244" lon="103.762350">
    <time>2024-01-01T00:28:07.437Z</time>
    <name>Point 1615</name>
  </wpt>
  <wpt lat="1.380323" lon="103.762507">
    <time>2024-01-01T00:28:08.295Z</time>
    <name>Point 1616</name>
  </wpt>
  <wpt lat="1.380401" lon="103.762665">
    <time>2024-01-01T00:28:09.154Z</time>
    <name>Point 1617</name>
  </wpt>
  <wpt lat="1.380480" lon="103.762822">
    <time>2024-01-01T00:28:10.013Z</time>
    <name>Point 1618</name>
  </wpt>
  <wpt lat="1.380630" lon="103.763144">
    <time>2024-01-01T00:28:11.746Z</time>
    <name>Point 1619</name>
  </wpt>
  <wpt lat="1.380759" lon="103.763203">
    <time>2024-01-01T00:28:12.439Z</time>
    <name>Point 1620</name>
  </wpt>
  <wpt lat="1.380898" lon="103.763262">
    <time>2024-01-01T00:28:13.176Z</time>
    <name>Point 1621</name>
  </wpt>
  <wpt lat="1.381048" lon="103.763283">
    <time>2024-01-01T00:28:13.915Z</time>
    <name>Point 1622</name>
  </wpt>
  <wpt lat="1.381413" lon="103.763096">
    <time>2024-01-01T00:28:15.917Z</time>
    <name>Point 1623</name>
  </wpt>
  <wpt lat="1.381606" lon="103.763006">
    <time>2024-01-01T00:28:16.957Z</time>
    <name>Point 1624</name>
  </wpt>
  <wpt lat="1.381799" lon="103.762916">
    <time>2024-01-01T00:28:17.997Z</time>
    <name>Point 1625</name>
  </wpt>
  <wpt lat="1.381992" lon="103.762825">
    <time>2024-01-01T00:28:19.037Z</time>
    <name>Point 1626</name>
  </wpt>
  <wpt lat="1.382185" lon="103.762735">
    <time>2024-01-01T00:28:20.077Z</time>
    <name>Point 1627</name>
  </wpt>
  <wpt lat="1.382378" lon="103.762645">
    <time>2024-01-01T00:28:21.117Z</time>
    <name>Point 1628</name>
  </wpt>
  <wpt lat="1.382368" lon="103.762527">
    <time>2024-01-01T00:28:21.695Z</time>
    <name>Point 1629</name>
  </wpt>
  <wpt lat="1.382255" lon="103.762275">
    <time>2024-01-01T00:28:23.043Z</time>
    <name>Point 1630</name>
  </wpt>
  <wpt lat="1.382132" lon="103.762066">
    <time>2024-01-01T00:28:24.226Z</time>
    <name>Point 1631</name>
  </wpt>
  <wpt lat="1.382030" lon="103.761787">
    <time>2024-01-01T00:28:25.676Z</time>
    <name>Point 1632</name>
  </wpt>
  <wpt lat="1.382035" lon="103.761433">
    <time>2024-01-01T00:28:27.404Z</time>
    <name>Point 1633</name>
  </wpt>
  <wpt lat="1.382142" lon="103.761299">
    <time>2024-01-01T00:28:28.241Z</time>
    <name>Point 1634</name>
  </wpt>
  <wpt lat="1.382309" lon="103.761181">
    <time>2024-01-01T00:28:29.239Z</time>
    <name>Point 1635</name>
  </wpt>
  <wpt lat="1.382625" lon="103.761079">
    <time>2024-01-01T00:28:30.860Z</time>
    <name>Point 1636</name>
  </wpt>
  <wpt lat="1.382795" lon="103.761024">
    <time>2024-01-01T00:28:31.733Z</time>
    <name>Point 1637</name>
  </wpt>
  <wpt lat="1.382966" lon="103.760969">
    <time>2024-01-01T00:28:32.607Z</time>
    <name>Point 1638</name>
  </wpt>
  <wpt lat="1.383136" lon="103.760914">
    <time>2024-01-01T00:28:33.480Z</time>
    <name>Point 1639</name>
  </wpt>
  <wpt lat="1.383306" lon="103.760859">
    <time>2024-01-01T00:28:34.354Z</time>
    <name>Point 1640</name>
  </wpt>
  <wpt lat="1.383493" lon="103.760790">
    <time>2024-01-01T00:28:35.323Z</time>
    <name>Point 1641</name>
  </wpt>
  <wpt lat="1.383679" lon="103.760722">
    <time>2024-01-01T00:28:36.293Z</time>
    <name>Point 1642</name>
  </wpt>
  <wpt lat="1.383865" lon="103.760654">
    <time>2024-01-01T00:28:37.263Z</time>
    <name>Point 1643</name>
  </wpt>
  <wpt lat="1.384052" lon="103.760585">
    <time>2024-01-01T00:28:38.233Z</time>
    <name>Point 1644</name>
  </wpt>
  <wpt lat="1.384432" lon="103.760360">
    <time>2024-01-01T00:28:40.389Z</time>
    <name>Point 1645</name>
  </wpt>
  <wpt lat="1.384647" lon="103.760129">
    <time>2024-01-01T00:28:41.929Z</time>
    <name>Point 1646</name>
  </wpt>
  <wpt lat="1.384829" lon="103.759840">
    <time>2024-01-01T00:28:43.596Z</time>
    <name>Point 1647</name>
  </wpt>
  <wpt lat="1.384947" lon="103.759453">
    <time>2024-01-01T00:28:45.571Z</time>
    <name>Point 1648</name>
  </wpt>
  <wpt lat="1.385060" lon="103.759153">
    <time>2024-01-01T00:28:47.135Z</time>
    <name>Point 1649</name>
  </wpt>
  <wpt lat="1.385205" lon="103.758901">
    <time>2024-01-01T00:28:48.554Z</time>
    <name>Point 1650</name>
  </wpt>
  <wpt lat="1.385451" lon="103.758718">
    <time>2024-01-01T00:28:50.051Z</time>
    <name>Point 1651</name>
  </wpt>
  <wpt lat="1.385735" lon="103.758638">
    <time>2024-01-01T00:28:51.491Z</time>
    <name>Point 1652</name>
  </wpt>
  <wpt lat="1.385939" lon="103.758595">
    <time>2024-01-01T00:28:52.509Z</time>
    <name>Point 1653</name>
  </wpt>
  <wpt lat="1.386181" lon="103.758627">
    <time>2024-01-01T00:28:53.701Z</time>
    <name>Point 1654</name>
  </wpt>
  <wpt lat="1.386427" lon="103.758718">
    <time>2024-01-01T00:28:54.981Z</time>
    <name>Point 1655</name>
  </wpt>
  <wpt lat="1.386669" lon="103.758777">
    <time>2024-01-01T00:28:56.197Z</time>
    <name>Point 1656</name>
  </wpt>
  <wpt lat="1.386867" lon="103.758869">
    <time>2024-01-01T00:28:57.263Z</time>
    <name>Point 1657</name>
  </wpt>
  <wpt lat="1.387039" lon="103.758987">
    <time>2024-01-01T00:28:58.281Z</time>
    <name>Point 1658</name>
  </wpt>
  <wpt lat="1.387157" lon="103.759164">
    <time>2024-01-01T00:28:59.319Z</time>
    <name>Point 1659</name>
  </wpt>
  <wpt lat="1.387242" lon="103.759346">
    <time>2024-01-01T00:29:00.299Z</time>
    <name>Point 1660</name>
  </wpt>
  <wpt lat="1.387275" lon="103.759630">
    <time>2024-01-01T00:29:01.695Z</time>
    <name>Point 1661</name>
  </wpt>
  <wpt lat="1.387237" lon="103.759856">
    <time>2024-01-01T00:29:02.813Z</time>
    <name>Point 1662</name>
  </wpt>
  <wpt lat="1.387167" lon="103.760097">
    <time>2024-01-01T00:29:04.038Z</time>
    <name>Point 1663</name>
  </wpt>
  <wpt lat="1.387055" lon="103.760419">
    <time>2024-01-01T00:29:05.702Z</time>
    <name>Point 1664</name>
  </wpt>
  <wpt lat="1.387023" lon="103.760553">
    <time>2024-01-01T00:29:06.374Z</time>
    <name>Point 1665</name>
  </wpt>
  <wpt lat="1.386872" lon="103.760918">
    <time>2024-01-01T00:29:08.302Z</time>
    <name>Point 1666</name>
  </wpt>
  <wpt lat="1.386765" lon="103.761266">
    <time>2024-01-01T00:29:10.079Z</time>
    <name>Point 1667</name>
  </wpt>
  <wpt lat="1.386690" lon="103.761599">
    <time>2024-01-01T00:29:11.745Z</time>
    <name>Point 1668</name>
  </wpt>
  <wpt lat="1.386706" lon="103.761883">
    <time>2024-01-01T00:29:13.133Z</time>
    <name>Point 1669</name>
  </wpt>
  <wpt lat="1.386770" lon="103.762200">
    <time>2024-01-01T00:29:14.711Z</time>
    <name>Point 1670</name>
  </wpt>
  <wpt lat="1.386915" lon="103.762479">
    <time>2024-01-01T00:29:16.246Z</time>
    <name>Point 1671</name>
  </wpt>
  <wpt lat="1.387055" lon="103.762667">
    <time>2024-01-01T00:29:17.390Z</time>
    <name>Point 1672</name>
  </wpt>
  <wpt lat="1.387253" lon="103.762951">
    <time>2024-01-01T00:29:19.080Z</time>
    <name>Point 1673</name>
  </wpt>
  <wpt lat="1.387391" lon="103.763107">
    <time>2024-01-01T00:29:20.093Z</time>
    <name>Point 1674</name>
  </wpt>
  <wpt lat="1.387528" lon="103.763262">
    <time>2024-01-01T00:29:21.107Z</time>
    <name>Point 1675</name>
  </wpt>
  <wpt lat="1.387666" lon="103.763418">
    <time>2024-01-01T00:29:22.121Z</time>
    <name>Point 1676</name>
  </wpt>
  <wpt lat="1.387804" lon="103.763573">
    <time>2024-01-01T00:29:23.134Z</time>
    <name>Point 1677</name>
  </wpt>
  <wpt lat="1.387941" lon="103.763728">
    <time>2024-01-01T00:29:24.148Z</time>
    <name>Point 1678</name>
  </wpt>
  <wpt lat="1.388079" lon="103.763884">
    <time>2024-01-01T00:29:25.162Z</time>
    <name>Point 1679</name>
  </wpt>
  <wpt lat="1.388208" lon="103.764056">
    <time>2024-01-01T00:29:26.211Z</time>
    <name>Point 1680</name>
  </wpt>
  <wpt lat="1.388208" lon="103.764276">
    <time>2024-01-01T00:29:27.285Z</time>
    <name>Point 1681</name>
  </wpt>
  <wpt lat="1.388143" lon="103.764517">
    <time>2024-01-01T00:29:28.503Z</time>
    <name>Point 1682</name>
  </wpt>
  <wpt lat="1.388041" lon="103.764710">
    <time>2024-01-01T00:29:29.568Z</time>
    <name>Point 1683</name>
  </wpt>
  <wpt lat="1.387881" lon="103.764882">
    <time>2024-01-01T00:29:30.715Z</time>
    <name>Point 1684</name>
  </wpt>
  <wpt lat="1.387693" lon="103.765123">
    <time>2024-01-01T00:29:32.207Z</time>
    <name>Point 1685</name>
  </wpt>
  <wpt lat="1.387521" lon="103.765268">
    <time>2024-01-01T00:29:33.305Z</time>
    <name>Point 1686</name>
  </wpt>
  <wpt lat="1.387414" lon="103.765354">
    <time>2024-01-01T00:29:33.975Z</time>
    <name>Point 1687</name>
  </wpt>
  <wpt lat="1.387275" lon="103.765338">
    <time>2024-01-01T00:29:34.658Z</time>
    <name>Point 1688</name>
  </wpt>
  <wpt lat="1.387141" lon="103.765204">
    <time>2024-01-01T00:29:35.583Z</time>
    <name>Point 1689</name>
  </wpt>
  <wpt lat="1.387016" lon="103.765104">
    <time>2024-01-01T00:29:36.365Z</time>
    <name>Point 1690</name>
  </wpt>
  <wpt lat="1.386890" lon="103.765004">
    <time>2024-01-01T00:29:37.148Z</time>
    <name>Point 1691</name>
  </wpt>
  <wpt lat="1.386765" lon="103.764904">
    <time>2024-01-01T00:29:37.931Z</time>
    <name>Point 1692</name>
  </wpt>
  <wpt lat="1.386629" lon="103.764789">
    <time>2024-01-01T00:29:38.798Z</time>
    <name>Point 1693</name>
  </wpt>
  <wpt lat="1.386494" lon="103.764675">
    <time>2024-01-01T00:29:39.665Z</time>
    <name>Point 1694</name>
  </wpt>
  <wpt lat="1.386358" lon="103.764560">
    <time>2024-01-01T00:29:40.532Z</time>
    <name>Point 1695</name>
  </wpt>
  <wpt lat="1.386233" lon="103.764392">
    <time>2024-01-01T00:29:41.555Z</time>
    <name>Point 1696</name>
  </wpt>
  <wpt lat="1.386107" lon="103.764224">
    <time>2024-01-01T00:29:42.578Z</time>
    <name>Point 1697</name>
  </wpt>
  <wpt lat="1.385982" lon="103.764056">
    <time>2024-01-01T00:29:43.601Z</time>
    <name>Point 1698</name>
  </wpt>
  <wpt lat="1.385773" lon="103.763777">
    <time>2024-01-01T00:29:45.303Z</time>
    <name>Point 1699</name>
  </wpt>
  <wpt lat="1.385703" lon="103.763648">
    <time>2024-01-01T00:29:46.019Z</time>
    <name>Point 1700</name>
  </wpt>
  <wpt lat="1.385532" lon="103.763439">
    <time>2024-01-01T00:29:47.337Z</time>
    <name>Point 1701</name>
  </wpt>
  <wpt lat="1.385306" lon="103.763123">
    <time>2024-01-01T00:29:49.233Z</time>
    <name>Point 1702</name>
  </wpt>
  <wpt lat="1.384990" lon="103.762854">
    <time>2024-01-01T00:29:51.259Z</time>
    <name>Point 1703</name>
  </wpt>
  <wpt lat="1.384695" lon="103.762704">
    <time>2024-01-01T00:29:52.874Z</time>
    <name>Point 1704</name>
  </wpt>
  <wpt lat="1.384502" lon="103.762591">
    <time>2024-01-01T00:29:53.966Z</time>
    <name>Point 1705</name>
  </wpt>
  <wpt lat="1.384282" lon="103.762522">
    <time>2024-01-01T00:29:55.092Z</time>
    <name>Point 1706</name>
  </wpt>
  <wpt lat="1.383950" lon="103.762452">
    <time>2024-01-01T00:29:56.748Z</time>
    <name>Point 1707</name>
  </wpt>
  <wpt lat="1.383671" lon="103.762425">
    <time>2024-01-01T00:29:58.116Z</time>
    <name>Point 1708</name>
  </wpt>
  <wpt lat="1.383397" lon="103.762447">
    <time>2024-01-01T00:29:59.458Z</time>
    <name>Point 1709</name>
  </wpt>
  <wpt lat="1.383038" lon="103.762500">
    <time>2024-01-01T00:30:01.230Z</time>
    <name>Point 1710</name>
  </wpt>
  <wpt lat="1.382748" lon="103.762586">
    <time>2024-01-01T00:30:02.706Z</time>
    <name>Point 1711</name>
  </wpt>
  <wpt lat="1.382590" lon="103.762660">
    <time>2024-01-01T00:30:03.557Z</time>
    <name>Point 1712</name>
  </wpt>
  <wpt lat="1.382432" lon="103.762733">
    <time>2024-01-01T00:30:04.408Z</time>
    <name>Point 1713</name>
  </wpt>
  <wpt lat="1.382274" lon="103.762807">
    <time>2024-01-01T00:30:05.259Z</time>
    <name>Point 1714</name>
  </wpt>
  <wpt lat="1.382116" lon="103.762881">
    <time>2024-01-01T00:30:06.111Z</time>
    <name>Point 1715</name>
  </wpt>
  <wpt lat="1.381917" lon="103.762983">
    <time>2024-01-01T00:30:07.200Z</time>
    <name>Point 1716</name>
  </wpt>
  <wpt lat="1.381719" lon="103.763085">
    <time>2024-01-01T00:30:08.290Z</time>
    <name>Point 1717</name>
  </wpt>
  <wpt lat="1.381520" lon="103.763187">
    <time>2024-01-01T00:30:09.379Z</time>
    <name>Point 1718</name>
  </wpt>
  <wpt lat="1.381322" lon="103.763289">
    <time>2024-01-01T00:30:10.469Z</time>
    <name>Point 1719</name>
  </wpt>
  <wpt lat="1.381118" lon="103.763402">
    <time>2024-01-01T00:30:11.607Z</time>
    <name>Point 1720</name>
  </wpt>
  <wpt lat="1.381022" lon="103.763525">
    <time>2024-01-01T00:30:12.368Z</time>
    <name>Point 1721</name>
  </wpt>
  <wpt lat="1.380984" lon="103.763664">
    <time>2024-01-01T00:30:13.072Z</time>
    <name>Point 1722</name>
  </wpt>
  <wpt lat="1.380941" lon="103.763836">
    <time>2024-01-01T00:30:13.937Z</time>
    <name>Point 1723</name>
  </wpt>
  <wpt lat="1.381022" lon="103.764051">
    <time>2024-01-01T00:30:15.058Z</time>
    <name>Point 1724</name>
  </wpt>
  <wpt lat="1.381113" lon="103.764448">
    <time>2024-01-01T00:30:17.046Z</time>
    <name>Point 1725</name>
  </wpt>
  <wpt lat="1.381166" lon="103.764818">
    <time>2024-01-01T00:30:18.870Z</time>
    <name>Point 1726</name>
  </wpt>
  <wpt lat="1.381161" lon="103.765182">
    <time>2024-01-01T00:30:20.647Z</time>
    <name>Point 1727</name>
  </wpt>
  <wpt lat="1.381140" lon="103.765331">
    <time>2024-01-01T00:30:21.380Z</time>
    <name>Point 1728</name>
  </wpt>
  <wpt lat="1.381118" lon="103.765479">
    <time>2024-01-01T00:30:22.113Z</time>
    <name>Point 1729</name>
  </wpt>
  <wpt lat="1.381097" lon="103.765628">
    <time>2024-01-01T00:30:22.846Z</time>
    <name>Point 1730</name>
  </wpt>
  <wpt lat="1.381054" lon="103.765800">
    <time>2024-01-01T00:30:23.709Z</time>
    <name>Point 1731</name>
  </wpt>
  <wpt lat="1.381011" lon="103.765971">
    <time>2024-01-01T00:30:24.573Z</time>
    <name>Point 1732</name>
  </wpt>
  <wpt lat="1.380968" lon="103.766143">
    <time>2024-01-01T00:30:25.437Z</time>
    <name>Point 1733</name>
  </wpt>
  <wpt lat="1.380878" lon="103.766309">
    <time>2024-01-01T00:30:26.359Z</time>
    <name>Point 1734</name>
  </wpt>
  <wpt lat="1.380788" lon="103.766475">
    <time>2024-01-01T00:30:27.281Z</time>
    <name>Point 1735</name>
  </wpt>
  <wpt lat="1.380699" lon="103.766642">
    <time>2024-01-01T00:30:28.203Z</time>
    <name>Point 1736</name>
  </wpt>
  <wpt lat="1.380609" lon="103.766808">
    <time>2024-01-01T00:30:29.125Z</time>
    <name>Point 1737</name>
  </wpt>
  <wpt lat="1.380383" lon="103.767194">
    <time>2024-01-01T00:30:31.308Z</time>
    <name>Point 1738</name>
  </wpt>
  <wpt lat="1.380269" lon="103.767376">
    <time>2024-01-01T00:30:32.358Z</time>
    <name>Point 1739</name>
  </wpt>
  <wpt lat="1.380154" lon="103.767559">
    <time>2024-01-01T00:30:33.409Z</time>
    <name>Point 1740</name>
  </wpt>
  <wpt lat="1.380040" lon="103.767741">
    <time>2024-01-01T00:30:34.460Z</time>
    <name>Point 1741</name>
  </wpt>
  <wpt lat="1.379926" lon="103.767924">
    <time>2024-01-01T00:30:35.511Z</time>
    <name>Point 1742</name>
  </wpt>
  <wpt lat="1.379811" lon="103.768106">
    <time>2024-01-01T00:30:36.562Z</time>
    <name>Point 1743</name>
  </wpt>
  <wpt lat="1.379697" lon="103.768289">
    <time>2024-01-01T00:30:37.613Z</time>
    <name>Point 1744</name>
  </wpt>
  <wpt lat="1.379583" lon="103.768471">
    <time>2024-01-01T00:30:38.664Z</time>
    <name>Point 1745</name>
  </wpt>
  <wpt lat="1.379468" lon="103.768654">
    <time>2024-01-01T00:30:39.715Z</time>
    <name>Point 1746</name>
  </wpt>
  <wpt lat="1.379354" lon="103.768836">
    <time>2024-01-01T00:30:40.766Z</time>
    <name>Point 1747</name>
  </wpt>
  <wpt lat="1.379254" lon="103.768995">
    <time>2024-01-01T00:30:41.683Z</time>
    <name>Point 1748</name>
  </wpt>
  <wpt lat="1.379154" lon="103.769154">
    <time>2024-01-01T00:30:42.601Z</time>
    <name>Point 1749</name>
  </wpt>
  <wpt lat="1.379053" lon="103.769313">
    <time>2024-01-01T00:30:43.519Z</time>
    <name>Point 1750</name>
  </wpt>
  <wpt lat="1.378953" lon="103.769473">
    <time>2024-01-01T00:30:44.437Z</time>
    <name>Point 1751</name>
  </wpt>
  <wpt lat="1.378853" lon="103.769632">
    <time>2024-01-01T00:30:45.355Z</time>
    <name>Point 1752</name>
  </wpt>
  <wpt lat="1.378753" lon="103.769791">
    <time>2024-01-01T00:30:46.273Z</time>
    <name>Point 1753</name>
  </wpt>
  <wpt lat="1.378644" lon="103.769977">
    <time>2024-01-01T00:30:47.324Z</time>
    <name>Point 1754</name>
  </wpt>
  <wpt lat="1.378534" lon="103.770162">
    <time>2024-01-01T00:30:48.376Z</time>
    <name>Point 1755</name>
  </wpt>
  <wpt lat="1.378425" lon="103.770348">
    <time>2024-01-01T00:30:49.427Z</time>
    <name>Point 1756</name>
  </wpt>
  <wpt lat="1.378315" lon="103.770533">
    <time>2024-01-01T00:30:50.479Z</time>
    <name>Point 1757</name>
  </wpt>
  <wpt lat="1.378206" lon="103.770719">
    <time>2024-01-01T00:30:51.531Z</time>
    <name>Point 1758</name>
  </wpt>
  <wpt lat="1.378092" lon="103.770904">
    <time>2024-01-01T00:30:52.591Z</time>
    <name>Point 1759</name>
  </wpt>
  <wpt lat="1.377978" lon="103.771089">
    <time>2024-01-01T00:30:53.652Z</time>
    <name>Point 1760</name>
  </wpt>
  <wpt lat="1.377864" lon="103.771274">
    <time>2024-01-01T00:30:54.712Z</time>
    <name>Point 1761</name>
  </wpt>
  <wpt lat="1.377750" lon="103.771459">
    <time>2024-01-01T00:30:55.773Z</time>
    <name>Point 1762</name>
  </wpt>
  <wpt lat="1.377670" lon="103.771609">
    <time>2024-01-01T00:30:56.603Z</time>
    <name>Point 1763</name>
  </wpt>
  <wpt lat="1.377697" lon="103.771749">
    <time>2024-01-01T00:30:57.299Z</time>
    <name>Point 1764</name>
  </wpt>
  <wpt lat="1.377723" lon="103.771904">
    <time>2024-01-01T00:30:58.066Z</time>
    <name>Point 1765</name>
  </wpt>
  <wpt lat="1.377825" lon="103.772044">
    <time>2024-01-01T00:30:58.911Z</time>
    <name>Point 1766</name>
  </wpt>
  <wpt lat="1.377986" lon="103.772135">
    <time>2024-01-01T00:30:59.814Z</time>
    <name>Point 1767</name>
  </wpt>
  <wpt lat="1.378147" lon="103.772226">
    <time>2024-01-01T00:31:00.717Z</time>
    <name>Point 1768</name>
  </wpt>
  <wpt lat="1.378308" lon="103.772317">
    <time>2024-01-01T00:31:01.620Z</time>
    <name>Point 1769</name>
  </wpt>
  <wpt lat="1.378689" lon="103.772419">
    <time>2024-01-01T00:31:03.545Z</time>
    <name>Point 1770</name>
  </wpt>
  <wpt lat="1.379069" lon="103.772457">
    <time>2024-01-01T00:31:05.409Z</time>
    <name>Point 1771</name>
  </wpt>
  <wpt lat="1.379269" lon="103.772444">
    <time>2024-01-01T00:31:06.385Z</time>
    <name>Point 1772</name>
  </wpt>
  <wpt lat="1.379468" lon="103.772431">
    <time>2024-01-01T00:31:07.361Z</time>
    <name>Point 1773</name>
  </wpt>
  <wpt lat="1.379668" lon="103.772418">
    <time>2024-01-01T00:31:08.338Z</time>
    <name>Point 1774</name>
  </wpt>
  <wpt lat="1.379867" lon="103.772405">
    <time>2024-01-01T00:31:09.314Z</time>
    <name>Point 1775</name>
  </wpt>
  <wpt lat="1.380067" lon="103.772392">
    <time>2024-01-01T00:31:10.291Z</time>
    <name>Point 1776</name>
  </wpt>
  <wpt lat="1.380260" lon="103.772399">
    <time>2024-01-01T00:31:11.234Z</time>
    <name>Point 1777</name>
  </wpt>
  <wpt lat="1.380453" lon="103.772407">
    <time>2024-01-01T00:31:12.177Z</time>
    <name>Point 1778</name>
  </wpt>
  <wpt lat="1.380646" lon="103.772414">
    <time>2024-01-01T00:31:13.120Z</time>
    <name>Point 1779</name>
  </wpt>
  <wpt lat="1.380989" lon="103.772435">
    <time>2024-01-01T00:31:14.798Z</time>
    <name>Point 1780</name>
  </wpt>
  <wpt lat="1.381268" lon="103.772505">
    <time>2024-01-01T00:31:16.202Z</time>
    <name>Point 1781</name>
  </wpt>
  <wpt lat="1.381665" lon="103.772650">
    <time>2024-01-01T00:31:18.265Z</time>
    <name>Point 1782</name>
  </wpt>
  <wpt lat="1.381870" lon="103.772700">
    <time>2024-01-01T00:31:19.294Z</time>
    <name>Point 1783</name>
  </wpt>
  <wpt lat="1.382075" lon="103.772751">
    <time>2024-01-01T00:31:20.324Z</time>
    <name>Point 1784</name>
  </wpt>
  <wpt lat="1.382279" lon="103.772801">
    <time>2024-01-01T00:31:21.353Z</time>
    <name>Point 1785</name>
  </wpt>
  <wpt lat="1.382484" lon="103.772852">
    <time>2024-01-01T00:31:22.383Z</time>
    <name>Point 1786</name>
  </wpt>
  <wpt lat="1.382689" lon="103.772902">
    <time>2024-01-01T00:31:23.413Z</time>
    <name>Point 1787</name>
  </wpt>
  <wpt lat="1.382865" lon="103.772941">
    <time>2024-01-01T00:31:24.291Z</time>
    <name>Point 1788</name>
  </wpt>
  <wpt lat="1.383040" lon="103.772979">
    <time>2024-01-01T00:31:25.170Z</time>
    <name>Point 1789</name>
  </wpt>
  <wpt lat="1.383216" lon="103.773018">
    <time>2024-01-01T00:31:26.048Z</time>
    <name>Point 1790</name>
  </wpt>
  <wpt lat="1.383392" lon="103.773057">
    <time>2024-01-01T00:31:26.927Z</time>
    <name>Point 1791</name>
  </wpt>
  <wpt lat="1.383542" lon="103.773043">
    <time>2024-01-01T00:31:27.662Z</time>
    <name>Point 1792</name>
  </wpt>
  <wpt lat="1.383692" lon="103.773029">
    <time>2024-01-01T00:31:28.398Z</time>
    <name>Point 1793</name>
  </wpt>
  <wpt lat="1.383842" lon="103.773015">
    <time>2024-01-01T00:31:29.134Z</time>
    <name>Point 1794</name>
  </wpt>
  <wpt lat="1.384282" lon="103.772966">
    <time>2024-01-01T00:31:31.295Z</time>
    <name>Point 1795</name>
  </wpt>
  <wpt lat="1.384482" lon="103.772937">
    <time>2024-01-01T00:31:32.283Z</time>
    <name>Point 1796</name>
  </wpt>
  <wpt lat="1.384683" lon="103.772909">
    <time>2024-01-01T00:31:33.271Z</time>
    <name>Point 1797</name>
  </wpt>
  <wpt lat="1.384883" lon="103.772880">
    <time>2024-01-01T00:31:34.259Z</time>
    <name>Point 1798</name>
  </wpt>
  <wpt lat="1.385290" lon="103.772762">
    <time>2024-01-01T00:31:36.327Z</time>
    <name>Point 1799</name>
  </wpt>
  <wpt lat="1.385644" lon="103.772505">
    <time>2024-01-01T00:31:38.462Z</time>
    <name>Point 1800</name>
  </wpt>
  <wpt lat="1.385907" lon="103.772221">
    <time>2024-01-01T00:31:40.352Z</time>
    <name>Point 1801</name>
  </wpt>
  <wpt lat="1.385989" lon="103.772081">
    <time>2024-01-01T00:31:41.143Z</time>
    <name>Point 1802</name>
  </wpt>
  <wpt lat="1.386072" lon="103.771942">
    <time>2024-01-01T00:31:41.934Z</time>
    <name>Point 1803</name>
  </wpt>
  <wpt lat="1.386154" lon="103.771802">
    <time>2024-01-01T00:31:42.726Z</time>
    <name>Point 1804</name>
  </wpt>
  <wpt lat="1.386250" lon="103.771646">
    <time>2024-01-01T00:31:43.619Z</time>
    <name>Point 1805</name>
  </wpt>
  <wpt lat="1.386347" lon="103.771491">
    <time>2024-01-01T00:31:44.512Z</time>
    <name>Point 1806</name>
  </wpt>
  <wpt lat="1.386443" lon="103.771335">
    <time>2024-01-01T00:31:45.406Z</time>
    <name>Point 1807</name>
  </wpt>
  <wpt lat="1.386554" lon="103.771153">
    <time>2024-01-01T00:31:46.448Z</time>
    <name>Point 1808</name>
  </wpt>
  <wpt lat="1.386665" lon="103.770971">
    <time>2024-01-01T00:31:47.490Z</time>
    <name>Point 1809</name>
  </wpt>
  <wpt lat="1.386777" lon="103.770788">
    <time>2024-01-01T00:31:48.532Z</time>
    <name>Point 1810</name>
  </wpt>
  <wpt lat="1.386888" lon="103.770606">
    <time>2024-01-01T00:31:49.575Z</time>
    <name>Point 1811</name>
  </wpt>
  <wpt lat="1.386993" lon="103.770429">
    <time>2024-01-01T00:31:50.578Z</time>
    <name>Point 1812</name>
  </wpt>
  <wpt lat="1.387099" lon="103.770253">
    <time>2024-01-01T00:31:51.581Z</time>
    <name>Point 1813</name>
  </wpt>
  <wpt lat="1.387204" lon="103.770076">
    <time>2024-01-01T00:31:52.585Z</time>
    <name>Point 1814</name>
  </wpt>
  <wpt lat="1.387309" lon="103.769900">
    <time>2024-01-01T00:31:53.588Z</time>
    <name>Point 1815</name>
  </wpt>
  <wpt lat="1.387415" lon="103.769723">
    <time>2024-01-01T00:31:54.592Z</time>
    <name>Point 1816</name>
  </wpt>
  <wpt lat="1.387520" lon="103.769547">
    <time>2024-01-01T00:31:55.595Z</time>
    <name>Point 1817</name>
  </wpt>
  <wpt lat="1.387626" lon="103.769370">
    <time>2024-01-01T00:31:56.599Z</time>
    <name>Point 1818</name>
  </wpt>
  <wpt lat="1.387731" lon="103.769194">
    <time>2024-01-01T00:31:57.602Z</time>
    <name>Point 1819</name>
  </wpt>
  <wpt lat="1.387836" lon="103.769017">
    <time>2024-01-01T00:31:58.606Z</time>
    <name>Point 1820</name>
  </wpt>
  <wpt lat="1.387942" lon="103.768841">
    <time>2024-01-01T00:31:59.609Z</time>
    <name>Point 1821</name>
  </wpt>
  <wpt lat="1.388047" lon="103.768664">
    <time>2024-01-01T00:32:00.613Z</time>
    <name>Point 1822</name>
  </wpt>
  <wpt lat="1.388154" lon="103.768476">
    <time>2024-01-01T00:32:01.668Z</time>
    <name>Point 1823</name>
  </wpt>
  <wpt lat="1.388315" lon="103.768272">
    <time>2024-01-01T00:32:02.937Z</time>
    <name>Point 1824</name>
  </wpt>
  <wpt lat="1.388487" lon="103.768326">
    <time>2024-01-01T00:32:03.817Z</time>
    <name>Point 1825</name>
  </wpt>
  <wpt lat="1.388728" lon="103.768460">
    <time>2024-01-01T00:32:05.163Z</time>
    <name>Point 1826</name>
  </wpt>
  <wpt lat="1.389039" lon="103.768616">
    <time>2024-01-01T00:32:06.861Z</time>
    <name>Point 1827</name>
  </wpt>
  <wpt lat="1.389205" lon="103.768787">
    <time>2024-01-01T00:32:08.024Z</time>
    <name>Point 1828</name>
  </wpt>
  <wpt lat="1.389377" lon="103.769152">
    <time>2024-01-01T00:32:09.994Z</time>
    <name>Point 1829</name>
  </wpt>
  <wpt lat="1.389366" lon="103.769544">
    <time>2024-01-01T00:32:11.908Z</time>
    <name>Point 1830</name>
  </wpt>
  <wpt lat="1.389216" lon="103.769898">
    <time>2024-01-01T00:32:13.784Z</time>
    <name>Point 1831</name>
  </wpt>
  <wpt lat="1.389012" lon="103.770161">
    <time>2024-01-01T00:32:15.409Z</time>
    <name>Point 1832</name>
  </wpt>
  <wpt lat="1.388953" lon="103.770268">
    <time>2024-01-01T00:32:16.005Z</time>
    <name>Point 1833</name>
  </wpt>
  <wpt lat="1.388869" lon="103.770399">
    <time>2024-01-01T00:32:16.763Z</time>
    <name>Point 1834</name>
  </wpt>
  <wpt lat="1.388785" lon="103.770529">
    <time>2024-01-01T00:32:17.521Z</time>
    <name>Point 1835</name>
  </wpt>
  <wpt lat="1.388701" lon="103.770660">
    <time>2024-01-01T00:32:18.279Z</time>
    <name>Point 1836</name>
  </wpt>
  <wpt lat="1.388621" lon="103.770806">
    <time>2024-01-01T00:32:19.094Z</time>
    <name>Point 1837</name>
  </wpt>
  <wpt lat="1.388540" lon="103.770953">
    <time>2024-01-01T00:32:19.909Z</time>
    <name>Point 1838</name>
  </wpt>
  <wpt lat="1.388460" lon="103.771099">
    <time>2024-01-01T00:32:20.724Z</time>
    <name>Point 1839</name>
  </wpt>
  <wpt lat="1.388367" lon="103.771255">
    <time>2024-01-01T00:32:21.608Z</time>
    <name>Point 1840</name>
  </wpt>
  <wpt lat="1.388275" lon="103.771411">
    <time>2024-01-01T00:32:22.492Z</time>
    <name>Point 1841</name>
  </wpt>
  <wpt lat="1.388183" lon="103.771566">
    <time>2024-01-01T00:32:23.376Z</time>
    <name>Point 1842</name>
  </wpt>
  <wpt lat="1.388090" lon="103.771722">
    <time>2024-01-01T00:32:24.260Z</time>
    <name>Point 1843</name>
  </wpt>
  <wpt lat="1.387976" lon="103.771908">
    <time>2024-01-01T00:32:25.325Z</time>
    <name>Point 1844</name>
  </wpt>
  <wpt lat="1.387861" lon="103.772094">
    <time>2024-01-01T00:32:26.391Z</time>
    <name>Point 1845</name>
  </wpt>
  <wpt lat="1.387747" lon="103.772280">
    <time>2024-01-01T00:32:27.457Z</time>
    <name>Point 1846</name>
  </wpt>
  <wpt lat="1.387596" lon="103.772376">
    <time>2024-01-01T00:32:28.330Z</time>
    <name>Point 1847</name>
  </wpt>
  <wpt lat="1.387414" lon="103.772451">
    <time>2024-01-01T00:32:29.291Z</time>
    <name>Point 1848</name>
  </wpt>
  <wpt lat="1.387226" lon="103.772462">
    <time>2024-01-01T00:32:30.211Z</time>
    <name>Point 1849</name>
  </wpt>
  <wpt lat="1.387071" lon="103.772398">
    <time>2024-01-01T00:32:31.029Z</time>
    <name>Point 1850</name>
  </wpt>
  <wpt lat="1.386846" lon="103.772285">
    <time>2024-01-01T00:32:32.258Z</time>
    <name>Point 1851</name>
  </wpt>
  <wpt lat="1.386556" lon="103.772135">
    <time>2024-01-01T00:32:33.852Z</time>
    <name>Point 1852</name>
  </wpt>
  <wpt lat="1.386299" lon="103.771968">
    <time>2024-01-01T00:32:35.348Z</time>
    <name>Point 1853</name>
  </wpt>
  <wpt lat="1.386191" lon="103.771883">
    <time>2024-01-01T00:32:36.019Z</time>
    <name>Point 1854</name>
  </wpt>
  <wpt lat="1.386063" lon="103.771743">
    <time>2024-01-01T00:32:36.945Z</time>
    <name>Point 1855</name>
  </wpt>
  <wpt lat="1.385843" lon="103.771614">
    <time>2024-01-01T00:32:38.190Z</time>
    <name>Point 1856</name>
  </wpt>
  <wpt lat="1.385655" lon="103.771500">
    <time>2024-01-01T00:32:39.262Z</time>
    <name>Point 1857</name>
  </wpt>
  <wpt lat="1.385468" lon="103.771385">
    <time>2024-01-01T00:32:40.335Z</time>
    <name>Point 1858</name>
  </wpt>
  <wpt lat="1.385280" lon="103.771271">
    <time>2024-01-01T00:32:41.408Z</time>
    <name>Point 1859</name>
  </wpt>
  <wpt lat="1.384920" lon="103.771019">
    <time>2024-01-01T00:32:43.553Z</time>
    <name>Point 1860</name>
  </wpt>
  <wpt lat="1.384711" lon="103.770837">
    <time>2024-01-01T00:32:44.906Z</time>
    <name>Point 1861</name>
  </wpt>
  <wpt lat="1.384464" lon="103.770584">
    <time>2024-01-01T00:32:46.631Z</time>
    <name>Point 1862</name>
  </wpt>
  <wpt lat="1.384223" lon="103.770316">
    <time>2024-01-01T00:32:48.391Z</time>
    <name>Point 1863</name>
  </wpt>
  <wpt lat="1.383917" lon="103.769989">
    <time>2024-01-01T00:32:50.576Z</time>
    <name>Point 1864</name>
  </wpt>
  <wpt lat="1.383612" lon="103.769753">
    <time>2024-01-01T00:32:52.459Z</time>
    <name>Point 1865</name>
  </wpt>
  <wpt lat="1.383354" lon="103.769603">
    <time>2024-01-01T00:32:53.916Z</time>
    <name>Point 1866</name>
  </wpt>
  <wpt lat="1.383140" lon="103.769463">
    <time>2024-01-01T00:32:55.164Z</time>
    <name>Point 1867</name>
  </wpt>
  <wpt lat="1.382968" lon="103.769367">
    <time>2024-01-01T00:32:56.125Z</time>
    <name>Point 1868</name>
  </wpt>
  <wpt lat="1.382818" lon="103.769340">
    <time>2024-01-01T00:32:56.869Z</time>
    <name>Point 1869</name>
  </wpt>
  <wpt lat="1.382625" lon="103.769329">
    <time>2024-01-01T00:32:57.813Z</time>
    <name>Point 1870</name>
  </wpt>
  <wpt lat="1.382260" lon="103.769302">
    <time>2024-01-01T00:32:59.600Z</time>
    <name>Point 1871</name>
  </wpt>
  <wpt lat="1.382089" lon="103.769308">
    <time>2024-01-01T00:33:00.435Z</time>
    <name>Point 1872</name>
  </wpt>
  <wpt lat="1.382030" lon="103.769211">
    <time>2024-01-01T00:33:00.989Z</time>
    <name>Point 1873</name>
  </wpt>
  <wpt lat="1.382024" lon="103.768970">
    <time>2024-01-01T00:33:02.166Z</time>
    <name>Point 1874</name>
  </wpt>
  <wpt lat="1.382028" lon="103.768802">
    <time>2024-01-01T00:33:02.986Z</time>
    <name>Point 1875</name>
  </wpt>
  <wpt lat="1.382031" lon="103.768634">
    <time>2024-01-01T00:33:03.806Z</time>
    <name>Point 1876</name>
  </wpt>
  <wpt lat="1.382035" lon="103.768466">
    <time>2024-01-01T00:33:04.626Z</time>
    <name>Point 1877</name>
  </wpt>
  <wpt lat="1.382038" lon="103.768293">
    <time>2024-01-01T00:33:05.470Z</time>
    <name>Point 1878</name>
  </wpt>
  <wpt lat="1.382041" lon="103.768120">
    <time>2024-01-01T00:33:06.315Z</time>
    <name>Point 1879</name>
  </wpt>
  <wpt lat="1.382043" lon="103.767947">
    <time>2024-01-01T00:33:07.159Z</time>
    <name>Point 1880</name>
  </wpt>
  <wpt lat="1.382046" lon="103.767774">
    <time>2024-01-01T00:33:08.004Z</time>
    <name>Point 1881</name>
  </wpt>
  <wpt lat="1.382073" lon="103.767620">
    <time>2024-01-01T00:33:08.766Z</time>
    <name>Point 1882</name>
  </wpt>
  <wpt lat="1.382099" lon="103.767466">
    <time>2024-01-01T00:33:09.529Z</time>
    <name>Point 1883</name>
  </wpt>
  <wpt lat="1.382126" lon="103.767312">
    <time>2024-01-01T00:33:10.292Z</time>
    <name>Point 1884</name>
  </wpt>
  <wpt lat="1.382250" lon="103.767071">
    <time>2024-01-01T00:33:11.615Z</time>
    <name>Point 1885</name>
  </wpt>
  <wpt lat="1.382384" lon="103.766835">
    <time>2024-01-01T00:33:12.939Z</time>
    <name>Point 1886</name>
  </wpt>
  <wpt lat="1.382523" lon="103.766599">
    <time>2024-01-01T00:33:14.276Z</time>
    <name>Point 1887</name>
  </wpt>
  <wpt lat="1.382630" lon="103.766438">
    <time>2024-01-01T00:33:15.220Z</time>
    <name>Point 1888</name>
  </wpt>
  <wpt lat="1.382979" lon="103.766245">
    <time>2024-01-01T00:33:17.166Z</time>
    <name>Point 1889</name>
  </wpt>
  <wpt lat="1.383199" lon="103.766132">
    <time>2024-01-01T00:33:18.374Z</time>
    <name>Point 1890</name>
  </wpt>
  <wpt lat="1.383407" lon="103.766070">
    <time>2024-01-01T00:33:19.432Z</time>
    <name>Point 1891</name>
  </wpt>
  <wpt lat="1.383615" lon="103.766008">
    <time>2024-01-01T00:33:20.490Z</time>
    <name>Point 1892</name>
  </wpt>
  <wpt lat="1.383822" lon="103.765947">
    <time>2024-01-01T00:33:21.548Z</time>
    <name>Point 1893</name>
  </wpt>
  <wpt lat="1.384030" lon="103.765885">
    <time>2024-01-01T00:33:22.606Z</time>
    <name>Point 1894</name>
  </wpt>
  <wpt lat="1.384357" lon="103.765832">
    <time>2024-01-01T00:33:24.223Z</time>
    <name>Point 1895</name>
  </wpt>
  <wpt lat="1.384464" lon="103.765773">
    <time>2024-01-01T00:33:24.819Z</time>
    <name>Point 1896</name>
  </wpt>
  <wpt lat="1.384438" lon="103.765612">
    <time>2024-01-01T00:33:25.615Z</time>
    <name>Point 1897</name>
  </wpt>
  <wpt lat="1.384379" lon="103.765392">
    <time>2024-01-01T00:33:26.727Z</time>
    <name>Point 1898</name>
  </wpt>
  <wpt lat="1.384352" lon="103.765075">
    <time>2024-01-01T00:33:28.279Z</time>
    <name>Point 1899</name>
  </wpt>
  <wpt lat="1.384368" lon="103.764812">
    <time>2024-01-01T00:33:29.565Z</time>
    <name>Point 1900</name>
  </wpt>
  <wpt lat="1.384497" lon="103.764555">
    <time>2024-01-01T00:33:30.969Z</time>
    <name>Point 1901</name>
  </wpt>
  <wpt lat="1.384700" lon="103.764346">
    <time>2024-01-01T00:33:32.391Z</time>
    <name>Point 1902</name>
  </wpt>
  <wpt lat="1.384883" lon="103.764222">
    <time>2024-01-01T00:33:33.470Z</time>
    <name>Point 1903</name>
  </wpt>
  <wpt lat="1.385054" lon="103.764131">
    <time>2024-01-01T00:33:34.415Z</time>
    <name>Point 1904</name>
  </wpt>
  <wpt lat="1.385285" lon="103.763997">
    <time>2024-01-01T00:33:35.719Z</time>
    <name>Point 1905</name>
  </wpt>
  <wpt lat="1.385499" lon="103.763831">
    <time>2024-01-01T00:33:37.041Z</time>
    <name>Point 1906</name>
  </wpt>
  <wpt lat="1.385725" lon="103.763702">
    <time>2024-01-01T00:33:38.311Z</time>
    <name>Point 1907</name>
  </wpt>
  <wpt lat="1.385821" lon="103.763680">
    <time>2024-01-01T00:33:38.792Z</time>
    <name>Point 1908</name>
  </wpt>
  <wpt lat="1.385929" lon="103.763766">
    <time>2024-01-01T00:33:39.466Z</time>
    <name>Point 1909</name>
  </wpt>
  <wpt lat="1.386164" lon="103.764115">
    <time>2024-01-01T00:33:41.520Z</time>
    <name>Point 1910</name>
  </wpt>
  <wpt lat="1.386417" lon="103.764437">
    <time>2024-01-01T00:33:43.518Z</time>
    <name>Point 1911</name>
  </wpt>
  <wpt lat="1.386733" lon="103.764727">
    <time>2024-01-01T00:33:45.612Z</time>
    <name>Point 1912</name>
  </wpt>
  <wpt lat="1.386875" lon="103.764837">
    <time>2024-01-01T00:33:46.488Z</time>
    <name>Point 1913</name>
  </wpt>
  <wpt lat="1.387017" lon="103.764946">
    <time>2024-01-01T00:33:47.364Z</time>
    <name>Point 1914</name>
  </wpt>
  <wpt lat="1.387159" lon="103.765056">
    <time>2024-01-01T00:33:48.240Z</time>
    <name>Point 1915</name>
  </wpt>
  <wpt lat="1.387301" lon="103.765166">
    <time>2024-01-01T00:33:49.116Z</time>
    <name>Point 1916</name>
  </wpt>
  <wpt lat="1.387462" lon="103.765289">
    <time>2024-01-01T00:33:50.104Z</time>
    <name>Point 1917</name>
  </wpt>
  <wpt lat="1.387623" lon="103.765411">
    <time>2024-01-01T00:33:51.092Z</time>
    <name>Point 1918</name>
  </wpt>
  <wpt lat="1.387784" lon="103.765534">
    <time>2024-01-01T00:33:52.080Z</time>
    <name>Point 1919</name>
  </wpt>
  <wpt lat="1.387945" lon="103.765657">
    <time>2024-01-01T00:33:53.068Z</time>
    <name>Point 1920</name>
  </wpt>
  <wpt lat="1.388106" lon="103.765780">
    <time>2024-01-01T00:33:54.056Z</time>
    <name>Point 1921</name>
  </wpt>
  <wpt lat="1.388267" lon="103.765902">
    <time>2024-01-01T00:33:55.044Z</time>
    <name>Point 1922</name>
  </wpt>
  <wpt lat="1.388428" lon="103.766025">
    <time>2024-01-01T00:33:56.033Z</time>
    <name>Point 1923</name>
  </wpt>
  <wpt lat="1.388621" lon="103.766304">
    <time>2024-01-01T00:33:57.689Z</time>
    <name>Point 1924</name>
  </wpt>
  <wpt lat="1.388792" lon="103.766695">
    <time>2024-01-01T00:33:59.771Z</time>
    <name>Point 1925</name>
  </wpt>
  <wpt lat="1.388835" lon="103.767087">
    <time>2024-01-01T00:34:01.696Z</time>
    <name>Point 1926</name>
  </wpt>
  <wpt lat="1.388798" lon="103.767409">
    <time>2024-01-01T00:34:03.278Z</time>
    <name>Point 1927</name>
  </wpt>
  <wpt lat="1.388712" lon="103.767693">
    <time>2024-01-01T00:34:04.726Z</time>
    <name>Point 1928</name>
  </wpt>
  <wpt lat="1.388551" lon="103.767983">
    <time>2024-01-01T00:34:06.345Z</time>
    <name>Point 1929</name>
  </wpt>
  <wpt lat="1.388412" lon="103.768213">
    <time>2024-01-01T00:34:07.656Z</time>
    <name>Point 1930</name>
  </wpt>
  <wpt lat="1.388336" lon="103.768358">
    <time>2024-01-01T00:34:08.455Z</time>
    <name>Point 1931</name>
  </wpt>
  <wpt lat="1.388226" lon="103.768551">
    <time>2024-01-01T00:34:09.540Z</time>
    <name>Point 1932</name>
  </wpt>
  <wpt lat="1.388115" lon="103.768744">
    <time>2024-01-01T00:34:10.626Z</time>
    <name>Point 1933</name>
  </wpt>
  <wpt lat="1.388005" lon="103.768937">
    <time>2024-01-01T00:34:11.711Z</time>
    <name>Point 1934</name>
  </wpt>
  <wpt lat="1.387895" lon="103.769131">
    <time>2024-01-01T00:34:12.797Z</time>
    <name>Point 1935</name>
  </wpt>
  <wpt lat="1.387785" lon="103.769324">
    <time>2024-01-01T00:34:13.882Z</time>
    <name>Point 1936</name>
  </wpt>
  <wpt lat="1.387674" lon="103.769517">
    <time>2024-01-01T00:34:14.968Z</time>
    <name>Point 1937</name>
  </wpt>
  <wpt lat="1.387564" lon="103.769710">
    <time>2024-01-01T00:34:16.054Z</time>
    <name>Point 1938</name>
  </wpt>
  <wpt lat="1.387458" lon="103.769884">
    <time>2024-01-01T00:34:17.047Z</time>
    <name>Point 1939</name>
  </wpt>
  <wpt lat="1.387353" lon="103.770058">
    <time>2024-01-01T00:34:18.041Z</time>
    <name>Point 1940</name>
  </wpt>
  <wpt lat="1.387247" lon="103.770232">
    <time>2024-01-01T00:34:19.035Z</time>
    <name>Point 1941</name>
  </wpt>
  <wpt lat="1.387141" lon="103.770406">
    <time>2024-01-01T00:34:20.028Z</time>
    <name>Point 1942</name>
  </wpt>
  <wpt lat="1.387035" lon="103.770580">
    <time>2024-01-01T00:34:21.022Z</time>
    <name>Point 1943</name>
  </wpt>
  <wpt lat="1.386930" lon="103.770754">
    <time>2024-01-01T00:34:22.016Z</time>
    <name>Point 1944</name>
  </wpt>
  <wpt lat="1.386824" lon="103.770928">
    <time>2024-01-01T00:34:23.010Z</time>
    <name>Point 1945</name>
  </wpt>
  <wpt lat="1.386735" lon="103.771083">
    <time>2024-01-01T00:34:23.884Z</time>
    <name>Point 1946</name>
  </wpt>
  <wpt lat="1.386645" lon="103.771239">
    <time>2024-01-01T00:34:24.758Z</time>
    <name>Point 1947</name>
  </wpt>
  <wpt lat="1.386556" lon="103.771394">
    <time>2024-01-01T00:34:25.633Z</time>
    <name>Point 1948</name>
  </wpt>
  <wpt lat="1.386363" lon="103.771738">
    <time>2024-01-01T00:34:27.559Z</time>
    <name>Point 1949</name>
  </wpt>
  <wpt lat="1.386320" lon="103.771856">
    <time>2024-01-01T00:34:28.172Z</time>
    <name>Point 1950</name>
  </wpt>
  <wpt lat="1.386202" lon="103.772027">
    <time>2024-01-01T00:34:29.186Z</time>
    <name>Point 1951</name>
  </wpt>
  <wpt lat="1.386089" lon="103.772199">
    <time>2024-01-01T00:34:30.190Z</time>
    <name>Point 1952</name>
  </wpt>
  <wpt lat="1.385962" lon="103.772342">
    <time>2024-01-01T00:34:31.122Z</time>
    <name>Point 1953</name>
  </wpt>
  <wpt lat="1.385836" lon="103.772485">
    <time>2024-01-01T00:34:32.054Z</time>
    <name>Point 1954</name>
  </wpt>
  <wpt lat="1.385709" lon="103.772628">
    <time>2024-01-01T00:34:32.987Z</time>
    <name>Point 1955</name>
  </wpt>
  <wpt lat="1.385575" lon="103.772709">
    <time>2024-01-01T00:34:33.752Z</time>
    <name>Point 1956</name>
  </wpt>
  <wpt lat="1.385440" lon="103.772789">
    <time>2024-01-01T00:34:34.517Z</time>
    <name>Point 1957</name>
  </wpt>
  <wpt lat="1.385306" lon="103.772870">
    <time>2024-01-01T00:34:35.282Z</time>
    <name>Point 1958</name>
  </wpt>
  <wpt lat="1.385054" lon="103.772945">
    <time>2024-01-01T00:34:36.565Z</time>
    <name>Point 1959</name>
  </wpt>
  <wpt lat="1.384641" lon="103.773020">
    <time>2024-01-01T00:34:38.615Z</time>
    <name>Point 1960</name>
  </wpt>
  <wpt lat="1.384453" lon="103.773045">
    <time>2024-01-01T00:34:39.543Z</time>
    <name>Point 1961</name>
  </wpt>
  <wpt lat="1.384264" lon="103.773070">
    <time>2024-01-01T00:34:40.471Z</time>
    <name>Point 1962</name>
  </wpt>
  <wpt lat="1.384076" lon="103.773095">
    <time>2024-01-01T00:34:41.399Z</time>
    <name>Point 1963</name>
  </wpt>
  <wpt lat="1.383887" lon="103.773120">
    <time>2024-01-01T00:34:42.327Z</time>
    <name>Point 1964</name>
  </wpt>
  <wpt lat="1.383698" lon="103.773145">
    <time>2024-01-01T00:34:43.255Z</time>
    <name>Point 1965</name>
  </wpt>
  <wpt lat="1.383510" lon="103.773170">
    <time>2024-01-01T00:34:44.184Z</time>
    <name>Point 1966</name>
  </wpt>
  <wpt lat="1.383167" lon="103.773165">
    <time>2024-01-01T00:34:45.859Z</time>
    <name>Point 1967</name>
  </wpt>
  <wpt lat="1.382977" lon="103.773126">
    <time>2024-01-01T00:34:46.804Z</time>
    <name>Point 1968</name>
  </wpt>
  <wpt lat="1.382788" lon="103.773086">
    <time>2024-01-01T00:34:47.749Z</time>
    <name>Point 1969</name>
  </wpt>
  <wpt lat="1.382598" lon="103.773047">
    <time>2024-01-01T00:34:48.695Z</time>
    <name>Point 1970</name>
  </wpt>
  <wpt lat="1.382169" lon="103.772945">
    <time>2024-01-01T00:34:50.848Z</time>
    <name>Point 1971</name>
  </wpt>
  <wpt lat="1.381972" lon="103.772882">
    <time>2024-01-01T00:34:51.855Z</time>
    <name>Point 1972</name>
  </wpt>
  <wpt lat="1.381776" lon="103.772820">
    <time>2024-01-01T00:34:52.863Z</time>
    <name>Point 1973</name>
  </wpt>
  <wpt lat="1.381579" lon="103.772757">
    <time>2024-01-01T00:34:53.871Z</time>
    <name>Point 1974</name>
  </wpt>
  <wpt lat="1.381166" lon="103.772639">
    <time>2024-01-01T00:34:55.968Z</time>
    <name>Point 1975</name>
  </wpt>
  <wpt lat="1.380737" lon="103.772548">
    <time>2024-01-01T00:34:58.109Z</time>
    <name>Point 1976</name>
  </wpt>
  <wpt lat="1.380501" lon="103.772505">
    <time>2024-01-01T00:34:59.280Z</time>
    <name>Point 1977</name>
  </wpt>
  <wpt lat="1.380287" lon="103.772512">
    <time>2024-01-01T00:35:00.326Z</time>
    <name>Point 1978</name>
  </wpt>
  <wpt lat="1.380072" lon="103.772519">
    <time>2024-01-01T00:35:01.373Z</time>
    <name>Point 1979</name>
  </wpt>
  <wpt lat="1.379858" lon="103.772526">
    <time>2024-01-01T00:35:02.420Z</time>
    <name>Point 1980</name>
  </wpt>
  <wpt lat="1.379706" lon="103.772535">
    <time>2024-01-01T00:35:03.163Z</time>
    <name>Point 1981</name>
  </wpt>
  <wpt lat="1.379554" lon="103.772544">
    <time>2024-01-01T00:35:03.906Z</time>
    <name>Point 1982</name>
  </wpt>
  <wpt lat="1.379402" lon="103.772553">
    <time>2024-01-01T00:35:04.650Z</time>
    <name>Point 1983</name>
  </wpt>
  <wpt lat="1.379005" lon="103.772569">
    <time>2024-01-01T00:35:06.590Z</time>
    <name>Point 1984</name>
  </wpt>
  <wpt lat="1.378630" lon="103.772516">
    <time>2024-01-01T00:35:08.439Z</time>
    <name>Point 1985</name>
  </wpt>
  <wpt lat="1.378249" lon="103.772414">
    <time>2024-01-01T00:35:10.364Z</time>
    <name>Point 1986</name>
  </wpt>
  <wpt lat="1.377975" lon="103.772269">
    <time>2024-01-01T00:35:11.877Z</time>
    <name>Point 1987</name>
  </wpt>
  <wpt lat="1.377807" lon="103.772181">
    <time>2024-01-01T00:35:12.802Z</time>
    <name>Point 1988</name>
  </wpt>
  <wpt lat="1.377639" lon="103.772094">
    <time>2024-01-01T00:35:13.727Z</time>
    <name>Point 1989</name>
  </wpt>
  <wpt lat="1.377471" lon="103.772006">
    <time>2024-01-01T00:35:14.652Z</time>
    <name>Point 1990</name>
  </wpt>
  <wpt lat="1.377375" lon="103.771947">
    <time>2024-01-01T00:35:15.202Z</time>
    <name>Point 1991</name>
  </wpt>
  <wpt lat="1.377310" lon="103.771845">
    <time>2024-01-01T00:35:15.793Z</time>
    <name>Point 1992</name>
  </wpt>
  <wpt lat="1.377380" lon="103.771695">
    <time>2024-01-01T00:35:16.601Z</time>
    <name>Point 1993</name>
  </wpt>
  <wpt lat="1.377483" lon="103.771541">
    <time>2024-01-01T00:35:17.506Z</time>
    <name>Point 1994</name>
  </wpt>
  <wpt lat="1.377587" lon="103.771387">
    <time>2024-01-01T00:35:18.412Z</time>
    <name>Point 1995</name>
  </wpt>
  <wpt lat="1.377690" lon="103.771232">
    <time>2024-01-01T00:35:19.318Z</time>
    <name>Point 1996</name>
  </wpt>
  <wpt lat="1.377793" lon="103.771078">
    <time>2024-01-01T00:35:20.224Z</time>
    <name>Point 1997</name>
  </wpt>
  <wpt lat="1.377908" lon="103.770890">
    <time>2024-01-01T00:35:21.298Z</time>
    <name>Point 1998</name>
  </wpt>
  <wpt lat="1.378023" lon="103.770702">
    <time>2024-01-01T00:35:22.373Z</time>
    <name>Point 1999</name>
  </wpt>
  <wpt lat="1.378138" lon="103.770515">
    <time>2024-01-01T00:35:23.448Z</time>
    <name>Point 2000</name>
  </wpt>
  <wpt lat="1.378253" lon="103.770327">
    <time>2024-01-01T00:35:24.523Z</time>
    <name>Point 2001</name>
  </wpt>
  <wpt lat="1.378368" lon="103.770139">
    <time>2024-01-01T00:35:25.598Z</time>
    <name>Point 2002</name>
  </wpt>
  <wpt lat="1.378483" lon="103.769951">
    <time>2024-01-01T00:35:26.673Z</time>
    <name>Point 2003</name>
  </wpt>
  <wpt lat="1.378599" lon="103.769764">
    <time>2024-01-01T00:35:27.748Z</time>
    <name>Point 2004</name>
  </wpt>
  <wpt lat="1.378714" lon="103.769576">
    <time>2024-01-01T00:35:28.823Z</time>
    <name>Point 2005</name>
  </wpt>
  <wpt lat="1.378829" lon="103.769388">
    <time>2024-01-01T00:35:29.898Z</time>
    <name>Point 2006</name>
  </wpt>
  <wpt lat="1.378944" lon="103.769200">
    <time>2024-01-01T00:35:30.973Z</time>
    <name>Point 2007</name>
  </wpt>
  <wpt lat="1.379059" lon="103.769013">
    <time>2024-01-01T00:35:32.048Z</time>
    <name>Point 2008</name>
  </wpt>
  <wpt lat="1.379174" lon="103.768825">
    <time>2024-01-01T00:35:33.123Z</time>
    <name>Point 2009</name>
  </wpt>
  <wpt lat="1.379289" lon="103.768637">
    <time>2024-01-01T00:35:34.198Z</time>
    <name>Point 2010</name>
  </wpt>
  <wpt lat="1.379394" lon="103.768471">
    <time>2024-01-01T00:35:35.154Z</time>
    <name>Point 2011</name>
  </wpt>
  <wpt lat="1.379499" lon="103.768306">
    <time>2024-01-01T00:35:36.111Z</time>
    <name>Point 2012</name>
  </wpt>
  <wpt lat="1.379604" lon="103.768140">
    <time>2024-01-01T00:35:37.068Z</time>
    <name>Point 2013</name>
  </wpt>
  <wpt lat="1.379709" lon="103.767975">
    <time>2024-01-01T00:35:38.025Z</time>
    <name>Point 2014</name>
  </wpt>
  <wpt lat="1.379814" lon="103.767809">
    <time>2024-01-01T00:35:38.982Z</time>
    <name>Point 2015</name>
  </wpt>
  <wpt lat="1.379919" lon="103.767644">
    <time>2024-01-01T00:35:39.939Z</time>
    <name>Point 2016</name>
  </wpt>
  <wpt lat="1.380024" lon="103.767478">
    <time>2024-01-01T00:35:40.896Z</time>
    <name>Point 2017</name>
  </wpt>
  <wpt lat="1.380131" lon="103.767300">
    <time>2024-01-01T00:35:41.912Z</time>
    <name>Point 2018</name>
  </wpt>
  <wpt lat="1.380239" lon="103.767121">
    <time>2024-01-01T00:35:42.928Z</time>
    <name>Point 2019</name>
  </wpt>
  <wpt lat="1.380346" lon="103.766943">
    <time>2024-01-01T00:35:43.944Z</time>
    <name>Point 2020</name>
  </wpt>
  <wpt lat="1.380453" lon="103.766764">
    <time>2024-01-01T00:35:44.960Z</time>
    <name>Point 2021</name>
  </wpt>
  <wpt lat="1.380560" lon="103.766586">
    <time>2024-01-01T00:35:45.976Z</time>
    <name>Point 2022</name>
  </wpt>
  <wpt lat="1.380668" lon="103.766407">
    <time>2024-01-01T00:35:46.992Z</time>
    <name>Point 2023</name>
  </wpt>
  <wpt lat="1.380775" lon="103.766229">
    <time>2024-01-01T00:35:48.009Z</time>
    <name>Point 2024</name>
  </wpt>
  <wpt lat="1.380831" lon="103.766034">
    <time>2024-01-01T00:35:48.997Z</time>
    <name>Point 2025</name>
  </wpt>
  <wpt lat="1.380888" lon="103.765840">
    <time>2024-01-01T00:35:49.985Z</time>
    <name>Point 2026</name>
  </wpt>
  <wpt lat="1.380944" lon="103.765646">
    <time>2024-01-01T00:35:50.973Z</time>
    <name>Point 2027</name>
  </wpt>
  <wpt lat="1.381000" lon="103.765451">
    <time>2024-01-01T00:35:51.962Z</time>
    <name>Point 2028</name>
  </wpt>
  <wpt lat="1.381013" lon="103.765251">
    <time>2024-01-01T00:35:52.941Z</time>
    <name>Point 2029</name>
  </wpt>
  <wpt lat="1.381025" lon="103.765050">
    <time>2024-01-01T00:35:53.920Z</time>
    <name>Point 2030</name>
  </wpt>
  <wpt lat="1.381038" lon="103.764850">
    <time>2024-01-01T00:35:54.900Z</time>
    <name>Point 2031</name>
  </wpt>
  <wpt lat="1.381018" lon="103.764696">
    <time>2024-01-01T00:35:55.656Z</time>
    <name>Point 2032</name>
  </wpt>
  <wpt lat="1.380999" lon="103.764543">
    <time>2024-01-01T00:35:56.412Z</time>
    <name>Point 2033</name>
  </wpt>
  <wpt lat="1.380979" lon="103.764389">
    <time>2024-01-01T00:35:57.169Z</time>
    <name>Point 2034</name>
  </wpt>
  <wpt lat="1.380904" lon="103.764067">
    <time>2024-01-01T00:35:58.782Z</time>
    <name>Point 2035</name>
  </wpt>
  <wpt lat="1.380791" lon="103.763804">
    <time>2024-01-01T00:36:00.179Z</time>
    <name>Point 2036</name>
  </wpt>
  <wpt lat="1.380721" lon="103.763600">
    <time>2024-01-01T00:36:01.232Z</time>
    <name>Point 2037</name>
  </wpt>
  <wpt lat="1.380644" lon="103.763448">
    <time>2024-01-01T00:36:02.062Z</time>
    <name>Point 2038</name>
  </wpt>
  <wpt lat="1.380568" lon="103.763296">
    <time>2024-01-01T00:36:02.893Z</time>
    <name>Point 2039</name>
  </wpt>
  <wpt lat="1.380491" lon="103.763144">
    <time>2024-01-01T00:36:03.724Z</time>
    <name>Point 2040</name>
  </wpt>
  <wpt lat="1.380396" lon="103.762960">
    <time>2024-01-01T00:36:04.734Z</time>
    <name>Point 2041</name>
  </wpt>
  <wpt lat="1.380300" lon="103.762777">
    <time>2024-01-01T00:36:05.744Z</time>
    <name>Point 2042</name>
  </wpt>
  <wpt lat="1.380205" lon="103.762593">
    <time>2024-01-01T00:36:06.754Z</time>
    <name>Point 2043</name>
  </wpt>
  <wpt lat="1.380110" lon="103.762409">
    <time>2024-01-01T00:36:07.765Z</time>
    <name>Point 2044</name>
  </wpt>
  <wpt lat="1.380033" lon="103.762232">
    <time>2024-01-01T00:36:08.707Z</time>
    <name>Point 2045</name>
  </wpt>
  <wpt lat="1.379956" lon="103.762055">
    <time>2024-01-01T00:36:09.649Z</time>
    <name>Point 2046</name>
  </wpt>
  <wpt lat="1.379878" lon="103.761878">
    <time>2024-01-01T00:36:10.592Z</time>
    <name>Point 2047</name>
  </wpt>
  <wpt lat="1.379801" lon="103.761701">
    <time>2024-01-01T00:36:11.534Z</time>
    <name>Point 2048</name>
  </wpt>
  <wpt lat="1.379724" lon="103.761524">
    <time>2024-01-01T00:36:12.477Z</time>
    <name>Point 2049</name>
  </wpt>
  <wpt lat="1.379681" lon="103.761406">
    <time>2024-01-01T00:36:13.090Z</time>
    <name>Point 2050</name>
  </wpt>
  <wpt lat="1.379616" lon="103.761288">
    <time>2024-01-01T00:36:13.748Z</time>
    <name>Point 2051</name>
  </wpt>
  <wpt lat="1.379574" lon="103.761143">
    <time>2024-01-01T00:36:14.484Z</time>
    <name>Point 2052</name>
  </wpt>
  <wpt lat="1.379494" lon="103.760980">
    <time>2024-01-01T00:36:15.373Z</time>
    <name>Point 2053</name>
  </wpt>
  <wpt lat="1.379413" lon="103.760816">
    <time>2024-01-01T00:36:16.263Z</time>
    <name>Point 2054</name>
  </wpt>
  <wpt lat="1.379332" lon="103.760653">
    <time>2024-01-01T00:36:17.152Z</time>
    <name>Point 2055</name>
  </wpt>
  <wpt lat="1.379252" lon="103.760489">
    <time>2024-01-01T00:36:18.042Z</time>
    <name>Point 2056</name>
  </wpt>
  <wpt lat="1.379174" lon="103.760299">
    <time>2024-01-01T00:36:19.047Z</time>
    <name>Point 2057</name>
  </wpt>
  <wpt lat="1.379095" lon="103.760108">
    <time>2024-01-01T00:36:20.052Z</time>
    <name>Point 2058</name>
  </wpt>
  <wpt lat="1.379017" lon="103.759918">
    <time>2024-01-01T00:36:21.057Z</time>
    <name>Point 2059</name>
  </wpt>
  <wpt lat="1.378939" lon="103.759727">
    <time>2024-01-01T00:36:22.062Z</time>
    <name>Point 2060</name>
  </wpt>
  <wpt lat="1.378861" lon="103.759536">
    <time>2024-01-01T00:36:23.068Z</time>
    <name>Point 2061</name>
  </wpt>
  <wpt lat="1.378782" lon="103.759346">
    <time>2024-01-01T00:36:24.073Z</time>
    <name>Point 2062</name>
  </wpt>
  <wpt lat="1.378704" lon="103.759156">
    <time>2024-01-01T00:36:25.078Z</time>
    <name>Point 2063</name>
  </wpt>
  <wpt lat="1.378626" lon="103.758965">
    <time>2024-01-01T00:36:26.083Z</time>
    <name>Point 2064</name>
  </wpt>
  <wpt lat="1.378547" lon="103.758775">
    <time>2024-01-01T00:36:27.088Z</time>
    <name>Point 2065</name>
  </wpt>
  <wpt lat="1.378469" lon="103.758584">
    <time>2024-01-01T00:36:28.094Z</time>
    <name>Point 2066</name>
  </wpt>
  <wpt lat="1.378381" lon="103.758393">
    <time>2024-01-01T00:36:29.119Z</time>
    <name>Point 2067</name>
  </wpt>
  <wpt lat="1.378293" lon="103.758203">
    <time>2024-01-01T00:36:30.144Z</time>
    <name>Point 2068</name>
  </wpt>
  <wpt lat="1.378205" lon="103.758012">
    <time>2024-01-01T00:36:31.170Z</time>
    <name>Point 2069</name>
  </wpt>
  <wpt lat="1.378116" lon="103.757821">
    <time>2024-01-01T00:36:32.195Z</time>
    <name>Point 2070</name>
  </wpt>
  <wpt lat="1.378028" lon="103.757630">
    <time>2024-01-01T00:36:33.221Z</time>
    <name>Point 2071</name>
  </wpt>
  <wpt lat="1.377940" lon="103.757440">
    <time>2024-01-01T00:36:34.246Z</time>
    <name>Point 2072</name>
  </wpt>
  <wpt lat="1.377852" lon="103.757249">
    <time>2024-01-01T00:36:35.272Z</time>
    <name>Point 2073</name>
  </wpt>
  <wpt lat="1.377769" lon="103.757076">
    <time>2024-01-01T00:36:36.208Z</time>
    <name>Point 2074</name>
  </wpt>
  <wpt lat="1.377686" lon="103.756903">
    <time>2024-01-01T00:36:37.145Z</time>
    <name>Point 2075</name>
  </wpt>
  <wpt lat="1.377603" lon="103.756730">
    <time>2024-01-01T00:36:38.081Z</time>
    <name>Point 2076</name>
  </wpt>
  <wpt lat="1.377520" lon="103.756557">
    <time>2024-01-01T00:36:39.018Z</time>
    <name>Point 2077</name>
  </wpt>
  <wpt lat="1.377423" lon="103.756412">
    <time>2024-01-01T00:36:39.868Z</time>
    <name>Point 2078</name>
  </wpt>
  <wpt lat="1.377327" lon="103.756267">
    <time>2024-01-01T00:36:40.719Z</time>
    <name>Point 2079</name>
  </wpt>
  <wpt lat="1.377230" lon="103.756122">
    <time>2024-01-01T00:36:41.570Z</time>
    <name>Point 2080</name>
  </wpt>
  <wpt lat="1.377133" lon="103.755977">
    <time>2024-01-01T00:36:42.421Z</time>
    <name>Point 2081</name>
  </wpt>
  <wpt lat="1.377074" lon="103.755801">
    <time>2024-01-01T00:36:43.325Z</time>
    <name>Point 2082</name>
  </wpt>
  <wpt lat="1.377015" lon="103.755626">
    <time>2024-01-01T00:36:44.230Z</time>
    <name>Point 2083</name>
  </wpt>
  <wpt lat="1.376956" lon="103.755450">
    <time>2024-01-01T00:36:45.135Z</time>
    <name>Point 2084</name>
  </wpt>
  <wpt lat="1.376897" lon="103.755274">
    <time>2024-01-01T00:36:46.040Z</time>
    <name>Point 2085</name>
  </wpt>
  <wpt lat="1.376790" lon="103.754894">
    <time>2024-01-01T00:36:47.967Z</time>
    <name>Point 2086</name>
  </wpt>
  <wpt lat="1.376683" lon="103.754620">
    <time>2024-01-01T00:36:49.403Z</time>
    <name>Point 2087</name>
  </wpt>
  <wpt lat="1.376544" lon="103.754287">
    <time>2024-01-01T00:36:51.164Z</time>
    <name>Point 2088</name>
  </wpt>
  <wpt lat="1.376350" lon="103.754008">
    <time>2024-01-01T00:36:52.822Z</time>
    <name>Point 2089</name>
  </wpt>
  <wpt lat="1.376249" lon="103.753826">
    <time>2024-01-01T00:36:53.838Z</time>
    <name>Point 2090</name>
  </wpt>
  <wpt lat="1.376318" lon="103.753579">
    <time>2024-01-01T00:36:55.090Z</time>
    <name>Point 2091</name>
  </wpt>
  <wpt lat="1.376442" lon="103.753279">
    <time>2024-01-01T00:36:56.674Z</time>
    <name>Point 2092</name>
  </wpt>
  <wpt lat="1.376624" lon="103.752871">
    <time>2024-01-01T00:36:58.855Z</time>
    <name>Point 2093</name>
  </wpt>
  <wpt lat="1.376812" lon="103.752469">
    <time>2024-01-01T00:37:01.021Z</time>
    <name>Point 2094</name>
  </wpt>
  <wpt lat="1.376880" lon="103.752328">
    <time>2024-01-01T00:37:01.785Z</time>
    <name>Point 2095</name>
  </wpt>
  <wpt lat="1.376947" lon="103.752186">
    <time>2024-01-01T00:37:02.550Z</time>
    <name>Point 2096</name>
  </wpt>
  <wpt lat="1.377015" lon="103.752045">
    <time>2024-01-01T00:37:03.315Z</time>
    <name>Point 2097</name>
  </wpt>
  <wpt lat="1.376989" lon="103.751900">
    <time>2024-01-01T00:37:04.034Z</time>
    <name>Point 2098</name>
  </wpt>
  <wpt lat="1.376978" lon="103.751771">
    <time>2024-01-01T00:37:04.666Z</time>
    <name>Point 2099</name>
  </wpt>
  <wpt lat="1.376871" lon="103.751670">
    <time>2024-01-01T00:37:05.384Z</time>
    <name>Point 2100</name>
  </wpt>
  <wpt lat="1.376613" lon="103.751578">
    <time>2024-01-01T00:37:06.721Z</time>
    <name>Point 2101</name>
  </wpt>
  <wpt lat="1.376450" lon="103.751512">
    <time>2024-01-01T00:37:07.578Z</time>
    <name>Point 2102</name>
  </wpt>
  <wpt lat="1.376288" lon="103.751446">
    <time>2024-01-01T00:37:08.435Z</time>
    <name>Point 2103</name>
  </wpt>
  <wpt lat="1.376125" lon="103.751380">
    <time>2024-01-01T00:37:09.292Z</time>
    <name>Point 2104</name>
  </wpt>
  <wpt lat="1.375957" lon="103.751303">
    <time>2024-01-01T00:37:10.194Z</time>
    <name>Point 2105</name>
  </wpt>
  <wpt lat="1.375789" lon="103.751226">
    <time>2024-01-01T00:37:11.096Z</time>
    <name>Point 2106</name>
  </wpt>
  <wpt lat="1.375621" lon="103.751149">
    <time>2024-01-01T00:37:11.998Z</time>
    <name>Point 2107</name>
  </wpt>
  <wpt lat="1.375426" lon="103.751058">
    <time>2024-01-01T00:37:13.047Z</time>
    <name>Point 2108</name>
  </wpt>
  <wpt lat="1.375232" lon="103.750967">
    <time>2024-01-01T00:37:14.096Z</time>
    <name>Point 2109</name>
  </wpt>
  <wpt lat="1.375037" lon="103.750876">
    <time>2024-01-01T00:37:15.145Z</time>
    <name>Point 2110</name>
  </wpt>
  <wpt lat="1.374854" lon="103.750774">
    <time>2024-01-01T00:37:16.168Z</time>
    <name>Point 2111</name>
  </wpt>
  <wpt lat="1.374629" lon="103.750597">
    <time>2024-01-01T00:37:17.565Z</time>
    <name>Point 2112</name>
  </wpt>
  <wpt lat="1.374484" lon="103.750371">
    <time>2024-01-01T00:37:18.876Z</time>
    <name>Point 2113</name>
  </wpt>
  <wpt lat="1.374393" lon="103.750044">
    <time>2024-01-01T00:37:20.532Z</time>
    <name>Point 2114</name>
  </wpt>
  <wpt lat="1.374318" lon="103.749803">
    <time>2024-01-01T00:37:21.764Z</time>
    <name>Point 2115</name>
  </wpt>
  <wpt lat="1.374152" lon="103.749433">
    <time>2024-01-01T00:37:23.743Z</time>
    <name>Point 2116</name>
  </wpt>
  <wpt lat="1.374039" lon="103.749213">
    <time>2024-01-01T00:37:24.950Z</time>
    <name>Point 2117</name>
  </wpt>
  <wpt lat="1.373897" lon="103.749063">
    <time>2024-01-01T00:37:25.960Z</time>
    <name>Point 2118</name>
  </wpt>
  <wpt lat="1.373755" lon="103.748912">
    <time>2024-01-01T00:37:26.970Z</time>
    <name>Point 2119</name>
  </wpt>
  <wpt lat="1.373613" lon="103.748762">
    <time>2024-01-01T00:37:27.980Z</time>
    <name>Point 2120</name>
  </wpt>
  <wpt lat="1.373470" lon="103.748612">
    <time>2024-01-01T00:37:28.990Z</time>
    <name>Point 2121</name>
  </wpt>
  <wpt lat="1.373328" lon="103.748461">
    <time>2024-01-01T00:37:30.000Z</time>
    <name>Point 2122</name>
  </wpt>
  <wpt lat="1.373186" lon="103.748311">
    <time>2024-01-01T00:37:31.010Z</time>
    <name>Point 2123</name>
  </wpt>
  <wpt lat="1.373052" lon="103.748113">
    <time>2024-01-01T00:37:32.177Z</time>
    <name>Point 2124</name>
  </wpt>
  <wpt lat="1.373181" lon="103.747866">
    <time>2024-01-01T00:37:33.537Z</time>
    <name>Point 2125</name>
  </wpt>
  <wpt lat="1.373438" lon="103.747587">
    <time>2024-01-01T00:37:35.388Z</time>
    <name>Point 2126</name>
  </wpt>
  <wpt lat="1.373560" lon="103.747458">
    <time>2024-01-01T00:37:36.252Z</time>
    <name>Point 2127</name>
  </wpt>
  <wpt lat="1.373681" lon="103.747330">
    <time>2024-01-01T00:37:37.116Z</time>
    <name>Point 2128</name>
  </wpt>
  <wpt lat="1.373803" lon="103.747201">
    <time>2024-01-01T00:37:37.981Z</time>
    <name>Point 2129</name>
  </wpt>
  <wpt lat="1.373978" lon="103.747062">
    <time>2024-01-01T00:37:39.074Z</time>
    <name>Point 2130</name>
  </wpt>
  <wpt lat="1.374154" lon="103.746922">
    <time>2024-01-01T00:37:40.167Z</time>
    <name>Point 2131</name>
  </wpt>
  <wpt lat="1.374329" lon="103.746783">
    <time>2024-01-01T00:37:41.261Z</time>
    <name>Point 2132</name>
  </wpt>
  <wpt lat="1.374715" lon="103.746611">
    <time>2024-01-01T00:37:43.324Z</time>
    <name>Point 2133</name>
  </wpt>
  <wpt lat="1.374881" lon="103.746571">
    <time>2024-01-01T00:37:44.159Z</time>
    <name>Point 2134</name>
  </wpt>
  <wpt lat="1.375047" lon="103.746531">
    <time>2024-01-01T00:37:44.994Z</time>
    <name>Point 2135</name>
  </wpt>
  <wpt lat="1.375214" lon="103.746490">
    <time>2024-01-01T00:37:45.829Z</time>
    <name>Point 2136</name>
  </wpt>
  <wpt lat="1.375380" lon="103.746450">
    <time>2024-01-01T00:37:46.664Z</time>
    <name>Point 2137</name>
  </wpt>
  <wpt lat="1.375537" lon="103.746407">
    <time>2024-01-01T00:37:47.460Z</time>
    <name>Point 2138</name>
  </wpt>
  <wpt lat="1.375695" lon="103.746364">
    <time>2024-01-01T00:37:48.256Z</time>
    <name>Point 2139</name>
  </wpt>
  <wpt lat="1.375852" lon="103.746321">
    <time>2024-01-01T00:37:49.052Z</time>
    <name>Point 2140</name>
  </wpt>
  <wpt lat="1.376014" lon="103.746270">
    <time>2024-01-01T00:37:49.882Z</time>
    <name>Point 2141</name>
  </wpt>
  <wpt lat="1.376177" lon="103.746219">
    <time>2024-01-01T00:37:50.712Z</time>
    <name>Point 2142</name>
  </wpt>
  <wpt lat="1.376339" lon="103.746168">
    <time>2024-01-01T00:37:51.542Z</time>
    <name>Point 2143</name>
  </wpt>
  <wpt lat="1.376501" lon="103.746117">
    <time>2024-01-01T00:37:52.373Z</time>
    <name>Point 2144</name>
  </wpt>
  <wpt lat="1.376645" lon="103.745978">
    <time>2024-01-01T00:37:53.350Z</time>
    <name>Point 2145</name>
  </wpt>
  <wpt lat="1.376704" lon="103.745876">
    <time>2024-01-01T00:37:53.925Z</time>
    <name>Point 2146</name>
  </wpt>
  <wpt lat="1.376688" lon="103.745763">
    <time>2024-01-01T00:37:54.482Z</time>
    <name>Point 2147</name>
  </wpt>
  <wpt lat="1.376636" lon="103.745597">
    <time>2024-01-01T00:37:55.332Z</time>
    <name>Point 2148</name>
  </wpt>
  <wpt lat="1.376585" lon="103.745430">
    <time>2024-01-01T00:37:56.182Z</time>
    <name>Point 2149</name>
  </wpt>
  <wpt lat="1.376533" lon="103.745264">
    <time>2024-01-01T00:37:57.032Z</time>
    <name>Point 2150</name>
  </wpt>
  <wpt lat="1.376486" lon="103.745094">
    <time>2024-01-01T00:37:57.891Z</time>
    <name>Point 2151</name>
  </wpt>
  <wpt lat="1.376440" lon="103.744925">
    <time>2024-01-01T00:37:58.750Z</time>
    <name>Point 2152</name>
  </wpt>
  <wpt lat="1.376393" lon="103.744755">
    <time>2024-01-01T00:37:59.609Z</time>
    <name>Point 2153</name>
  </wpt>
  <wpt lat="1.376345" lon="103.744540">
    <time>2024-01-01T00:38:00.684Z</time>
    <name>Point 2154</name>
  </wpt>
  <wpt lat="1.376334" lon="103.744361">
    <time>2024-01-01T00:38:01.557Z</time>
    <name>Point 2155</name>
  </wpt>
  <wpt lat="1.376324" lon="103.744183">
    <time>2024-01-01T00:38:02.430Z</time>
    <name>Point 2156</name>
  </wpt>
  <wpt lat="1.376313" lon="103.744004">
    <time>2024-01-01T00:38:03.304Z</time>
    <name>Point 2157</name>
  </wpt>
  <wpt lat="1.376296" lon="103.743822">
    <time>2024-01-01T00:38:04.198Z</time>
    <name>Point 2158</name>
  </wpt>
  <wpt lat="1.376279" lon="103.743639">
    <time>2024-01-01T00:38:05.092Z</time>
    <name>Point 2159</name>
  </wpt>
  <wpt lat="1.376261" lon="103.743457">
    <time>2024-01-01T00:38:05.986Z</time>
    <name>Point 2160</name>
  </wpt>
  <wpt lat="1.376244" lon="103.743274">
    <time>2024-01-01T00:38:06.880Z</time>
    <name>Point 2161</name>
  </wpt>
  <wpt lat="1.376227" lon="103.743092">
    <time>2024-01-01T00:38:07.775Z</time>
    <name>Point 2162</name>
  </wpt>
  <wpt lat="1.376173" lon="103.742759">
    <time>2024-01-01T00:38:09.421Z</time>
    <name>Point 2163</name>
  </wpt>
  <wpt lat="1.376125" lon="103.742384">
    <time>2024-01-01T00:38:11.266Z</time>
    <name>Point 2164</name>
  </wpt>
  <wpt lat="1.376131" lon="103.742223">
    <time>2024-01-01T00:38:12.053Z</time>
    <name>Point 2165</name>
  </wpt>
  <wpt lat="1.376179" lon="103.742008">
    <time>2024-01-01T00:38:13.128Z</time>
    <name>Point 2166</name>
  </wpt>
  <wpt lat="1.376286" lon="103.741665">
    <time>2024-01-01T00:38:14.881Z</time>
    <name>Point 2167</name>
  </wpt>
  <wpt lat="1.376359" lon="103.741472">
    <time>2024-01-01T00:38:15.889Z</time>
    <name>Point 2168</name>
  </wpt>
  <wpt lat="1.376432" lon="103.741279">
    <time>2024-01-01T00:38:16.897Z</time>
    <name>Point 2169</name>
  </wpt>
  <wpt lat="1.376505" lon="103.741085">
    <time>2024-01-01T00:38:17.905Z</time>
    <name>Point 2170</name>
  </wpt>
  <wpt lat="1.376578" lon="103.740892">
    <time>2024-01-01T00:38:18.913Z</time>
    <name>Point 2171</name>
  </wpt>
  <wpt lat="1.376651" lon="103.740699">
    <time>2024-01-01T00:38:19.921Z</time>
    <name>Point 2172</name>
  </wpt>
  <wpt lat="1.376779" lon="103.740410">
    <time>2024-01-01T00:38:21.464Z</time>
    <name>Point 2173</name>
  </wpt>
  <wpt lat="1.377015" lon="103.740184">
    <time>2024-01-01T00:38:23.059Z</time>
    <name>Point 2174</name>
  </wpt>
  <wpt lat="1.377268" lon="103.740002">
    <time>2024-01-01T00:38:24.580Z</time>
    <name>Point 2175</name>
  </wpt>
  <wpt lat="1.377454" lon="103.739888">
    <time>2024-01-01T00:38:25.644Z</time>
    <name>Point 2176</name>
  </wpt>
  <wpt lat="1.377639" lon="103.739773">
    <time>2024-01-01T00:38:26.708Z</time>
    <name>Point 2177</name>
  </wpt>
  <wpt lat="1.377825" lon="103.739659">
    <time>2024-01-01T00:38:27.773Z</time>
    <name>Point 2178</name>
  </wpt>
  <wpt lat="1.377973" lon="103.739553">
    <time>2024-01-01T00:38:28.662Z</time>
    <name>Point 2179</name>
  </wpt>
  <wpt lat="1.378122" lon="103.739448">
    <time>2024-01-01T00:38:29.551Z</time>
    <name>Point 2180</name>
  </wpt>
  <wpt lat="1.378270" lon="103.739342">
    <time>2024-01-01T00:38:30.440Z</time>
    <name>Point 2181</name>
  </wpt>
  <wpt lat="1.378399" lon="103.739262">
    <time>2024-01-01T00:38:31.181Z</time>
    <name>Point 2182</name>
  </wpt>
  <wpt lat="1.378490" lon="103.739181">
    <time>2024-01-01T00:38:31.776Z</time>
    <name>Point 2183</name>
  </wpt>
  <wpt lat="1.378421" lon="103.739031">
    <time>2024-01-01T00:38:32.582Z</time>
    <name>Point 2184</name>
  </wpt>
  <wpt lat="1.378337" lon="103.738899">
    <time>2024-01-01T00:38:33.347Z</time>
    <name>Point 2185</name>
  </wpt>
  <wpt lat="1.378252" lon="103.738766">
    <time>2024-01-01T00:38:34.113Z</time>
    <name>Point 2186</name>
  </wpt>
  <wpt lat="1.378168" lon="103.738634">
    <time>2024-01-01T00:38:34.879Z</time>
    <name>Point 2187</name>
  </wpt>
  <wpt lat="1.378042" lon="103.738452">
    <time>2024-01-01T00:38:35.956Z</time>
    <name>Point 2188</name>
  </wpt>
  <wpt lat="1.377917" lon="103.738271">
    <time>2024-01-01T00:38:37.034Z</time>
    <name>Point 2189</name>
  </wpt>
  <wpt lat="1.377791" lon="103.738089">
    <time>2024-01-01T00:38:38.111Z</time>
    <name>Point 2190</name>
  </wpt>
  <wpt lat="1.377666" lon="103.737908">
    <time>2024-01-01T00:38:39.189Z</time>
    <name>Point 2191</name>
  </wpt>
  <wpt lat="1.377540" lon="103.737726">
    <time>2024-01-01T00:38:40.266Z</time>
    <name>Point 2192</name>
  </wpt>
  <wpt lat="1.377415" lon="103.737545">
    <time>2024-01-01T00:38:41.344Z</time>
    <name>Point 2193</name>
  </wpt>
  <wpt lat="1.377289" lon="103.737363">
    <time>2024-01-01T00:38:42.422Z</time>
    <name>Point 2194</name>
  </wpt>
  <wpt lat="1.377155" lon="103.737132">
    <time>2024-01-01T00:38:43.725Z</time>
    <name>Point 2195</name>
  </wpt>
  <wpt lat="1.376989" lon="103.736885">
    <time>2024-01-01T00:38:45.178Z</time>
    <name>Point 2196</name>
  </wpt>
  <wpt lat="1.376844" lon="103.736638">
    <time>2024-01-01T00:38:46.576Z</time>
    <name>Point 2197</name>
  </wpt>
  <wpt lat="1.376769" lon="103.736508">
    <time>2024-01-01T00:38:47.309Z</time>
    <name>Point 2198</name>
  </wpt>
  <wpt lat="1.376694" lon="103.736377">
    <time>2024-01-01T00:38:48.043Z</time>
    <name>Point 2199</name>
  </wpt>
  <wpt lat="1.376619" lon="103.736247">
    <time>2024-01-01T00:38:48.777Z</time>
    <name>Point 2200</name>
  </wpt>
  <wpt lat="1.376431" lon="103.736032">
    <time>2024-01-01T00:38:50.171Z</time>
    <name>Point 2201</name>
  </wpt>
  <wpt lat="1.376259" lon="103.735871">
    <time>2024-01-01T00:38:51.321Z</time>
    <name>Point 2202</name>
  </wpt>
  <wpt lat="1.375927" lon="103.735871">
    <time>2024-01-01T00:38:52.942Z</time>
    <name>Point 2203</name>
  </wpt>
  <wpt lat="1.375680" lon="103.735946">
    <time>2024-01-01T00:38:54.202Z</time>
    <name>Point 2204</name>
  </wpt>
  <wpt lat="1.375571" lon="103.736090">
    <time>2024-01-01T00:38:55.084Z</time>
    <name>Point 2205</name>
  </wpt>
  <wpt lat="1.375461" lon="103.736234">
    <time>2024-01-01T00:38:55.966Z</time>
    <name>Point 2206</name>
  </wpt>
  <wpt lat="1.375352" lon="103.736377">
    <time>2024-01-01T00:38:56.848Z</time>
    <name>Point 2207</name>
  </wpt>
  <wpt lat="1.375242" lon="103.736521">
    <time>2024-01-01T00:38:57.730Z</time>
    <name>Point 2208</name>
  </wpt>
  <wpt lat="1.375133" lon="103.736665">
    <time>2024-01-01T00:38:58.612Z</time>
    <name>Point 2209</name>
  </wpt>
  <wpt lat="1.375002" lon="103.736840">
    <time>2024-01-01T00:38:59.678Z</time>
    <name>Point 2210</name>
  </wpt>
  <wpt lat="1.374872" lon="103.737016">
    <time>2024-01-01T00:39:00.745Z</time>
    <name>Point 2211</name>
  </wpt>
  <wpt lat="1.374741" lon="103.737191">
    <time>2024-01-01T00:39:01.812Z</time>
    <name>Point 2212</name>
  </wpt>
  <wpt lat="1.374611" lon="103.737366">
    <time>2024-01-01T00:39:02.878Z</time>
    <name>Point 2213</name>
  </wpt>
  <wpt lat="1.374480" lon="103.737542">
    <time>2024-01-01T00:39:03.945Z</time>
    <name>Point 2214</name>
  </wpt>
  <wpt lat="1.374350" lon="103.737717">
    <time>2024-01-01T00:39:05.012Z</time>
    <name>Point 2215</name>
  </wpt>
  <wpt lat="1.374238" lon="103.737895">
    <time>2024-01-01T00:39:06.037Z</time>
    <name>Point 2216</name>
  </wpt>
  <wpt lat="1.374127" lon="103.738073">
    <time>2024-01-01T00:39:07.062Z</time>
    <name>Point 2217</name>
  </wpt>
  <wpt lat="1.374015" lon="103.738251">
    <time>2024-01-01T00:39:08.088Z</time>
    <name>Point 2218</name>
  </wpt>
  <wpt lat="1.373904" lon="103.738429">
    <time>2024-01-01T00:39:09.113Z</time>
    <name>Point 2219</name>
  </wpt>
  <wpt lat="1.373792" lon="103.738607">
    <time>2024-01-01T00:39:10.139Z</time>
    <name>Point 2220</name>
  </wpt>
  <wpt lat="1.373703" lon="103.738807">
    <time>2024-01-01T00:39:11.209Z</time>
    <name>Point 2221</name>
  </wpt>
  <wpt lat="1.373613" lon="103.739008">
    <time>2024-01-01T00:39:12.280Z</time>
    <name>Point 2222</name>
  </wpt>
  <wpt lat="1.373524" lon="103.739208">
    <time>2024-01-01T00:39:13.351Z</time>
    <name>Point 2223</name>
  </wpt>
  <wpt lat="1.373456" lon="103.739396">
    <time>2024-01-01T00:39:14.328Z</time>
    <name>Point 2224</name>
  </wpt>
  <wpt lat="1.373388" lon="103.739585">
    <time>2024-01-01T00:39:15.305Z</time>
    <name>Point 2225</name>
  </wpt>
  <wpt lat="1.373320" lon="103.739773">
    <time>2024-01-01T00:39:16.282Z</time>
    <name>Point 2226</name>
  </wpt>
  <wpt lat="1.373252" lon="103.739961">
    <time>2024-01-01T00:39:17.259Z</time>
    <name>Point 2227</name>
  </wpt>
  <wpt lat="1.373185" lon="103.740150">
    <time>2024-01-01T00:39:18.236Z</time>
    <name>Point 2228</name>
  </wpt>
  <wpt lat="1.373117" lon="103.740338">
    <time>2024-01-01T00:39:19.213Z</time>
    <name>Point 2229</name>
  </wpt>
  <wpt lat="1.373049" lon="103.740526">
    <time>2024-01-01T00:39:20.190Z</time>
    <name>Point 2230</name>
  </wpt>
  <wpt lat="1.372981" lon="103.740715">
    <time>2024-01-01T00:39:21.167Z</time>
    <name>Point 2231</name>
  </wpt>
  <wpt lat="1.372913" lon="103.740903">
    <time>2024-01-01T00:39:22.144Z</time>
    <name>Point 2232</name>
  </wpt>
  <wpt lat="1.372863" lon="103.741089">
    <time>2024-01-01T00:39:23.084Z</time>
    <name>Point 2233</name>
  </wpt>
  <wpt lat="1.372813" lon="103.741275">
    <time>2024-01-01T00:39:24.024Z</time>
    <name>Point 2234</name>
  </wpt>
  <wpt lat="1.372763" lon="103.741461">
    <time>2024-01-01T00:39:24.964Z</time>
    <name>Point 2235</name>
  </wpt>
  <wpt lat="1.372713" lon="103.741647">
    <time>2024-01-01T00:39:25.904Z</time>
    <name>Point 2236</name>
  </wpt>
  <wpt lat="1.372663" lon="103.741833">
    <time>2024-01-01T00:39:26.844Z</time>
    <name>Point 2237</name>
  </wpt>
  <wpt lat="1.372613" lon="103.742019">
    <time>2024-01-01T00:39:27.784Z</time>
    <name>Point 2238</name>
  </wpt>
  <wpt lat="1.372565" lon="103.742230">
    <time>2024-01-01T00:39:28.840Z</time>
    <name>Point 2239</name>
  </wpt>
  <wpt lat="1.372516" lon="103.742441">
    <time>2024-01-01T00:39:29.897Z</time>
    <name>Point 2240</name>
  </wpt>
  <wpt lat="1.372468" lon="103.742652">
    <time>2024-01-01T00:39:30.953Z</time>
    <name>Point 2241</name>
  </wpt>
  <wpt lat="1.372420" lon="103.742863">
    <time>2024-01-01T00:39:32.010Z</time>
    <name>Point 2242</name>
  </wpt>
  <wpt lat="1.372371" lon="103.743074">
    <time>2024-01-01T00:39:33.066Z</time>
    <name>Point 2243</name>
  </wpt>
  <wpt lat="1.372323" lon="103.743285">
    <time>2024-01-01T00:39:34.123Z</time>
    <name>Point 2244</name>
  </wpt>
  <wpt lat="1.372283" lon="103.743492">
    <time>2024-01-01T00:39:35.149Z</time>
    <name>Point 2245</name>
  </wpt>
  <wpt lat="1.372243" lon="103.743698">
    <time>2024-01-01T00:39:36.176Z</time>
    <name>Point 2246</name>
  </wpt>
  <wpt lat="1.372202" lon="103.743904">
    <time>2024-01-01T00:39:37.203Z</time>
    <name>Point 2247</name>
  </wpt>
  <wpt lat="1.372162" lon="103.744111">
    <time>2024-01-01T00:39:38.230Z</time>
    <name>Point 2248</name>
  </wpt>
  <wpt lat="1.372122" lon="103.744317">
    <time>2024-01-01T00:39:39.256Z</time>
    <name>Point 2249</name>
  </wpt>
  <wpt lat="1.372081" lon="103.744524">
    <time>2024-01-01T00:39:40.283Z</time>
    <name>Point 2250</name>
  </wpt>
  <wpt lat="1.372041" lon="103.744730">
    <time>2024-01-01T00:39:41.310Z</time>
    <name>Point 2251</name>
  </wpt>
  <wpt lat="1.372001" lon="103.744937">
    <time>2024-01-01T00:39:42.337Z</time>
    <name>Point 2252</name>
  </wpt>
  <wpt lat="1.371872" lon="103.745366">
    <time>2024-01-01T00:39:44.523Z</time>
    <name>Point 2253</name>
  </wpt>
  <wpt lat="1.371722" lon="103.745635">
    <time>2024-01-01T00:39:46.027Z</time>
    <name>Point 2254</name>
  </wpt>
  <wpt lat="1.371519" lon="103.745871">
    <time>2024-01-01T00:39:47.546Z</time>
    <name>Point 2255</name>
  </wpt>
  <wpt lat="1.371383" lon="103.746014">
    <time>2024-01-01T00:39:48.509Z</time>
    <name>Point 2256</name>
  </wpt>
  <wpt lat="1.371247" lon="103.746157">
    <time>2024-01-01T00:39:49.472Z</time>
    <name>Point 2257</name>
  </wpt>
  <wpt lat="1.371111" lon="103.746300">
    <time>2024-01-01T00:39:50.436Z</time>
    <name>Point 2258</name>
  </wpt>
  <wpt lat="1.370982" lon="103.746445">
    <time>2024-01-01T00:39:51.381Z</time>
    <name>Point 2259</name>
  </wpt>
  <wpt lat="1.370853" lon="103.746589">
    <time>2024-01-01T00:39:52.327Z</time>
    <name>Point 2260</name>
  </wpt>
  <wpt lat="1.370725" lon="103.746734">
    <time>2024-01-01T00:39:53.272Z</time>
    <name>Point 2261</name>
  </wpt>
  <wpt lat="1.370596" lon="103.746879">
    <time>2024-01-01T00:39:54.218Z</time>
    <name>Point 2262</name>
  </wpt>
  <wpt lat="1.370463" lon="103.747038">
    <time>2024-01-01T00:39:55.229Z</time>
    <name>Point 2263</name>
  </wpt>
  <wpt lat="1.370329" lon="103.747196">
    <time>2024-01-01T00:39:56.241Z</time>
    <name>Point 2264</name>
  </wpt>
  <wpt lat="1.370196" lon="103.747355">
    <time>2024-01-01T00:39:57.252Z</time>
    <name>Point 2265</name>
  </wpt>
  <wpt lat="1.370062" lon="103.747513">
    <time>2024-01-01T00:39:58.264Z</time>
    <name>Point 2266</name>
  </wpt>
  <wpt lat="1.369929" lon="103.747672">
    <time>2024-01-01T00:39:59.275Z</time>
    <name>Point 2267</name>
  </wpt>
  <wpt lat="1.369795" lon="103.747830">
    <time>2024-01-01T00:40:00.287Z</time>
    <name>Point 2268</name>
  </wpt>
  <wpt lat="1.369662" lon="103.747989">
    <time>2024-01-01T00:40:01.298Z</time>
    <name>Point 2269</name>
  </wpt>
  <wpt lat="1.369528" lon="103.748147">
    <time>2024-01-01T00:40:02.310Z</time>
    <name>Point 2270</name>
  </wpt>
  <wpt lat="1.369395" lon="103.748306">
    <time>2024-01-01T00:40:03.322Z</time>
    <name>Point 2271</name>
  </wpt>
  <wpt lat="1.369384" lon="103.748499">
    <time>2024-01-01T00:40:04.265Z</time>
    <name>Point 2272</name>
  </wpt>
  <wpt lat="1.369373" lon="103.748703">
    <time>2024-01-01T00:40:05.262Z</time>
    <name>Point 2273</name>
  </wpt>
  <wpt lat="1.369588" lon="103.748928">
    <time>2024-01-01T00:40:06.781Z</time>
    <name>Point 2274</name>
  </wpt>
  <wpt lat="1.369729" lon="103.749074">
    <time>2024-01-01T00:40:07.770Z</time>
    <name>Point 2275</name>
  </wpt>
  <wpt lat="1.369870" lon="103.749219">
    <time>2024-01-01T00:40:08.760Z</time>
    <name>Point 2276</name>
  </wpt>
  <wpt lat="1.370011" lon="103.749365">
    <time>2024-01-01T00:40:09.750Z</time>
    <name>Point 2277</name>
  </wpt>
  <wpt lat="1.370152" lon="103.749511">
    <time>2024-01-01T00:40:10.739Z</time>
    <name>Point 2278</name>
  </wpt>
  <wpt lat="1.370293" lon="103.749657">
    <time>2024-01-01T00:40:11.729Z</time>
    <name>Point 2279</name>
  </wpt>
  <wpt lat="1.370434" lon="103.749802">
    <time>2024-01-01T00:40:12.719Z</time>
    <name>Point 2280</name>
  </wpt>
  <wpt lat="1.370575" lon="103.749948">
    <time>2024-01-01T00:40:13.709Z</time>
    <name>Point 2281</name>
  </wpt>
  <wpt lat="1.370727" lon="103.750105">
    <time>2024-01-01T00:40:14.773Z</time>
    <name>Point 2282</name>
  </wpt>
  <wpt lat="1.370878" lon="103.750262">
    <time>2024-01-01T00:40:15.838Z</time>
    <name>Point 2283</name>
  </wpt>
  <wpt lat="1.371030" lon="103.750419">
    <time>2024-01-01T00:40:16.902Z</time>
    <name>Point 2284</name>
  </wpt>
  <wpt lat="1.371181" lon="103.750575">
    <time>2024-01-01T00:40:17.967Z</time>
    <name>Point 2285</name>
  </wpt>
  <wpt lat="1.371333" lon="103.750732">
    <time>2024-01-01T00:40:19.031Z</time>
    <name>Point 2286</name>
  </wpt>
  <wpt lat="1.371484" lon="103.750889">
    <time>2024-01-01T00:40:20.096Z</time>
    <name>Point 2287</name>
  </wpt>
  <wpt lat="1.371636" lon="103.751046">
    <time>2024-01-01T00:40:21.160Z</time>
    <name>Point 2288</name>
  </wpt>
  <wpt lat="1.371787" lon="103.751203">
    <time>2024-01-01T00:40:22.225Z</time>
    <name>Point 2289</name>
  </wpt>
  <wpt lat="1.371931" lon="103.751321">
    <time>2024-01-01T00:40:23.132Z</time>
    <name>Point 2290</name>
  </wpt>
  <wpt lat="1.372074" lon="103.751439">
    <time>2024-01-01T00:40:24.039Z</time>
    <name>Point 2291</name>
  </wpt>
  <wpt lat="1.372218" lon="103.751557">
    <time>2024-01-01T00:40:24.946Z</time>
    <name>Point 2292</name>
  </wpt>
  <wpt lat="1.372361" lon="103.751675">
    <time>2024-01-01T00:40:25.853Z</time>
    <name>Point 2293</name>
  </wpt>
  <wpt lat="1.372505" lon="103.751793">
    <time>2024-01-01T00:40:26.761Z</time>
    <name>Point 2294</name>
  </wpt>
  <wpt lat="1.372677" lon="103.751876">
    <time>2024-01-01T00:40:27.692Z</time>
    <name>Point 2295</name>
  </wpt>
  <wpt lat="1.372848" lon="103.751959">
    <time>2024-01-01T00:40:28.624Z</time>
    <name>Point 2296</name>
  </wpt>
  <wpt lat="1.373020" lon="103.752043">
    <time>2024-01-01T00:40:29.556Z</time>
    <name>Point 2297</name>
  </wpt>
  <wpt lat="1.373192" lon="103.752126">
    <time>2024-01-01T00:40:30.488Z</time>
    <name>Point 2298</name>
  </wpt>
  <wpt lat="1.373392" lon="103.752189">
    <time>2024-01-01T00:40:31.511Z</time>
    <name>Point 2299</name>
  </wpt>
  <wpt lat="1.373592" lon="103.752251">
    <time>2024-01-01T00:40:32.535Z</time>
    <name>Point 2300</name>
  </wpt>
  <wpt lat="1.373792" lon="103.752313">
    <time>2024-01-01T00:40:33.559Z</time>
    <name>Point 2301</name>
  </wpt>
  <wpt lat="1.373993" lon="103.752376">
    <time>2024-01-01T00:40:34.582Z</time>
    <name>Point 2302</name>
  </wpt>
  <wpt lat="1.374193" lon="103.752438">
    <time>2024-01-01T00:40:35.606Z</time>
    <name>Point 2303</name>
  </wpt>
  <wpt lat="1.374393" lon="103.752501">
    <time>2024-01-01T00:40:36.630Z</time>
    <name>Point 2304</name>
  </wpt>
  <wpt lat="1.374591" lon="103.752606">
    <time>2024-01-01T00:40:37.725Z</time>
    <name>Point 2305</name>
  </wpt>
  <wpt lat="1.374790" lon="103.752710">
    <time>2024-01-01T00:40:38.820Z</time>
    <name>Point 2306</name>
  </wpt>
  <wpt lat="1.374988" lon="103.752814">
    <time>2024-01-01T00:40:39.915Z</time>
    <name>Point 2307</name>
  </wpt>
  <wpt lat="1.375187" lon="103.752919">
    <time>2024-01-01T00:40:41.010Z</time>
    <name>Point 2308</name>
  </wpt>
  <wpt lat="1.375369" lon="103.753044">
    <time>2024-01-01T00:40:42.090Z</time>
    <name>Point 2309</name>
  </wpt>
  <wpt lat="1.375552" lon="103.753170">
    <time>2024-01-01T00:40:43.170Z</time>
    <name>Point 2310</name>
  </wpt>
  <wpt lat="1.375734" lon="103.753295">
    <time>2024-01-01T00:40:44.250Z</time>
    <name>Point 2311</name>
  </wpt>
  <wpt lat="1.375954" lon="103.753499">
    <time>2024-01-01T00:40:45.714Z</time>
    <name>Point 2312</name>
  </wpt>
  <wpt lat="1.376163" lon="103.753510">
    <time>2024-01-01T00:40:46.736Z</time>
    <name>Point 2313</name>
  </wpt>
  <wpt lat="1.376345" lon="103.753445">
    <time>2024-01-01T00:40:47.679Z</time>
    <name>Point 2314</name>
  </wpt>
  <wpt lat="1.376468" lon="103.753300">
    <time>2024-01-01T00:40:48.607Z</time>
    <name>Point 2315</name>
  </wpt>
  <wpt lat="1.376554" lon="103.753080">
    <time>2024-01-01T00:40:49.760Z</time>
    <name>Point 2316</name>
  </wpt>
  <wpt lat="1.376617" lon="103.752933">
    <time>2024-01-01T00:40:50.538Z</time>
    <name>Point 2317</name>
  </wpt>
  <wpt lat="1.376679" lon="103.752787">
    <time>2024-01-01T00:40:51.316Z</time>
    <name>Point 2318</name>
  </wpt>
  <wpt lat="1.376742" lon="103.752640">
    <time>2024-01-01T00:40:52.095Z</time>
    <name>Point 2319</name>
  </wpt>
  <wpt lat="1.376827" lon="103.752450">
    <time>2024-01-01T00:40:53.112Z</time>
    <name>Point 2320</name>
  </wpt>
  <wpt lat="1.376912" lon="103.752259">
    <time>2024-01-01T00:40:54.130Z</time>
    <name>Point 2321</name>
  </wpt>
  <wpt lat="1.376997" lon="103.752069">
    <time>2024-01-01T00:40:55.148Z</time>
    <name>Point 2322</name>
  </wpt>
  <wpt lat="1.377082" lon="103.751879">
    <time>2024-01-01T00:40:56.166Z</time>
    <name>Point 2323</name>
  </wpt>
  <wpt lat="1.377168" lon="103.751688">
    <time>2024-01-01T00:40:57.184Z</time>
    <name>Point 2324</name>
  </wpt>
  <wpt lat="1.377253" lon="103.751498">
    <time>2024-01-01T00:40:58.202Z</time>
    <name>Point 2325</name>
  </wpt>
  <wpt lat="1.377338" lon="103.751307">
    <time>2024-01-01T00:40:59.220Z</time>
    <name>Point 2326</name>
  </wpt>
  <wpt lat="1.377423" lon="103.751117">
    <time>2024-01-01T00:41:00.238Z</time>
    <name>Point 2327</name>
  </wpt>
  <wpt lat="1.377584" lon="103.750768">
    <time>2024-01-01T00:41:02.114Z</time>
    <name>Point 2328</name>
  </wpt>
  <wpt lat="1.377667" lon="103.750583">
    <time>2024-01-01T00:41:03.103Z</time>
    <name>Point 2329</name>
  </wpt>
  <wpt lat="1.377750" lon="103.750398">
    <time>2024-01-01T00:41:04.093Z</time>
    <name>Point 2330</name>
  </wpt>
  <wpt lat="1.377833" lon="103.750213">
    <time>2024-01-01T00:41:05.083Z</time>
    <name>Point 2331</name>
  </wpt>
  <wpt lat="1.377916" lon="103.750028">
    <time>2024-01-01T00:41:06.073Z</time>
    <name>Point 2332</name>
  </wpt>
  <wpt lat="1.378000" lon="103.749843">
    <time>2024-01-01T00:41:07.063Z</time>
    <name>Point 2333</name>
  </wpt>
  <wpt lat="1.378083" lon="103.749658">
    <time>2024-01-01T00:41:08.053Z</time>
    <name>Point 2334</name>
  </wpt>
  <wpt lat="1.378166" lon="103.749473">
    <time>2024-01-01T00:41:09.043Z</time>
    <name>Point 2335</name>
  </wpt>
  <wpt lat="1.378249" lon="103.749288">
    <time>2024-01-01T00:41:10.033Z</time>
    <name>Point 2336</name>
  </wpt>
  <wpt lat="1.378313" lon="103.749152">
    <time>2024-01-01T00:41:10.767Z</time>
    <name>Point 2337</name>
  </wpt>
  <wpt lat="1.378378" lon="103.749016">
    <time>2024-01-01T00:41:11.501Z</time>
    <name>Point 2338</name>
  </wpt>
  <wpt lat="1.378442" lon="103.748880">
    <time>2024-01-01T00:41:12.235Z</time>
    <name>Point 2339</name>
  </wpt>
  <wpt lat="1.378522" lon="103.748708">
    <time>2024-01-01T00:41:13.161Z</time>
    <name>Point 2340</name>
  </wpt>
  <wpt lat="1.378592" lon="103.748564">
    <time>2024-01-01T00:41:13.943Z</time>
    <name>Point 2341</name>
  </wpt>
  <wpt lat="1.378737" lon="103.748574">
    <time>2024-01-01T00:41:14.652Z</time>
    <name>Point 2342</name>
  </wpt>
  <wpt lat="1.378957" lon="103.748665">
    <time>2024-01-01T00:41:15.814Z</time>
    <name>Point 2343</name>
  </wpt>
  <wpt lat="1.379157" lon="103.748756">
    <time>2024-01-01T00:41:16.887Z</time>
    <name>Point 2344</name>
  </wpt>
  <wpt lat="1.379357" lon="103.748846">
    <time>2024-01-01T00:41:17.960Z</time>
    <name>Point 2345</name>
  </wpt>
  <wpt lat="1.379558" lon="103.748937">
    <time>2024-01-01T00:41:19.033Z</time>
    <name>Point 2346</name>
  </wpt>
  <wpt lat="1.379758" lon="103.749028">
    <time>2024-01-01T00:41:20.106Z</time>
    <name>Point 2347</name>
  </wpt>
  <wpt lat="1.379958" lon="103.749118">
    <time>2024-01-01T00:41:21.179Z</time>
    <name>Point 2348</name>
  </wpt>
  <wpt lat="1.380158" lon="103.749209">
    <time>2024-01-01T00:41:22.252Z</time>
    <name>Point 2349</name>
  </wpt>
  <wpt lat="1.380359" lon="103.749300">
    <time>2024-01-01T00:41:23.325Z</time>
    <name>Point 2350</name>
  </wpt>
  <wpt lat="1.380559" lon="103.749390">
    <time>2024-01-01T00:41:24.398Z</time>
    <name>Point 2351</name>
  </wpt>
  <wpt lat="1.380759" lon="103.749481">
    <time>2024-01-01T00:41:25.471Z</time>
    <name>Point 2352</name>
  </wpt>
  <wpt lat="1.380940" lon="103.749564">
    <time>2024-01-01T00:41:26.443Z</time>
    <name>Point 2353</name>
  </wpt>
  <wpt lat="1.381121" lon="103.749647">
    <time>2024-01-01T00:41:27.415Z</time>
    <name>Point 2354</name>
  </wpt>
  <wpt lat="1.381302" lon="103.749730">
    <time>2024-01-01T00:41:28.387Z</time>
    <name>Point 2355</name>
  </wpt>
  <wpt lat="1.381483" lon="103.749813">
    <time>2024-01-01T00:41:29.359Z</time>
    <name>Point 2356</name>
  </wpt>
  <wpt lat="1.381671" lon="103.749897">
    <time>2024-01-01T00:41:30.363Z</time>
    <name>Point 2357</name>
  </wpt>
  <wpt lat="1.381858" lon="103.749982">
    <time>2024-01-01T00:41:31.367Z</time>
    <name>Point 2358</name>
  </wpt>
  <wpt lat="1.382046" lon="103.750066">
    <time>2024-01-01T00:41:32.372Z</time>
    <name>Point 2359</name>
  </wpt>
  <wpt lat="1.382346" lon="103.750221">
    <time>2024-01-01T00:41:34.020Z</time>
    <name>Point 2360</name>
  </wpt>
  <wpt lat="1.382561" lon="103.750339">
    <time>2024-01-01T00:41:35.217Z</time>
    <name>Point 2361</name>
  </wpt>
  <wpt lat="1.382673" lon="103.750446">
    <time>2024-01-01T00:41:35.973Z</time>
    <name>Point 2362</name>
  </wpt>
  <wpt lat="1.382748" lon="103.750602">
    <time>2024-01-01T00:41:36.818Z</time>
    <name>Point 2363</name>
  </wpt>
  <wpt lat="1.382759" lon="103.750779">
    <time>2024-01-01T00:41:37.684Z</time>
    <name>Point 2364</name>
  </wpt>
  <wpt lat="1.382791" lon="103.751214">
    <time>2024-01-01T00:41:39.812Z</time>
    <name>Point 2365</name>
  </wpt>
  <wpt lat="1.382823" lon="103.751562">
    <time>2024-01-01T00:41:41.518Z</time>
    <name>Point 2366</name>
  </wpt>
  <wpt lat="1.382850" lon="103.751863">
    <time>2024-01-01T00:41:42.993Z</time>
    <name>Point 2367</name>
  </wpt>
  <wpt lat="1.382845" lon="103.752168">
    <time>2024-01-01T00:41:44.481Z</time>
    <name>Point 2368</name>
  </wpt>
  <wpt lat="1.382818" lon="103.752351">
    <time>2024-01-01T00:41:45.384Z</time>
    <name>Point 2369</name>
  </wpt>
  <wpt lat="1.382813" lon="103.752442">
    <time>2024-01-01T00:41:45.829Z</time>
    <name>Point 2370</name>
  </wpt>
  <wpt lat="1.382791" lon="103.752549">
    <time>2024-01-01T00:41:46.362Z</time>
    <name>Point 2371</name>
  </wpt>
  <wpt lat="1.382716" lon="103.752785">
    <time>2024-01-01T00:41:47.571Z</time>
    <name>Point 2372</name>
  </wpt>
  <wpt lat="1.382656" lon="103.752974">
    <time>2024-01-01T00:41:48.537Z</time>
    <name>Point 2373</name>
  </wpt>
  <wpt lat="1.382596" lon="103.753163">
    <time>2024-01-01T00:41:49.504Z</time>
    <name>Point 2374</name>
  </wpt>
  <wpt lat="1.382536" lon="103.753351">
    <time>2024-01-01T00:41:50.471Z</time>
    <name>Point 2375</name>
  </wpt>
  <wpt lat="1.382476" lon="103.753540">
    <time>2024-01-01T00:41:51.438Z</time>
    <name>Point 2376</name>
  </wpt>
  <wpt lat="1.382416" lon="103.753729">
    <time>2024-01-01T00:41:52.405Z</time>
    <name>Point 2377</name>
  </wpt>
  <wpt lat="1.382350" lon="103.753920">
    <time>2024-01-01T00:41:53.393Z</time>
    <name>Point 2378</name>
  </wpt>
  <wpt lat="1.382283" lon="103.754112">
    <time>2024-01-01T00:41:54.381Z</time>
    <name>Point 2379</name>
  </wpt>
  <wpt lat="1.382217" lon="103.754303">
    <time>2024-01-01T00:41:55.370Z</time>
    <name>Point 2380</name>
  </wpt>
  <wpt lat="1.382083" lon="103.754684">
    <time>2024-01-01T00:41:57.341Z</time>
    <name>Point 2381</name>
  </wpt>
  <wpt lat="1.381992" lon="103.754899">
    <time>2024-01-01T00:41:58.480Z</time>
    <name>Point 2382</name>
  </wpt>
  <wpt lat="1.381869" lon="103.754979">
    <time>2024-01-01T00:41:59.196Z</time>
    <name>Point 2383</name>
  </wpt>
  <wpt lat="1.381724" lon="103.754974">
    <time>2024-01-01T00:41:59.905Z</time>
    <name>Point 2384</name>
  </wpt>
  <wpt lat="1.381510" lon="103.754877">
    <time>2024-01-01T00:42:01.052Z</time>
    <name>Point 2385</name>
  </wpt>
  <wpt lat="1.381231" lon="103.754797">
    <time>2024-01-01T00:42:02.468Z</time>
    <name>Point 2386</name>
  </wpt>
  <wpt lat="1.381086" lon="103.754776">
    <time>2024-01-01T00:42:03.184Z</time>
    <name>Point 2387</name>
  </wpt>
  <wpt lat="1.380984" lon="103.754808">
    <time>2024-01-01T00:42:03.706Z</time>
    <name>Point 2388</name>
  </wpt>
  <wpt lat="1.380925" lon="103.754953">
    <time>2024-01-01T00:42:04.470Z</time>
    <name>Point 2389</name>
  </wpt>
  <wpt lat="1.380839" lon="103.755226">
    <time>2024-01-01T00:42:05.867Z</time>
    <name>Point 2390</name>
  </wpt>
  <wpt lat="1.380710" lon="103.755537">
    <time>2024-01-01T00:42:07.510Z</time>
    <name>Point 2391</name>
  </wpt>
  <wpt lat="1.380587" lon="103.755650">
    <time>2024-01-01T00:42:08.325Z</time>
    <name>Point 2392</name>
  </wpt>
  <wpt lat="1.380405" lon="103.755832">
    <time>2024-01-01T00:42:09.581Z</time>
    <name>Point 2393</name>
  </wpt>
  <wpt lat="1.380078" lon="103.756009">
    <time>2024-01-01T00:42:11.396Z</time>
    <name>Point 2394</name>
  </wpt>
  <wpt lat="1.379697" lon="103.756181">
    <time>2024-01-01T00:42:13.437Z</time>
    <name>Point 2395</name>
  </wpt>
  <wpt lat="1.379359" lon="103.756261">
    <time>2024-01-01T00:42:15.133Z</time>
    <name>Point 2396</name>
  </wpt>
  <wpt lat="1.378914" lon="103.756299">
    <time>2024-01-01T00:42:17.313Z</time>
    <name>Point 2397</name>
  </wpt>
  <wpt lat="1.378678" lon="103.756288">
    <time>2024-01-01T00:42:18.466Z</time>
    <name>Point 2398</name>
  </wpt>
  <wpt lat="1.378469" lon="103.756283">
    <time>2024-01-01T00:42:19.487Z</time>
    <name>Point 2399</name>
  </wpt>
  <wpt lat="1.378233" lon="103.756224">
    <time>2024-01-01T00:42:20.674Z</time>
    <name>Point 2400</name>
  </wpt>
  <wpt lat="1.378045" lon="103.756186">
    <time>2024-01-01T00:42:21.611Z</time>
    <name>Point 2401</name>
  </wpt>
  <wpt lat="1.377809" lon="103.756176">
    <time>2024-01-01T00:42:22.764Z</time>
    <name>Point 2402</name>
  </wpt>
  <wpt lat="1.377723" lon="103.756197">
    <time>2024-01-01T00:42:23.196Z</time>
    <name>Point 2403</name>
  </wpt>
  <wpt lat="1.377638" lon="103.756219">
    <time>2024-01-01T00:42:23.624Z</time>
    <name>Point 2404</name>
  </wpt>
  <wpt lat="1.377573" lon="103.756294">
    <time>2024-01-01T00:42:24.109Z</time>
    <name>Point 2405</name>
  </wpt>
  <wpt lat="1.377536" lon="103.756422">
    <time>2024-01-01T00:42:24.759Z</time>
    <name>Point 2406</name>
  </wpt>
  <wpt lat="1.377659" lon="103.756583">
    <time>2024-01-01T00:42:25.748Z</time>
    <name>Point 2407</name>
  </wpt>
  <wpt lat="1.377739" lon="103.756737">
    <time>2024-01-01T00:42:26.597Z</time>
    <name>Point 2408</name>
  </wpt>
  <wpt lat="1.377820" lon="103.756891">
    <time>2024-01-01T00:42:27.446Z</time>
    <name>Point 2409</name>
  </wpt>
  <wpt lat="1.377900" lon="103.757046">
    <time>2024-01-01T00:42:28.295Z</time>
    <name>Point 2410</name>
  </wpt>
  <wpt lat="1.377981" lon="103.757200">
    <time>2024-01-01T00:42:29.145Z</time>
    <name>Point 2411</name>
  </wpt>
  <wpt lat="1.378065" lon="103.757341">
    <time>2024-01-01T00:42:29.947Z</time>
    <name>Point 2412</name>
  </wpt>
  <wpt lat="1.378149" lon="103.757483">
    <time>2024-01-01T00:42:30.749Z</time>
    <name>Point 2413</name>
  </wpt>
  <wpt lat="1.378233" lon="103.757624">
    <time>2024-01-01T00:42:31.552Z</time>
    <name>Point 2414</name>
  </wpt>
  <wpt lat="1.378310" lon="103.757781">
    <time>2024-01-01T00:42:32.406Z</time>
    <name>Point 2415</name>
  </wpt>
  <wpt lat="1.378386" lon="103.757939">
    <time>2024-01-01T00:42:33.260Z</time>
    <name>Point 2416</name>
  </wpt>
  <wpt lat="1.378463" lon="103.758096">
    <time>2024-01-01T00:42:34.115Z</time>
    <name>Point 2417</name>
  </wpt>
  <wpt lat="1.378531" lon="103.758290">
    <time>2024-01-01T00:42:35.118Z</time>
    <name>Point 2418</name>
  </wpt>
  <wpt lat="1.378598" lon="103.758484">
    <time>2024-01-01T00:42:36.122Z</time>
    <name>Point 2419</name>
  </wpt>
  <wpt lat="1.378666" lon="103.758679">
    <time>2024-01-01T00:42:37.125Z</time>
    <name>Point 2420</name>
  </wpt>
  <wpt lat="1.378733" lon="103.758873">
    <time>2024-01-01T00:42:38.129Z</time>
    <name>Point 2421</name>
  </wpt>
  <wpt lat="1.378801" lon="103.759067">
    <time>2024-01-01T00:42:39.133Z</time>
    <name>Point 2422</name>
  </wpt>
  <wpt lat="1.378870" lon="103.759244">
    <time>2024-01-01T00:42:40.059Z</time>
    <name>Point 2423</name>
  </wpt>
  <wpt lat="1.378939" lon="103.759421">
    <time>2024-01-01T00:42:40.986Z</time>
    <name>Point 2424</name>
  </wpt>
  <wpt lat="1.379007" lon="103.759598">
    <time>2024-01-01T00:42:41.913Z</time>
    <name>Point 2425</name>
  </wpt>
  <wpt lat="1.379076" lon="103.759775">
    <time>2024-01-01T00:42:42.840Z</time>
    <name>Point 2426</name>
  </wpt>
  <wpt lat="1.379145" lon="103.759952">
    <time>2024-01-01T00:42:43.767Z</time>
    <name>Point 2427</name>
  </wpt>
  <wpt lat="1.379214" lon="103.760129">
    <time>2024-01-01T00:42:44.694Z</time>
    <name>Point 2428</name>
  </wpt>
  <wpt lat="1.379300" lon="103.760288">
    <time>2024-01-01T00:42:45.574Z</time>
    <name>Point 2429</name>
  </wpt>
  <wpt lat="1.379386" lon="103.760447">
    <time>2024-01-01T00:42:46.455Z</time>
    <name>Point 2430</name>
  </wpt>
  <wpt lat="1.379471" lon="103.760605">
    <time>2024-01-01T00:42:47.336Z</time>
    <name>Point 2431</name>
  </wpt>
  <wpt lat="1.379557" lon="103.760764">
    <time>2024-01-01T00:42:48.217Z</time>
    <name>Point 2432</name>
  </wpt>
  <wpt lat="1.379643" lon="103.760923">
    <time>2024-01-01T00:42:49.098Z</time>
    <name>Point 2433</name>
  </wpt>
  <wpt lat="1.379720" lon="103.761108">
    <time>2024-01-01T00:42:50.076Z</time>
    <name>Point 2434</name>
  </wpt>
  <wpt lat="1.379797" lon="103.761293">
    <time>2024-01-01T00:42:51.055Z</time>
    <name>Point 2435</name>
  </wpt>
  <wpt lat="1.379873" lon="103.761479">
    <time>2024-01-01T00:42:52.033Z</time>
    <name>Point 2436</name>
  </wpt>
  <wpt lat="1.379950" lon="103.761664">
    <time>2024-01-01T00:42:53.012Z</time>
    <name>Point 2437</name>
  </wpt>
  <wpt lat="1.380027" lon="103.761849">
    <time>2024-01-01T00:42:53.990Z</time>
    <name>Point 2438</name>
  </wpt>
  <wpt lat="1.380104" lon="103.762034">
    <time>2024-01-01T00:42:54.969Z</time>
    <name>Point 2439</name>
  </wpt>
  <wpt lat="1.380192" lon="103.762216">
    <time>2024-01-01T00:42:55.956Z</time>
    <name>Point 2440</name>
  </wpt>
  <wpt lat="1.380279" lon="103.762399">
    <time>2024-01-01T00:42:56.943Z</time>
    <name>Point 2441</name>
  </wpt>
  <wpt lat="1.380367" lon="103.762581">
    <time>2024-01-01T00:42:57.931Z</time>
    <name>Point 2442</name>
  </wpt>
  <wpt lat="1.380405" lon="103.762726">
    <time>2024-01-01T00:42:58.663Z</time>
    <name>Point 2443</name>
  </wpt>
  <wpt lat="1.380544" lon="103.762999">
    <time>2024-01-01T00:43:00.158Z</time>
    <name>Point 2444</name>
  </wpt>
  <wpt lat="1.380641" lon="103.763112">
    <time>2024-01-01T00:43:00.885Z</time>
    <name>Point 2445</name>
  </wpt>
  <wpt lat="1.380727" lon="103.763182">
    <time>2024-01-01T00:43:01.426Z</time>
    <name>Point 2446</name>
  </wpt>
  <wpt lat="1.380845" lon="103.763241">
    <time>2024-01-01T00:43:02.070Z</time>
    <name>Point 2447</name>
  </wpt>
  <wpt lat="1.380930" lon="103.763278">
    <time>2024-01-01T00:43:02.523Z</time>
    <name>Point 2448</name>
  </wpt>
  <wpt lat="1.381032" lon="103.763310">
    <time>2024-01-01T00:43:03.044Z</time>
    <name>Point 2449</name>
  </wpt>
  <wpt lat="1.381134" lon="103.763273">
    <time>2024-01-01T00:43:03.574Z</time>
    <name>Point 2450</name>
  </wpt>
  <wpt lat="1.381327" lon="103.763187">
    <time>2024-01-01T00:43:04.606Z</time>
    <name>Point 2451</name>
  </wpt>
  <wpt lat="1.381499" lon="103.763099">
    <time>2024-01-01T00:43:05.547Z</time>
    <name>Point 2452</name>
  </wpt>
  <wpt lat="1.381670" lon="103.763011">
    <time>2024-01-01T00:43:06.488Z</time>
    <name>Point 2453</name>
  </wpt>
  <wpt lat="1.381842" lon="103.762923">
    <time>2024-01-01T00:43:07.429Z</time>
    <name>Point 2454</name>
  </wpt>
  <wpt lat="1.382013" lon="103.762835">
    <time>2024-01-01T00:43:08.370Z</time>
    <name>Point 2455</name>
  </wpt>
  <wpt lat="1.382185" lon="103.762747">
    <time>2024-01-01T00:43:09.312Z</time>
    <name>Point 2456</name>
  </wpt>
  <wpt lat="1.382348" lon="103.762665">
    <time>2024-01-01T00:43:10.202Z</time>
    <name>Point 2457</name>
  </wpt>
  <wpt lat="1.382510" lon="103.762582">
    <time>2024-01-01T00:43:11.092Z</time>
    <name>Point 2458</name>
  </wpt>
  <wpt lat="1.382673" lon="103.762500">
    <time>2024-01-01T00:43:11.982Z</time>
    <name>Point 2459</name>
  </wpt>
  <wpt lat="1.382872" lon="103.762445">
    <time>2024-01-01T00:43:12.989Z</time>
    <name>Point 2460</name>
  </wpt>
  <wpt lat="1.383070" lon="103.762389">
    <time>2024-01-01T00:43:13.996Z</time>
    <name>Point 2461</name>
  </wpt>
  <wpt lat="1.383269" lon="103.762334">
    <time>2024-01-01T00:43:15.003Z</time>
    <name>Point 2462</name>
  </wpt>
  <wpt lat="1.383476" lon="103.762327">
    <time>2024-01-01T00:43:16.015Z</time>
    <name>Point 2463</name>
  </wpt>
  <wpt lat="1.383684" lon="103.762320">
    <time>2024-01-01T00:43:17.028Z</time>
    <name>Point 2464</name>
  </wpt>
  <wpt lat="1.383891" lon="103.762313">
    <time>2024-01-01T00:43:18.041Z</time>
    <name>Point 2465</name>
  </wpt>
  <wpt lat="1.384064" lon="103.762356">
    <time>2024-01-01T00:43:18.912Z</time>
    <name>Point 2466</name>
  </wpt>
  <wpt lat="1.384238" lon="103.762398">
    <time>2024-01-01T00:43:19.783Z</time>
    <name>Point 2467</name>
  </wpt>
  <wpt lat="1.384411" lon="103.762441">
    <time>2024-01-01T00:43:20.655Z</time>
    <name>Point 2468</name>
  </wpt>
  <wpt lat="1.384577" lon="103.762505">
    <time>2024-01-01T00:43:21.525Z</time>
    <name>Point 2469</name>
  </wpt>
  <wpt lat="1.384744" lon="103.762570">
    <time>2024-01-01T00:43:22.396Z</time>
    <name>Point 2470</name>
  </wpt>
  <wpt lat="1.384910" lon="103.762634">
    <time>2024-01-01T00:43:23.267Z</time>
    <name>Point 2471</name>
  </wpt>
  <wpt lat="1.385140" lon="103.762801">
    <time>2024-01-01T00:43:24.654Z</time>
    <name>Point 2472</name>
  </wpt>
  <wpt lat="1.385323" lon="103.762962">
    <time>2024-01-01T00:43:25.844Z</time>
    <name>Point 2473</name>
  </wpt>
  <wpt lat="1.385505" lon="103.763203">
    <time>2024-01-01T00:43:27.318Z</time>
    <name>Point 2474</name>
  </wpt>
  <wpt lat="1.385719" lon="103.763493">
    <time>2024-01-01T00:43:29.077Z</time>
    <name>Point 2475</name>
  </wpt>
  <wpt lat="1.385800" lon="103.763589">
    <time>2024-01-01T00:43:29.690Z</time>
    <name>Point 2476</name>
  </wpt>
  <wpt lat="1.385929" lon="103.763562">
    <time>2024-01-01T00:43:30.333Z</time>
    <name>Point 2477</name>
  </wpt>
  <wpt lat="1.386293" lon="103.763321">
    <time>2024-01-01T00:43:32.464Z</time>
    <name>Point 2478</name>
  </wpt>
  <wpt lat="1.386577" lon="103.763144">
    <time>2024-01-01T00:43:34.098Z</time>
    <name>Point 2479</name>
  </wpt>
  <wpt lat="1.386808" lon="103.762951">
    <time>2024-01-01T00:43:35.567Z</time>
    <name>Point 2480</name>
  </wpt>
  <wpt lat="1.386883" lon="103.762844">
    <time>2024-01-01T00:43:36.205Z</time>
    <name>Point 2481</name>
  </wpt>
  <wpt lat="1.386921" lon="103.762688">
    <time>2024-01-01T00:43:36.988Z</time>
    <name>Point 2482</name>
  </wpt>
  <wpt lat="1.386867" lon="103.762543">
    <time>2024-01-01T00:43:37.744Z</time>
    <name>Point 2483</name>
  </wpt>
  <wpt lat="1.386754" lon="103.762377">
    <time>2024-01-01T00:43:38.724Z</time>
    <name>Point 2484</name>
  </wpt>
  <wpt lat="1.386642" lon="103.762055">
    <time>2024-01-01T00:43:40.388Z</time>
    <name>Point 2485</name>
  </wpt>
  <wpt lat="1.386615" lon="103.761771">
    <time>2024-01-01T00:43:41.780Z</time>
    <name>Point 2486</name>
  </wpt>
  <wpt lat="1.386636" lon="103.761401">
    <time>2024-01-01T00:43:43.588Z</time>
    <name>Point 2487</name>
  </wpt>
  <wpt lat="1.386695" lon="103.761148">
    <time>2024-01-01T00:43:44.856Z</time>
    <name>Point 2488</name>
  </wpt>
  <wpt lat="1.386781" lon="103.760896">
    <time>2024-01-01T00:43:46.156Z</time>
    <name>Point 2489</name>
  </wpt>
  <wpt lat="1.386931" lon="103.760489">
    <time>2024-01-01T00:43:48.273Z</time>
    <name>Point 2490</name>
  </wpt>
  <wpt lat="1.387044" lon="103.760167">
    <time>2024-01-01T00:43:49.938Z</time>
    <name>Point 2491</name>
  </wpt>
  <wpt lat="1.387141" lon="103.759802">
    <time>2024-01-01T00:43:51.781Z</time>
    <name>Point 2492</name>
  </wpt>
  <wpt lat="1.387173" lon="103.759437">
    <time>2024-01-01T00:43:53.570Z</time>
    <name>Point 2493</name>
  </wpt>
  <wpt lat="1.387092" lon="103.759201">
    <time>2024-01-01T00:43:54.787Z</time>
    <name>Point 2494</name>
  </wpt>
  <wpt lat="1.386980" lon="103.759051">
    <time>2024-01-01T00:43:55.701Z</time>
    <name>Point 2495</name>
  </wpt>
  <wpt lat="1.386679" lon="103.758890">
    <time>2024-01-01T00:43:57.367Z</time>
    <name>Point 2496</name>
  </wpt>
  <wpt lat="1.386400" lon="103.758783">
    <time>2024-01-01T00:43:58.826Z</time>
    <name>Point 2497</name>
  </wpt>
  <wpt lat="1.386229" lon="103.758708">
    <time>2024-01-01T00:43:59.737Z</time>
    <name>Point 2498</name>
  </wpt>
  <wpt lat="1.386057" lon="103.758665">
    <time>2024-01-01T00:44:00.603Z</time>
    <name>Point 2499</name>
  </wpt>
  <wpt lat="1.385891" lon="103.758665">
    <time>2024-01-01T00:44:01.413Z</time>
    <name>Point 2500</name>
  </wpt>
  <wpt lat="1.385709" lon="103.758681">
    <time>2024-01-01T00:44:02.305Z</time>
    <name>Point 2501</name>
  </wpt>
  <wpt lat="1.385575" lon="103.758740">
    <time>2024-01-01T00:44:03.020Z</time>
    <name>Point 2502</name>
  </wpt>
  <wpt lat="1.385424" lon="103.758847">
    <time>2024-01-01T00:44:03.923Z</time>
    <name>Point 2503</name>
  </wpt>
  <wpt lat="1.385269" lon="103.758976">
    <time>2024-01-01T00:44:04.908Z</time>
    <name>Point 2504</name>
  </wpt>
  <wpt lat="1.385146" lon="103.759217">
    <time>2024-01-01T00:44:06.228Z</time>
    <name>Point 2505</name>
  </wpt>
  <wpt lat="1.385044" lon="103.759491">
    <time>2024-01-01T00:44:07.655Z</time>
    <name>Point 2506</name>
  </wpt>
  <wpt lat="1.384994" lon="103.759638">
    <time>2024-01-01T00:44:08.411Z</time>
    <name>Point 2507</name>
  </wpt>
  <wpt lat="1.384943" lon="103.759784">
    <time>2024-01-01T00:44:09.168Z</time>
    <name>Point 2508</name>
  </wpt>
  <wpt lat="1.384893" lon="103.759931">
    <time>2024-01-01T00:44:09.925Z</time>
    <name>Point 2509</name>
  </wpt>
  <wpt lat="1.384754" lon="103.760183">
    <time>2024-01-01T00:44:11.330Z</time>
    <name>Point 2510</name>
  </wpt>
  <wpt lat="1.384593" lon="103.760317">
    <time>2024-01-01T00:44:12.352Z</time>
    <name>Point 2511</name>
  </wpt>
  <wpt lat="1.384502" lon="103.760177">
    <time>2024-01-01T00:44:13.167Z</time>
    <name>Point 2512</name>
  </wpt>
  <wpt lat="1.384298" lon="103.759915">
    <time>2024-01-01T00:44:14.788Z</time>
    <name>Point 2513</name>
  </wpt>
  <wpt lat="1.384170" lon="103.759705">
    <time>2024-01-01T00:44:15.988Z</time>
    <name>Point 2514</name>
  </wpt>
  <wpt lat="1.384025" lon="103.759421">
    <time>2024-01-01T00:44:17.545Z</time>
    <name>Point 2515</name>
  </wpt>
  <wpt lat="1.383901" lon="103.759244">
    <time>2024-01-01T00:44:18.600Z</time>
    <name>Point 2516</name>
  </wpt>
  <wpt lat="1.383821" lon="103.759169">
    <time>2024-01-01T00:44:19.135Z</time>
    <name>Point 2517</name>
  </wpt>
  <wpt lat="1.383730" lon="103.759137">
    <time>2024-01-01T00:44:19.606Z</time>
    <name>Point 2518</name>
  </wpt>
  <wpt lat="1.383628" lon="103.759126">
    <time>2024-01-01T00:44:20.107Z</time>
    <name>Point 2519</name>
  </wpt>
  <wpt lat="1.383447" lon="103.759249">
    <time>2024-01-01T00:44:21.174Z</time>
    <name>Point 2520</name>
  </wpt>
  <wpt lat="1.383267" lon="103.759373">
    <time>2024-01-01T00:44:22.242Z</time>
    <name>Point 2521</name>
  </wpt>
  <wpt lat="1.383086" lon="103.759496">
    <time>2024-01-01T00:44:23.310Z</time>
    <name>Point 2522</name>
  </wpt>
  <wpt lat="1.382918" lon="103.759598">
    <time>2024-01-01T00:44:24.269Z</time>
    <name>Point 2523</name>
  </wpt>
  <wpt lat="1.382750" lon="103.759700">
    <time>2024-01-01T00:44:25.228Z</time>
    <name>Point 2524</name>
  </wpt>
  <wpt lat="1.382582" lon="103.759802">
    <time>2024-01-01T00:44:26.188Z</time>
    <name>Point 2525</name>
  </wpt>
  <wpt lat="1.382410" lon="103.759925">
    <time>2024-01-01T00:44:27.220Z</time>
    <name>Point 2526</name>
  </wpt>
  <wpt lat="1.382268" lon="103.760018">
    <time>2024-01-01T00:44:28.048Z</time>
    <name>Point 2527</name>
  </wpt>
  <wpt lat="1.382126" lon="103.760110">
    <time>2024-01-01T00:44:28.876Z</time>
    <name>Point 2528</name>
  </wpt>
  <wpt lat="1.381984" lon="103.760203">
    <time>2024-01-01T00:44:29.704Z</time>
    <name>Point 2529</name>
  </wpt>
  <wpt lat="1.381842" lon="103.760296">
    <time>2024-01-01T00:44:30.532Z</time>
    <name>Point 2530</name>
  </wpt>
  <wpt lat="1.381531" lon="103.760483">
    <time>2024-01-01T00:44:32.303Z</time>
    <name>Point 2531</name>
  </wpt>
  <wpt lat="1.381172" lon="103.760730">
    <time>2024-01-01T00:44:34.430Z</time>
    <name>Point 2532</name>
  </wpt>
  <wpt lat="1.380987" lon="103.760828">
    <time>2024-01-01T00:44:35.452Z</time>
    <name>Point 2533</name>
  </wpt>
  <wpt lat="1.380802" lon="103.760926">
    <time>2024-01-01T00:44:36.474Z</time>
    <name>Point 2534</name>
  </wpt>
  <wpt lat="1.380617" lon="103.761024">
    <time>2024-01-01T00:44:37.496Z</time>
    <name>Point 2535</name>
  </wpt>
  <wpt lat="1.380432" lon="103.761122">
    <time>2024-01-01T00:44:38.518Z</time>
    <name>Point 2536</name>
  </wpt>
  <wpt lat="1.380056" lon="103.761304">
    <time>2024-01-01T00:44:40.557Z</time>
    <name>Point 2537</name>
  </wpt>
  <wpt lat="1.379938" lon="103.761374">
    <time>2024-01-01T00:44:41.227Z</time>
    <name>Point 2538</name>
  </wpt>
  <wpt lat="1.379777" lon="103.761449">
    <time>2024-01-01T00:44:42.094Z</time>
    <name>Point 2539</name>
  </wpt>
  <wpt lat="1.379563" lon="103.761551">
    <time>2024-01-01T00:44:43.251Z</time>
    <name>Point 2540</name>
  </wpt>
  <wpt lat="1.379359" lon="103.761663">
    <time>2024-01-01T00:44:44.387Z</time>
    <name>Point 2541</name>
  </wpt>
  <wpt lat="1.379201" lon="103.761734">
    <time>2024-01-01T00:44:45.234Z</time>
    <name>Point 2542</name>
  </wpt>
  <wpt lat="1.379042" lon="103.761806">
    <time>2024-01-01T00:44:46.081Z</time>
    <name>Point 2543</name>
  </wpt>
  <wpt lat="1.378884" lon="103.761877">
    <time>2024-01-01T00:44:46.928Z</time>
    <name>Point 2544</name>
  </wpt>
  <wpt lat="1.378726" lon="103.761948">
    <time>2024-01-01T00:44:47.776Z</time>
    <name>Point 2545</name>
  </wpt>
  <wpt lat="1.378553" lon="103.762018">
    <time>2024-01-01T00:44:48.688Z</time>
    <name>Point 2546</name>
  </wpt>
  <wpt lat="1.378379" lon="103.762087">
    <time>2024-01-01T00:44:49.600Z</time>
    <name>Point 2547</name>
  </wpt>
  <wpt lat="1.378206" lon="103.762157">
    <time>2024-01-01T00:44:50.512Z</time>
    <name>Point 2548</name>
  </wpt>
  <wpt lat="1.377863" lon="103.762270">
    <time>2024-01-01T00:44:52.275Z</time>
    <name>Point 2549</name>
  </wpt>
  <wpt lat="1.377680" lon="103.762313">
    <time>2024-01-01T00:44:53.192Z</time>
    <name>Point 2550</name>
  </wpt>
  <wpt lat="1.377638" lon="103.762490">
    <time>2024-01-01T00:44:54.080Z</time>
    <name>Point 2551</name>
  </wpt>
  <wpt lat="1.377664" lon="103.762806">
    <time>2024-01-01T00:44:55.627Z</time>
    <name>Point 2552</name>
  </wpt>
  <wpt lat="1.377729" lon="103.763005">
    <time>2024-01-01T00:44:56.649Z</time>
    <name>Point 2553</name>
  </wpt>
  <wpt lat="1.377783" lon="103.763185">
    <time>2024-01-01T00:44:57.567Z</time>
    <name>Point 2554</name>
  </wpt>
  <wpt lat="1.377836" lon="103.763366">
    <time>2024-01-01T00:44:58.485Z</time>
    <name>Point 2555</name>
  </wpt>
  <wpt lat="1.377890" lon="103.763546">
    <time>2024-01-01T00:44:59.404Z</time>
    <name>Point 2556</name>
  </wpt>
  <wpt lat="1.377945" lon="103.763743">
    <time>2024-01-01T00:45:00.401Z</time>
    <name>Point 2557</name>
  </wpt>
  <wpt lat="1.378001" lon="103.763939">
    <time>2024-01-01T00:45:01.398Z</time>
    <name>Point 2558</name>
  </wpt>
  <wpt lat="1.378056" lon="103.764136">
    <time>2024-01-01T00:45:02.395Z</time>
    <name>Point 2559</name>
  </wpt>
  <wpt lat="1.378136" lon="103.764464">
    <time>2024-01-01T00:45:04.043Z</time>
    <name>Point 2560</name>
  </wpt>
  <wpt lat="1.378222" lon="103.764791">
    <time>2024-01-01T00:45:05.693Z</time>
    <name>Point 2561</name>
  </wpt>
  <wpt lat="1.378270" lon="103.765102">
    <time>2024-01-01T00:45:07.229Z</time>
    <name>Point 2562</name>
  </wpt>
  <wpt lat="1.378244" lon="103.765435">
    <time>2024-01-01T00:45:08.859Z</time>
    <name>Point 2563</name>
  </wpt>
  <wpt lat="1.378211" lon="103.765655">
    <time>2024-01-01T00:45:09.945Z</time>
    <name>Point 2564</name>
  </wpt>
  <wpt lat="1.378126" lon="103.765880">
    <time>2024-01-01T00:45:11.118Z</time>
    <name>Point 2565</name>
  </wpt>
  <wpt lat="1.378045" lon="103.766014">
    <time>2024-01-01T00:45:11.883Z</time>
    <name>Point 2566</name>
  </wpt>
  <wpt lat="1.377895" lon="103.766255">
    <time>2024-01-01T00:45:13.268Z</time>
    <name>Point 2567</name>
  </wpt>
  <wpt lat="1.377787" lon="103.766425">
    <time>2024-01-01T00:45:14.254Z</time>
    <name>Point 2568</name>
  </wpt>
  <wpt lat="1.377678" lon="103.766596">
    <time>2024-01-01T00:45:15.241Z</time>
    <name>Point 2569</name>
  </wpt>
  <wpt lat="1.377570" lon="103.766767">
    <time>2024-01-01T00:45:16.227Z</time>
    <name>Point 2570</name>
  </wpt>
  <wpt lat="1.377461" lon="103.766937">
    <time>2024-01-01T00:45:17.214Z</time>
    <name>Point 2571</name>
  </wpt>
  <wpt lat="1.377350" lon="103.767117">
    <time>2024-01-01T00:45:18.243Z</time>
    <name>Point 2572</name>
  </wpt>
  <wpt lat="1.377239" lon="103.767296">
    <time>2024-01-01T00:45:19.273Z</time>
    <name>Point 2573</name>
  </wpt>
  <wpt lat="1.377128" lon="103.767476">
    <time>2024-01-01T00:45:20.303Z</time>
    <name>Point 2574</name>
  </wpt>
  <wpt lat="1.377018" lon="103.767655">
    <time>2024-01-01T00:45:21.333Z</time>
    <name>Point 2575</name>
  </wpt>
  <wpt lat="1.376907" lon="103.767835">
    <time>2024-01-01T00:45:22.363Z</time>
    <name>Point 2576</name>
  </wpt>
  <wpt lat="1.376796" lon="103.768014">
    <time>2024-01-01T00:45:23.392Z</time>
    <name>Point 2577</name>
  </wpt>
  <wpt lat="1.376685" lon="103.768194">
    <time>2024-01-01T00:45:24.422Z</time>
    <name>Point 2578</name>
  </wpt>
  <wpt lat="1.376574" lon="103.768373">
    <time>2024-01-01T00:45:25.452Z</time>
    <name>Point 2579</name>
  </wpt>
  <wpt lat="1.376463" lon="103.768553">
    <time>2024-01-01T00:45:26.482Z</time>
    <name>Point 2580</name>
  </wpt>
  <wpt lat="1.376352" lon="103.768732">
    <time>2024-01-01T00:45:27.512Z</time>
    <name>Point 2581</name>
  </wpt>
  <wpt lat="1.376241" lon="103.768912">
    <time>2024-01-01T00:45:28.541Z</time>
    <name>Point 2582</name>
  </wpt>
  <wpt lat="1.376131" lon="103.769091">
    <time>2024-01-01T00:45:29.571Z</time>
    <name>Point 2583</name>
  </wpt>
  <wpt lat="1.376020" lon="103.769271">
    <time>2024-01-01T00:45:30.601Z</time>
    <name>Point 2584</name>
  </wpt>
  <wpt lat="1.375909" lon="103.769450">
    <time>2024-01-01T00:45:31.631Z</time>
    <name>Point 2585</name>
  </wpt>
  <wpt lat="1.375798" lon="103.769630">
    <time>2024-01-01T00:45:32.661Z</time>
    <name>Point 2586</name>
  </wpt>
  <wpt lat="1.375703" lon="103.769784">
    <time>2024-01-01T00:45:33.547Z</time>
    <name>Point 2587</name>
  </wpt>
  <wpt lat="1.375607" lon="103.769939">
    <time>2024-01-01T00:45:34.433Z</time>
    <name>Point 2588</name>
  </wpt>
  <wpt lat="1.375512" lon="103.770093">
    <time>2024-01-01T00:45:35.319Z</time>
    <name>Point 2589</name>
  </wpt>
  <wpt lat="1.375416" lon="103.770248">
    <time>2024-01-01T00:45:36.205Z</time>
    <name>Point 2590</name>
  </wpt>
  <wpt lat="1.375321" lon="103.770402">
    <time>2024-01-01T00:45:37.091Z</time>
    <name>Point 2591</name>
  </wpt>
  <wpt lat="1.375299" lon="103.770509">
    <time>2024-01-01T00:45:37.624Z</time>
    <name>Point 2592</name>
  </wpt>
  <wpt lat="1.375525" lon="103.770643">
    <time>2024-01-01T00:45:38.906Z</time>
    <name>Point 2593</name>
  </wpt>
  <wpt lat="1.375707" lon="103.770754">
    <time>2024-01-01T00:45:39.948Z</time>
    <name>Point 2594</name>
  </wpt>
  <wpt lat="1.375890" lon="103.770865">
    <time>2024-01-01T00:45:40.990Z</time>
    <name>Point 2595</name>
  </wpt>
  <wpt lat="1.376072" lon="103.770976">
    <time>2024-01-01T00:45:42.032Z</time>
    <name>Point 2596</name>
  </wpt>
  <wpt lat="1.376254" lon="103.771088">
    <time>2024-01-01T00:45:43.074Z</time>
    <name>Point 2597</name>
  </wpt>
  <wpt lat="1.376436" lon="103.771199">
    <time>2024-01-01T00:45:44.116Z</time>
    <name>Point 2598</name>
  </wpt>
  <wpt lat="1.376619" lon="103.771310">
    <time>2024-01-01T00:45:45.158Z</time>
    <name>Point 2599</name>
  </wpt>
  <wpt lat="1.376801" lon="103.771421">
    <time>2024-01-01T00:45:46.201Z</time>
    <name>Point 2600</name>
  </wpt>
  <wpt lat="1.377123" lon="103.771620">
    <time>2024-01-01T00:45:48.049Z</time>
    <name>Point 2601</name>
  </wpt>
  <wpt lat="1.377466" lon="103.771818">
    <time>2024-01-01T00:45:49.982Z</time>
    <name>Point 2602</name>
  </wpt>
  <wpt lat="1.377493" lon="103.771893">
    <time>2024-01-01T00:45:50.371Z</time>
    <name>Point 2603</name>
  </wpt>
  <wpt lat="1.377434" lon="103.772033">
    <time>2024-01-01T00:45:51.113Z</time>
    <name>Point 2604</name>
  </wpt>
  <wpt lat="1.377278" lon="103.772242">
    <time>2024-01-01T00:45:52.386Z</time>
    <name>Point 2605</name>
  </wpt>
  <wpt lat="1.377172" lon="103.772389">
    <time>2024-01-01T00:45:53.271Z</time>
    <name>Point 2606</name>
  </wpt>
  <wpt lat="1.377066" lon="103.772536">
    <time>2024-01-01T00:45:54.156Z</time>
    <name>Point 2607</name>
  </wpt>
  <wpt lat="1.376959" lon="103.772683">
    <time>2024-01-01T00:45:55.041Z</time>
    <name>Point 2608</name>
  </wpt>
  <wpt lat="1.376853" lon="103.772830">
    <time>2024-01-01T00:45:55.926Z</time>
    <name>Point 2609</name>
  </wpt>
  <wpt lat="1.376747" lon="103.772977">
    <time>2024-01-01T00:45:56.811Z</time>
    <name>Point 2610</name>
  </wpt>
  <wpt lat="1.376651" lon="103.773192">
    <time>2024-01-01T00:45:57.961Z</time>
    <name>Point 2611</name>
  </wpt>
  <wpt lat="1.376672" lon="103.773336">
    <time>2024-01-01T00:45:58.671Z</time>
    <name>Point 2612</name>
  </wpt>
  <wpt lat="1.376779" lon="103.773513">
    <time>2024-01-01T00:45:59.680Z</time>
    <name>Point 2613</name>
  </wpt>
  <wpt lat="1.376978" lon="103.773653">
    <time>2024-01-01T00:46:00.868Z</time>
    <name>Point 2614</name>
  </wpt>
  <wpt lat="1.377176" lon="103.773782">
    <time>2024-01-01T00:46:02.021Z</time>
    <name>Point 2615</name>
  </wpt>
  <wpt lat="1.377434" lon="103.773926">
    <time>2024-01-01T00:46:03.464Z</time>
    <name>Point 2616</name>
  </wpt>
  <wpt lat="1.377654" lon="103.774087">
    <time>2024-01-01T00:46:04.794Z</time>
    <name>Point 2617</name>
  </wpt>
  <wpt lat="1.377793" lon="103.774200">
    <time>2024-01-01T00:46:05.669Z</time>
    <name>Point 2618</name>
  </wpt>
  <wpt lat="1.377820" lon="103.774361">
    <time>2024-01-01T00:46:06.466Z</time>
    <name>Point 2619</name>
  </wpt>
  <wpt lat="1.377809" lon="103.774624">
    <time>2024-01-01T00:46:07.750Z</time>
    <name>Point 2620</name>
  </wpt>
  <wpt lat="1.377813" lon="103.774778">
    <time>2024-01-01T00:46:08.500Z</time>
    <name>Point 2621</name>
  </wpt>
  <wpt lat="1.377816" lon="103.774931">
    <time>2024-01-01T00:46:09.250Z</time>
    <name>Point 2622</name>
  </wpt>
  <wpt lat="1.377820" lon="103.775085">
    <time>2024-01-01T00:46:10.001Z</time>
    <name>Point 2623</name>
  </wpt>
  <wpt lat="1.377890" lon="103.775203">
    <time>2024-01-01T00:46:10.670Z</time>
    <name>Point 2624</name>
  </wpt>
  <wpt lat="1.377991" lon="103.775252">
    <time>2024-01-01T00:46:11.218Z</time>
    <name>Point 2625</name>
  </wpt>
  <wpt lat="1.378147" lon="103.775257">
    <time>2024-01-01T00:46:11.980Z</time>
    <name>Point 2626</name>
  </wpt>
  <wpt lat="1.378363" lon="103.775211">
    <time>2024-01-01T00:46:13.056Z</time>
    <name>Point 2627</name>
  </wpt>
  <wpt lat="1.378579" lon="103.775165">
    <time>2024-01-01T00:46:14.133Z</time>
    <name>Point 2628</name>
  </wpt>
  <wpt lat="1.378794" lon="103.775120">
    <time>2024-01-01T00:46:15.210Z</time>
    <name>Point 2629</name>
  </wpt>
  <wpt lat="1.379010" lon="103.775074">
    <time>2024-01-01T00:46:16.287Z</time>
    <name>Point 2630</name>
  </wpt>
  <wpt lat="1.379204" lon="103.775032">
    <time>2024-01-01T00:46:17.256Z</time>
    <name>Point 2631</name>
  </wpt>
  <wpt lat="1.379300" lon="103.774946">
    <time>2024-01-01T00:46:17.885Z</time>
    <name>Point 2632</name>
  </wpt>
  <wpt lat="1.379343" lon="103.774838">
    <time>2024-01-01T00:46:18.452Z</time>
    <name>Point 2633</name>
  </wpt>
  <wpt lat="1.379348" lon="103.774624">
    <time>2024-01-01T00:46:19.497Z</time>
    <name>Point 2634</name>
  </wpt>
  <wpt lat="1.379345" lon="103.774403">
    <time>2024-01-01T00:46:20.576Z</time>
    <name>Point 2635</name>
  </wpt>
  <wpt lat="1.379343" lon="103.774181">
    <time>2024-01-01T00:46:21.656Z</time>
    <name>Point 2636</name>
  </wpt>
  <wpt lat="1.379341" lon="103.773960">
    <time>2024-01-01T00:46:22.736Z</time>
    <name>Point 2637</name>
  </wpt>
  <wpt lat="1.379338" lon="103.773739">
    <time>2024-01-01T00:46:23.816Z</time>
    <name>Point 2638</name>
  </wpt>
  <wpt lat="1.379348" lon="103.773406">
    <time>2024-01-01T00:46:25.442Z</time>
    <name>Point 2639</name>
  </wpt>
  <wpt lat="1.379316" lon="103.773245">
    <time>2024-01-01T00:46:26.243Z</time>
    <name>Point 2640</name>
  </wpt>
  <wpt lat="1.379316" lon="103.772939">
    <time>2024-01-01T00:46:27.737Z</time>
    <name>Point 2641</name>
  </wpt>
  <wpt lat="1.379327" lon="103.772752">
    <time>2024-01-01T00:46:28.651Z</time>
    <name>Point 2642</name>
  </wpt>
  <wpt lat="1.379338" lon="103.772607">
    <time>2024-01-01T00:46:29.360Z</time>
    <name>Point 2643</name>
  </wpt>
  <wpt lat="1.379220" lon="103.772569">
    <time>2024-01-01T00:46:29.966Z</time>
    <name>Point 2644</name>
  </wpt>
  <wpt lat="1.378951" lon="103.772575">
    <time>2024-01-01T00:46:31.279Z</time>
    <name>Point 2645</name>
  </wpt>
  <wpt lat="1.378785" lon="103.772548">
    <time>2024-01-01T00:46:32.100Z</time>
    <name>Point 2646</name>
  </wpt>
  <wpt lat="1.378437" lon="103.772467">
    <time>2024-01-01T00:46:33.844Z</time>
    <name>Point 2647</name>
  </wpt>
  <wpt lat="1.378126" lon="103.772339">
    <time>2024-01-01T00:46:35.486Z</time>
    <name>Point 2648</name>
  </wpt>
  <wpt lat="1.377825" lon="103.772215">
    <time>2024-01-01T00:46:37.075Z</time>
    <name>Point 2649</name>
  </wpt>
  <wpt lat="1.377664" lon="103.772099">
    <time>2024-01-01T00:46:38.042Z</time>
    <name>Point 2650</name>
  </wpt>
  <wpt lat="1.377504" lon="103.771983">
    <time>2024-01-01T00:46:39.009Z</time>
    <name>Point 2651</name>
  </wpt>
  <wpt lat="1.377343" lon="103.771867">
    <time>2024-01-01T00:46:39.977Z</time>
    <name>Point 2652</name>
  </wpt>
  <wpt lat="1.377418" lon="103.771706">
    <time>2024-01-01T00:46:40.844Z</time>
    <name>Point 2653</name>
  </wpt>
  <wpt lat="1.377621" lon="103.771394">
    <time>2024-01-01T00:46:42.661Z</time>
    <name>Point 2654</name>
  </wpt>
  <wpt lat="1.377716" lon="103.771228">
    <time>2024-01-01T00:46:43.594Z</time>
    <name>Point 2655</name>
  </wpt>
  <wpt lat="1.377811" lon="103.771062">
    <time>2024-01-01T00:46:44.528Z</time>
    <name>Point 2656</name>
  </wpt>
  <wpt lat="1.377906" lon="103.770895">
    <time>2024-01-01T00:46:45.462Z</time>
    <name>Point 2657</name>
  </wpt>
  <wpt lat="1.378000" lon="103.770729">
    <time>2024-01-01T00:46:46.395Z</time>
    <name>Point 2658</name>
  </wpt>
  <wpt lat="1.378095" lon="103.770563">
    <time>2024-01-01T00:46:47.329Z</time>
    <name>Point 2659</name>
  </wpt>
  <wpt lat="1.378190" lon="103.770397">
    <time>2024-01-01T00:46:48.263Z</time>
    <name>Point 2660</name>
  </wpt>
  <wpt lat="1.378309" lon="103.770212">
    <time>2024-01-01T00:46:49.336Z</time>
    <name>Point 2661</name>
  </wpt>
  <wpt lat="1.378428" lon="103.770027">
    <time>2024-01-01T00:46:50.410Z</time>
    <name>Point 2662</name>
  </wpt>
  <wpt lat="1.378547" lon="103.769842">
    <time>2024-01-01T00:46:51.483Z</time>
    <name>Point 2663</name>
  </wpt>
  <wpt lat="1.378665" lon="103.769657">
    <time>2024-01-01T00:46:52.557Z</time>
    <name>Point 2664</name>
  </wpt>
  <wpt lat="1.378784" lon="103.769472">
    <time>2024-01-01T00:46:53.630Z</time>
    <name>Point 2665</name>
  </wpt>
  <wpt lat="1.378903" lon="103.769286">
    <time>2024-01-01T00:46:54.704Z</time>
    <name>Point 2666</name>
  </wpt>
  <wpt lat="1.379022" lon="103.769101">
    <time>2024-01-01T00:46:55.777Z</time>
    <name>Point 2667</name>
  </wpt>
  <wpt lat="1.379141" lon="103.768916">
    <time>2024-01-01T00:46:56.851Z</time>
    <name>Point 2668</name>
  </wpt>
  <wpt lat="1.379259" lon="103.768731">
    <time>2024-01-01T00:46:57.924Z</time>
    <name>Point 2669</name>
  </wpt>
  <wpt lat="1.379378" lon="103.768546">
    <time>2024-01-01T00:46:58.998Z</time>
    <name>Point 2670</name>
  </wpt>
  <wpt lat="1.379497" lon="103.768361">
    <time>2024-01-01T00:47:00.071Z</time>
    <name>Point 2671</name>
  </wpt>
  <wpt lat="1.379616" lon="103.768176">
    <time>2024-01-01T00:47:01.145Z</time>
    <name>Point 2672</name>
  </wpt>
  <wpt lat="1.379691" lon="103.768044">
    <time>2024-01-01T00:47:01.888Z</time>
    <name>Point 2673</name>
  </wpt>
  <wpt lat="1.379767" lon="103.767911">
    <time>2024-01-01T00:47:02.631Z</time>
    <name>Point 2674</name>
  </wpt>
  <wpt lat="1.379842" lon="103.767779">
    <time>2024-01-01T00:47:03.375Z</time>
    <name>Point 2675</name>
  </wpt>
  <wpt lat="1.379917" lon="103.767586">
    <time>2024-01-01T00:47:04.386Z</time>
    <name>Point 2676</name>
  </wpt>
  <wpt lat="1.380024" lon="103.767436">
    <time>2024-01-01T00:47:05.287Z</time>
    <name>Point 2677</name>
  </wpt>
  <wpt lat="1.380132" lon="103.767285">
    <time>2024-01-01T00:47:06.188Z</time>
    <name>Point 2678</name>
  </wpt>
  <wpt lat="1.380239" lon="103.767135">
    <time>2024-01-01T00:47:07.090Z</time>
    <name>Point 2679</name>
  </wpt>
  <wpt lat="1.380328" lon="103.766996">
    <time>2024-01-01T00:47:07.898Z</time>
    <name>Point 2680</name>
  </wpt>
  <wpt lat="1.380418" lon="103.766856">
    <time>2024-01-01T00:47:08.706Z</time>
    <name>Point 2681</name>
  </wpt>
  <wpt lat="1.380507" lon="103.766717">
    <time>2024-01-01T00:47:09.514Z</time>
    <name>Point 2682</name>
  </wpt>
  <wpt lat="1.380601" lon="103.766548">
    <time>2024-01-01T00:47:10.457Z</time>
    <name>Point 2683</name>
  </wpt>
  <wpt lat="1.380694" lon="103.766379">
    <time>2024-01-01T00:47:11.400Z</time>
    <name>Point 2684</name>
  </wpt>
  <wpt lat="1.380788" lon="103.766210">
    <time>2024-01-01T00:47:12.343Z</time>
    <name>Point 2685</name>
  </wpt>
  <wpt lat="1.380882" lon="103.766041">
    <time>2024-01-01T00:47:13.287Z</time>
    <name>Point 2686</name>
  </wpt>
  <wpt lat="1.381000" lon="103.765644">
    <time>2024-01-01T00:47:15.308Z</time>
    <name>Point 2687</name>
  </wpt>
  <wpt lat="1.381048" lon="103.765354">
    <time>2024-01-01T00:47:16.743Z</time>
    <name>Point 2688</name>
  </wpt>
  <wpt lat="1.381054" lon="103.765043">
    <time>2024-01-01T00:47:18.261Z</time>
    <name>Point 2689</name>
  </wpt>
  <wpt lat="1.381027" lon="103.764694">
    <time>2024-01-01T00:47:19.969Z</time>
    <name>Point 2690</name>
  </wpt>
  <wpt lat="1.381006" lon="103.764542">
    <time>2024-01-01T00:47:20.718Z</time>
    <name>Point 2691</name>
  </wpt>
  <wpt lat="1.380984" lon="103.764390">
    <time>2024-01-01T00:47:21.467Z</time>
    <name>Point 2692</name>
  </wpt>
  <wpt lat="1.380963" lon="103.764238">
    <time>2024-01-01T00:47:22.216Z</time>
    <name>Point 2693</name>
  </wpt>
  <wpt lat="1.380845" lon="103.763900">
    <time>2024-01-01T00:47:23.963Z</time>
    <name>Point 2694</name>
  </wpt>
  <wpt lat="1.380759" lon="103.763705">
    <time>2024-01-01T00:47:25.001Z</time>
    <name>Point 2695</name>
  </wpt>
  <wpt lat="1.380673" lon="103.763511">
    <time>2024-01-01T00:47:26.040Z</time>
    <name>Point 2696</name>
  </wpt>
  <wpt lat="1.380587" lon="103.763316">
    <time>2024-01-01T00:47:27.079Z</time>
    <name>Point 2697</name>
  </wpt>
  <wpt lat="1.380501" lon="103.763134">
    <time>2024-01-01T00:47:28.062Z</time>
    <name>Point 2698</name>
  </wpt>
  <wpt lat="1.380416" lon="103.762951">
    <time>2024-01-01T00:47:29.045Z</time>
    <name>Point 2699</name>
  </wpt>
  <wpt lat="1.380330" lon="103.762769">
    <time>2024-01-01T00:47:30.029Z</time>
    <name>Point 2700</name>
  </wpt>
  <wpt lat="1.380240" lon="103.762586">
    <time>2024-01-01T00:47:31.022Z</time>
    <name>Point 2701</name>
  </wpt>
  <wpt lat="1.380150" lon="103.762404">
    <time>2024-01-01T00:47:32.015Z</time>
    <name>Point 2702</name>
  </wpt>
  <wpt lat="1.380060" lon="103.762222">
    <time>2024-01-01T00:47:33.008Z</time>
    <name>Point 2703</name>
  </wpt>
  <wpt lat="1.379970" lon="103.762039">
    <time>2024-01-01T00:47:34.002Z</time>
    <name>Point 2704</name>
  </wpt>
  <wpt lat="1.379820" lon="103.761733">
    <time>2024-01-01T00:47:35.665Z</time>
    <name>Point 2705</name>
  </wpt>
  <wpt lat="1.379756" lon="103.761563">
    <time>2024-01-01T00:47:36.550Z</time>
    <name>Point 2706</name>
  </wpt>
  <wpt lat="1.379691" lon="103.761394">
    <time>2024-01-01T00:47:37.436Z</time>
    <name>Point 2707</name>
  </wpt>
  <wpt lat="1.379627" lon="103.761224">
    <time>2024-01-01T00:47:38.322Z</time>
    <name>Point 2708</name>
  </wpt>
  <wpt lat="1.379548" lon="103.761070">
    <time>2024-01-01T00:47:39.166Z</time>
    <name>Point 2709</name>
  </wpt>
  <wpt lat="1.379470" lon="103.760916">
    <time>2024-01-01T00:47:40.010Z</time>
    <name>Point 2710</name>
  </wpt>
  <wpt lat="1.379391" lon="103.760762">
    <time>2024-01-01T00:47:40.854Z</time>
    <name>Point 2711</name>
  </wpt>
  <wpt lat="1.379312" lon="103.760596">
    <time>2024-01-01T00:47:41.752Z</time>
    <name>Point 2712</name>
  </wpt>
  <wpt lat="1.379233" lon="103.760430">
    <time>2024-01-01T00:47:42.650Z</time>
    <name>Point 2713</name>
  </wpt>
  <wpt lat="1.379154" lon="103.760263">
    <time>2024-01-01T00:47:43.548Z</time>
    <name>Point 2714</name>
  </wpt>
  <wpt lat="1.379075" lon="103.760097">
    <time>2024-01-01T00:47:44.447Z</time>
    <name>Point 2715</name>
  </wpt>
  <wpt lat="1.378996" lon="103.759911">
    <time>2024-01-01T00:47:45.436Z</time>
    <name>Point 2716</name>
  </wpt>
  <wpt lat="1.378916" lon="103.759724">
    <time>2024-01-01T00:47:46.425Z</time>
    <name>Point 2717</name>
  </wpt>
  <wpt lat="1.378837" lon="103.759537">
    <time>2024-01-01T00:47:47.414Z</time>
    <name>Point 2718</name>
  </wpt>
  <wpt lat="1.378758" lon="103.759351">
    <time>2024-01-01T00:47:48.403Z</time>
    <name>Point 2719</name>
  </wpt>
  <wpt lat="1.378685" lon="103.759164">
    <time>2024-01-01T00:47:49.380Z</time>
    <name>Point 2720</name>
  </wpt>
  <wpt lat="1.378612" lon="103.758978">
    <time>2024-01-01T00:47:50.358Z</time>
    <name>Point 2721</name>
  </wpt>
  <wpt lat="1.378540" lon="103.758791">
    <time>2024-01-01T00:47:51.335Z</time>
    <name>Point 2722</name>
  </wpt>
  <wpt lat="1.378467" lon="103.758605">
    <time>2024-01-01T00:47:52.313Z</time>
    <name>Point 2723</name>
  </wpt>
  <wpt lat="1.378394" lon="103.758418">
    <time>2024-01-01T00:47:53.291Z</time>
    <name>Point 2724</name>
  </wpt>
  <wpt lat="1.378315" lon="103.758236">
    <time>2024-01-01T00:47:54.260Z</time>
    <name>Point 2725</name>
  </wpt>
  <wpt lat="1.378237" lon="103.758053">
    <time>2024-01-01T00:47:55.229Z</time>
    <name>Point 2726</name>
  </wpt>
  <wpt lat="1.378158" lon="103.757871">
    <time>2024-01-01T00:47:56.198Z</time>
    <name>Point 2727</name>
  </wpt>
  <wpt lat="1.378079" lon="103.757689">
    <time>2024-01-01T00:47:57.167Z</time>
    <name>Point 2728</name>
  </wpt>
  <wpt lat="1.378001" lon="103.757506">
    <time>2024-01-01T00:47:58.136Z</time>
    <name>Point 2729</name>
  </wpt>
  <wpt lat="1.377922" lon="103.757324">
    <time>2024-01-01T00:47:59.106Z</time>
    <name>Point 2730</name>
  </wpt>
  <wpt lat="1.377826" lon="103.757163">
    <time>2024-01-01T00:48:00.022Z</time>
    <name>Point 2731</name>
  </wpt>
  <wpt lat="1.377729" lon="103.757002">
    <time>2024-01-01T00:48:00.938Z</time>
    <name>Point 2732</name>
  </wpt>
  <wpt lat="1.377633" lon="103.756841">
    <time>2024-01-01T00:48:01.854Z</time>
    <name>Point 2733</name>
  </wpt>
  <wpt lat="1.377536" lon="103.756680">
    <time>2024-01-01T00:48:02.770Z</time>
    <name>Point 2734</name>
  </wpt>
  <wpt lat="1.377459" lon="103.756532">
    <time>2024-01-01T00:48:03.585Z</time>
    <name>Point 2735</name>
  </wpt>
  <wpt lat="1.377382" lon="103.756383">
    <time>2024-01-01T00:48:04.401Z</time>
    <name>Point 2736</name>
  </wpt>
  <wpt lat="1.377305" lon="103.756235">
    <time>2024-01-01T00:48:05.217Z</time>
    <name>Point 2737</name>
  </wpt>
  <wpt lat="1.377210" lon="103.756060">
    <time>2024-01-01T00:48:06.189Z</time>
    <name>Point 2738</name>
  </wpt>
  <wpt lat="1.377116" lon="103.755884">
    <time>2024-01-01T00:48:07.162Z</time>
    <name>Point 2739</name>
  </wpt>
  <wpt lat="1.377021" lon="103.755709">
    <time>2024-01-01T00:48:08.135Z</time>
    <name>Point 2740</name>
  </wpt>
  <wpt lat="1.376924" lon="103.755409">
    <time>2024-01-01T00:48:09.674Z</time>
    <name>Point 2741</name>
  </wpt>
  <wpt lat="1.376849" lon="103.755022">
    <time>2024-01-01T00:48:11.597Z</time>
    <name>Point 2742</name>
  </wpt>
  <wpt lat="1.376758" lon="103.754733">
    <time>2024-01-01T00:48:13.076Z</time>
    <name>Point 2743</name>
  </wpt>
  <wpt lat="1.376635" lon="103.754416">
    <time>2024-01-01T00:48:14.736Z</time>
    <name>Point 2744</name>
  </wpt>
  <wpt lat="1.376452" lon="103.754137">
    <time>2024-01-01T00:48:16.364Z</time>
    <name>Point 2745</name>
  </wpt>
  <wpt lat="1.376265" lon="103.753890">
    <time>2024-01-01T00:48:17.876Z</time>
    <name>Point 2746</name>
  </wpt>
  <wpt lat="1.375975" lon="103.753676">
    <time>2024-01-01T00:48:19.636Z</time>
    <name>Point 2747</name>
  </wpt>
  <wpt lat="1.375803" lon="103.753563">
    <time>2024-01-01T00:48:20.638Z</time>
    <name>Point 2748</name>
  </wpt>
  <wpt lat="1.375632" lon="103.753451">
    <time>2024-01-01T00:48:21.640Z</time>
    <name>Point 2749</name>
  </wpt>
  <wpt lat="1.375460" lon="103.753338">
    <time>2024-01-01T00:48:22.642Z</time>
    <name>Point 2750</name>
  </wpt>
  <wpt lat="1.375303" lon="103.753218">
    <time>2024-01-01T00:48:23.608Z</time>
    <name>Point 2751</name>
  </wpt>
  <wpt lat="1.375145" lon="103.753098">
    <time>2024-01-01T00:48:24.574Z</time>
    <name>Point 2752</name>
  </wpt>
  <wpt lat="1.374988" lon="103.752978">
    <time>2024-01-01T00:48:25.540Z</time>
    <name>Point 2753</name>
  </wpt>
  <wpt lat="1.374797" lon="103.752887">
    <time>2024-01-01T00:48:26.574Z</time>
    <name>Point 2754</name>
  </wpt>
  <wpt lat="1.374605" lon="103.752796">
    <time>2024-01-01T00:48:27.608Z</time>
    <name>Point 2755</name>
  </wpt>
  <wpt lat="1.374414" lon="103.752705">
    <time>2024-01-01T00:48:28.643Z</time>
    <name>Point 2756</name>
  </wpt>
  <wpt lat="1.374224" lon="103.752644">
    <time>2024-01-01T00:48:29.616Z</time>
    <name>Point 2757</name>
  </wpt>
  <wpt lat="1.374034" lon="103.752583">
    <time>2024-01-01T00:48:30.589Z</time>
    <name>Point 2758</name>
  </wpt>
  <wpt lat="1.373845" lon="103.752521">
    <time>2024-01-01T00:48:31.563Z</time>
    <name>Point 2759</name>
  </wpt>
  <wpt lat="1.373655" lon="103.752460">
    <time>2024-01-01T00:48:32.536Z</time>
    <name>Point 2760</name>
  </wpt>
  <wpt lat="1.373465" lon="103.752399">
    <time>2024-01-01T00:48:33.510Z</time>
    <name>Point 2761</name>
  </wpt>
  <wpt lat="1.373301" lon="103.752332">
    <time>2024-01-01T00:48:34.372Z</time>
    <name>Point 2762</name>
  </wpt>
  <wpt lat="1.373138" lon="103.752265">
    <time>2024-01-01T00:48:35.235Z</time>
    <name>Point 2763</name>
  </wpt>
  <wpt lat="1.372974" lon="103.752198">
    <time>2024-01-01T00:48:36.097Z</time>
    <name>Point 2764</name>
  </wpt>
  <wpt lat="1.372811" lon="103.752131">
    <time>2024-01-01T00:48:36.960Z</time>
    <name>Point 2765</name>
  </wpt>
  <wpt lat="1.372657" lon="103.752031">
    <time>2024-01-01T00:48:37.857Z</time>
    <name>Point 2766</name>
  </wpt>
  <wpt lat="1.372502" lon="103.751931">
    <time>2024-01-01T00:48:38.755Z</time>
    <name>Point 2767</name>
  </wpt>
  <wpt lat="1.372348" lon="103.751832">
    <time>2024-01-01T00:48:39.652Z</time>
    <name>Point 2768</name>
  </wpt>
  <wpt lat="1.372193" lon="103.751732">
    <time>2024-01-01T00:48:40.550Z</time>
    <name>Point 2769</name>
  </wpt>
  <wpt lat="1.372039" lon="103.751632">
    <time>2024-01-01T00:48:41.448Z</time>
    <name>Point 2770</name>
  </wpt>
  <wpt lat="1.371888" lon="103.751484">
    <time>2024-01-01T00:48:42.479Z</time>
    <name>Point 2771</name>
  </wpt>
  <wpt lat="1.371737" lon="103.751336">
    <time>2024-01-01T00:48:43.510Z</time>
    <name>Point 2772</name>
  </wpt>
  <wpt lat="1.371586" lon="103.751188">
    <time>2024-01-01T00:48:44.542Z</time>
    <name>Point 2773</name>
  </wpt>
  <wpt lat="1.371435" lon="103.751041">
    <time>2024-01-01T00:48:45.573Z</time>
    <name>Point 2774</name>
  </wpt>
  <wpt lat="1.371284" lon="103.750893">
    <time>2024-01-01T00:48:46.605Z</time>
    <name>Point 2775</name>
  </wpt>
  <wpt lat="1.371133" lon="103.750745">
    <time>2024-01-01T00:48:47.636Z</time>
    <name>Point 2776</name>
  </wpt>
  <wpt lat="1.370982" lon="103.750597">
    <time>2024-01-01T00:48:48.668Z</time>
    <name>Point 2777</name>
  </wpt>
  <wpt lat="1.370845" lon="103.750458">
    <time>2024-01-01T00:48:49.620Z</time>
    <name>Point 2778</name>
  </wpt>
  <wpt lat="1.370708" lon="103.750320">
    <time>2024-01-01T00:48:50.572Z</time>
    <name>Point 2779</name>
  </wpt>
  <wpt lat="1.370571" lon="103.750181">
    <time>2024-01-01T00:48:51.524Z</time>
    <name>Point 2780</name>
  </wpt>
  <wpt lat="1.370433" lon="103.750042">
    <time>2024-01-01T00:48:52.476Z</time>
    <name>Point 2781</name>
  </wpt>
  <wpt lat="1.370296" lon="103.749903">
    <time>2024-01-01T00:48:53.428Z</time>
    <name>Point 2782</name>
  </wpt>
  <wpt lat="1.370159" lon="103.749765">
    <time>2024-01-01T00:48:54.380Z</time>
    <name>Point 2783</name>
  </wpt>
  <wpt lat="1.370022" lon="103.749626">
    <time>2024-01-01T00:48:55.333Z</time>
    <name>Point 2784</name>
  </wpt>
  <wpt lat="1.369880" lon="103.749475">
    <time>2024-01-01T00:48:56.343Z</time>
    <name>Point 2785</name>
  </wpt>
  <wpt lat="1.369739" lon="103.749324">
    <time>2024-01-01T00:48:57.354Z</time>
    <name>Point 2786</name>
  </wpt>
  <wpt lat="1.369597" lon="103.749173">
    <time>2024-01-01T00:48:58.365Z</time>
    <name>Point 2787</name>
  </wpt>
  <wpt lat="1.369455" lon="103.749022">
    <time>2024-01-01T00:48:59.376Z</time>
    <name>Point 2788</name>
  </wpt>
  <wpt lat="1.369313" lon="103.748871">
    <time>2024-01-01T00:49:00.387Z</time>
    <name>Point 2789</name>
  </wpt>
  <wpt lat="1.369172" lon="103.748720">
    <time>2024-01-01T00:49:01.398Z</time>
    <name>Point 2790</name>
  </wpt>
  <wpt lat="1.369030" lon="103.748569">
    <time>2024-01-01T00:49:02.409Z</time>
    <name>Point 2791</name>
  </wpt>
  <wpt lat="1.368837" lon="103.748381">
    <time>2024-01-01T00:49:03.724Z</time>
    <name>Point 2792</name>
  </wpt>
  <wpt lat="1.368716" lon="103.748250">
    <time>2024-01-01T00:49:04.595Z</time>
    <name>Point 2793</name>
  </wpt>
  <wpt lat="1.368596" lon="103.748118">
    <time>2024-01-01T00:49:05.466Z</time>
    <name>Point 2794</name>
  </wpt>
  <wpt lat="1.368475" lon="103.747986">
    <time>2024-01-01T00:49:06.337Z</time>
    <name>Point 2795</name>
  </wpt>
  <wpt lat="1.368354" lon="103.747855">
    <time>2024-01-01T00:49:07.209Z</time>
    <name>Point 2796</name>
  </wpt>
  <wpt lat="1.368217" lon="103.747704">
    <time>2024-01-01T00:49:08.205Z</time>
    <name>Point 2797</name>
  </wpt>
  <wpt lat="1.368081" lon="103.747552">
    <time>2024-01-01T00:49:09.201Z</time>
    <name>Point 2798</name>
  </wpt>
  <wpt lat="1.367944" lon="103.747400">
    <time>2024-01-01T00:49:10.197Z</time>
    <name>Point 2799</name>
  </wpt>
  <wpt lat="1.367807" lon="103.747249">
    <time>2024-01-01T00:49:11.193Z</time>
    <name>Point 2800</name>
  </wpt>
  <wpt lat="1.367670" lon="103.747098">
    <time>2024-01-01T00:49:12.189Z</time>
    <name>Point 2801</name>
  </wpt>
  <wpt lat="1.367533" lon="103.746946">
    <time>2024-01-01T00:49:13.185Z</time>
    <name>Point 2802</name>
  </wpt>
  <wpt lat="1.367397" lon="103.746795">
    <time>2024-01-01T00:49:14.181Z</time>
    <name>Point 2803</name>
  </wpt>
  <wpt lat="1.367260" lon="103.746643">
    <time>2024-01-01T00:49:15.178Z</time>
    <name>Point 2804</name>
  </wpt>
  <wpt lat="1.367135" lon="103.746485">
    <time>2024-01-01T00:49:16.160Z</time>
    <name>Point 2805</name>
  </wpt>
  <wpt lat="1.367009" lon="103.746328">
    <time>2024-01-01T00:49:17.143Z</time>
    <name>Point 2806</name>
  </wpt>
  <wpt lat="1.366884" lon="103.746170">
    <time>2024-01-01T00:49:18.126Z</time>
    <name>Point 2807</name>
  </wpt>
  <wpt lat="1.366759" lon="103.746013">
    <time>2024-01-01T00:49:19.109Z</time>
    <name>Point 2808</name>
  </wpt>
  <wpt lat="1.366634" lon="103.745855">
    <time>2024-01-01T00:49:20.091Z</time>
    <name>Point 2809</name>
  </wpt>
  <wpt lat="1.366508" lon="103.745697">
    <time>2024-01-01T00:49:21.074Z</time>
    <name>Point 2810</name>
  </wpt>
  <wpt lat="1.366383" lon="103.745540">
    <time>2024-01-01T00:49:22.057Z</time>
    <name>Point 2811</name>
  </wpt>
  <wpt lat="1.366258" lon="103.745382">
    <time>2024-01-01T00:49:23.040Z</time>
    <name>Point 2812</name>
  </wpt>
  <wpt lat="1.366112" lon="103.745226">
    <time>2024-01-01T00:49:24.083Z</time>
    <name>Point 2813</name>
  </wpt>
  <wpt lat="1.365966" lon="103.745069">
    <time>2024-01-01T00:49:25.127Z</time>
    <name>Point 2814</name>
  </wpt>
  <wpt lat="1.365820" lon="103.744913">
    <time>2024-01-01T00:49:26.170Z</time>
    <name>Point 2815</name>
  </wpt>
  <wpt lat="1.365675" lon="103.744757">
    <time>2024-01-01T00:49:27.214Z</time>
    <name>Point 2816</name>
  </wpt>
  <wpt lat="1.365529" lon="103.744600">
    <time>2024-01-01T00:49:28.257Z</time>
    <name>Point 2817</name>
  </wpt>
  <wpt lat="1.365383" lon="103.744444">
    <time>2024-01-01T00:49:29.301Z</time>
    <name>Point 2818</name>
  </wpt>
  <wpt lat="1.365239" lon="103.744316">
    <time>2024-01-01T00:49:30.239Z</time>
    <name>Point 2819</name>
  </wpt>
  <wpt lat="1.365096" lon="103.744188">
    <time>2024-01-01T00:49:31.177Z</time>
    <name>Point 2820</name>
  </wpt>
  <wpt lat="1.364952" lon="103.744061">
    <time>2024-01-01T00:49:32.115Z</time>
    <name>Point 2821</name>
  </wpt>
  <wpt lat="1.364809" lon="103.743933">
    <time>2024-01-01T00:49:33.053Z</time>
    <name>Point 2822</name>
  </wpt>
  <wpt lat="1.364665" lon="103.743805">
    <time>2024-01-01T00:49:33.992Z</time>
    <name>Point 2823</name>
  </wpt>
  <wpt lat="1.364505" lon="103.743676">
    <time>2024-01-01T00:49:34.995Z</time>
    <name>Point 2824</name>
  </wpt>
  <wpt lat="1.364345" lon="103.743548">
    <time>2024-01-01T00:49:35.998Z</time>
    <name>Point 2825</name>
  </wpt>
  <wpt lat="1.364185" lon="103.743419">
    <time>2024-01-01T00:49:37.001Z</time>
    <name>Point 2826</name>
  </wpt>
  <wpt lat="1.364024" lon="103.743290">
    <time>2024-01-01T00:49:38.004Z</time>
    <name>Point 2827</name>
  </wpt>
  <wpt lat="1.363864" lon="103.743161">
    <time>2024-01-01T00:49:39.007Z</time>
    <name>Point 2828</name>
  </wpt>
  <wpt lat="1.363704" lon="103.743033">
    <time>2024-01-01T00:49:40.010Z</time>
    <name>Point 2829</name>
  </wpt>
  <wpt lat="1.363544" lon="103.742904">
    <time>2024-01-01T00:49:41.013Z</time>
    <name>Point 2830</name>
  </wpt>
  <wpt lat="1.363399" lon="103.742793">
    <time>2024-01-01T00:49:41.904Z</time>
    <name>Point 2831</name>
  </wpt>
  <wpt lat="1.363255" lon="103.742682">
    <time>2024-01-01T00:49:42.795Z</time>
    <name>Point 2832</name>
  </wpt>
  <wpt lat="1.363110" lon="103.742570">
    <time>2024-01-01T00:49:43.686Z</time>
    <name>Point 2833</name>
  </wpt>
  <wpt lat="1.362965" lon="103.742459">
    <time>2024-01-01T00:49:44.577Z</time>
    <name>Point 2834</name>
  </wpt>
  <wpt lat="1.362814" lon="103.742331">
    <time>2024-01-01T00:49:45.543Z</time>
    <name>Point 2835</name>
  </wpt>
  <wpt lat="1.362663" lon="103.742203">
    <time>2024-01-01T00:49:46.509Z</time>
    <name>Point 2836</name>
  </wpt>
  <wpt lat="1.362511" lon="103.742076">
    <time>2024-01-01T00:49:47.476Z</time>
    <name>Point 2837</name>
  </wpt>
  <wpt lat="1.362360" lon="103.741948">
    <time>2024-01-01T00:49:48.442Z</time>
    <name>Point 2838</name>
  </wpt>
  <wpt lat="1.362209" lon="103.741820">
    <time>2024-01-01T00:49:49.409Z</time>
    <name>Point 2839</name>
  </wpt>
  <wpt lat="1.362053" lon="103.741697">
    <time>2024-01-01T00:49:50.376Z</time>
    <name>Point 2840</name>
  </wpt>
  <wpt lat="1.361898" lon="103.741575">
    <time>2024-01-01T00:49:51.343Z</time>
    <name>Point 2841</name>
  </wpt>
  <wpt lat="1.361742" lon="103.741452">
    <time>2024-01-01T00:49:52.310Z</time>
    <name>Point 2842</name>
  </wpt>
  <wpt lat="1.361587" lon="103.741330">
    <time>2024-01-01T00:49:53.277Z</time>
    <name>Point 2843</name>
  </wpt>
  <wpt lat="1.361431" lon="103.741207">
    <time>2024-01-01T00:49:54.244Z</time>
    <name>Point 2844</name>
  </wpt>
  <wpt lat="1.361275" lon="103.741084">
    <time>2024-01-01T00:49:55.211Z</time>
    <name>Point 2845</name>
  </wpt>
  <wpt lat="1.361120" lon="103.740962">
    <time>2024-01-01T00:49:56.178Z</time>
    <name>Point 2846</name>
  </wpt>
  <wpt lat="1.360964" lon="103.740839">
    <time>2024-01-01T00:49:57.146Z</time>
    <name>Point 2847</name>
  </wpt>
  <wpt lat="1.360798" lon="103.740706">
    <time>2024-01-01T00:49:58.186Z</time>
    <name>Point 2848</name>
  </wpt>
  <wpt lat="1.360632" lon="103.740572">
    <time>2024-01-01T00:49:59.226Z</time>
    <name>Point 2849</name>
  </wpt>
  <wpt lat="1.360466" lon="103.740439">
    <time>2024-01-01T00:50:00.266Z</time>
    <name>Point 2850</name>
  </wpt>
  <wpt lat="1.360299" lon="103.740305">
    <time>2024-01-01T00:50:01.306Z</time>
    <name>Point 2851</name>
  </wpt>
  <wpt lat="1.360133" lon="103.740172">
    <time>2024-01-01T00:50:02.346Z</time>
    <name>Point 2852</name>
  </wpt>
  <wpt lat="1.359967" lon="103.740038">
    <time>2024-01-01T00:50:03.386Z</time>
    <name>Point 2853</name>
  </wpt>
  <wpt lat="1.359801" lon="103.739905">
    <time>2024-01-01T00:50:04.427Z</time>
    <name>Point 2854</name>
  </wpt>
  <wpt lat="1.359633" lon="103.739762">
    <time>2024-01-01T00:50:05.504Z</time>
    <name>Point 2855</name>
  </wpt>
  <wpt lat="1.359465" lon="103.739619">
    <time>2024-01-01T00:50:06.582Z</time>
    <name>Point 2856</name>
  </wpt>
  <wpt lat="1.359297" lon="103.739476">
    <time>2024-01-01T00:50:07.659Z</time>
    <name>Point 2857</name>
  </wpt>
  <wpt lat="1.359128" lon="103.739333">
    <time>2024-01-01T00:50:08.737Z</time>
    <name>Point 2858</name>
  </wpt>
  <wpt lat="1.358960" lon="103.739190">
    <time>2024-01-01T00:50:09.814Z</time>
    <name>Point 2859</name>
  </wpt>
  <wpt lat="1.358792" lon="103.739047">
    <time>2024-01-01T00:50:10.892Z</time>
    <name>Point 2860</name>
  </wpt>
  <wpt lat="1.358647" lon="103.738903">
    <time>2024-01-01T00:50:11.886Z</time>
    <name>Point 2861</name>
  </wpt>
  <wpt lat="1.358502" lon="103.738760">
    <time>2024-01-01T00:50:12.881Z</time>
    <name>Point 2862</name>
  </wpt>
  <wpt lat="1.358358" lon="103.738617">
    <time>2024-01-01T00:50:13.876Z</time>
    <name>Point 2863</name>
  </wpt>
  <wpt lat="1.358213" lon="103.738473">
    <time>2024-01-01T00:50:14.871Z</time>
    <name>Point 2864</name>
  </wpt>
  <wpt lat="1.358104" lon="103.738359">
    <time>2024-01-01T00:50:15.642Z</time>
    <name>Point 2865</name>
  </wpt>
  <wpt lat="1.357995" lon="103.738244">
    <time>2024-01-01T00:50:16.413Z</time>
    <name>Point 2866</name>
  </wpt>
  <wpt lat="1.357886" lon="103.738130">
    <time>2024-01-01T00:50:17.184Z</time>
    <name>Point 2867</name>
  </wpt>
  <wpt lat="1.357736" lon="103.738001">
    <time>2024-01-01T00:50:18.150Z</time>
    <name>Point 2868</name>
  </wpt>
  <wpt lat="1.357478" lon="103.737738">
    <time>2024-01-01T00:50:19.948Z</time>
    <name>Point 2869</name>
  </wpt>
  <wpt lat="1.357323" lon="103.737613">
    <time>2024-01-01T00:50:20.921Z</time>
    <name>Point 2870</name>
  </wpt>
  <wpt lat="1.357167" lon="103.737488">
    <time>2024-01-01T00:50:21.894Z</time>
    <name>Point 2871</name>
  </wpt>
  <wpt lat="1.357012" lon="103.737363">
    <time>2024-01-01T00:50:22.868Z</time>
    <name>Point 2872</name>
  </wpt>
  <wpt lat="1.356690" lon="103.737116">
    <time>2024-01-01T00:50:24.849Z</time>
    <name>Point 2873</name>
  </wpt>
  <wpt lat="1.356533" lon="103.737039">
    <time>2024-01-01T00:50:25.704Z</time>
    <name>Point 2874</name>
  </wpt>
  <wpt lat="1.356375" lon="103.736962">
    <time>2024-01-01T00:50:26.559Z</time>
    <name>Point 2875</name>
  </wpt>
  <wpt lat="1.356218" lon="103.736885">
    <time>2024-01-01T00:50:27.414Z</time>
    <name>Point 2876</name>
  </wpt>
  <wpt lat="1.356029" lon="103.736831">
    <time>2024-01-01T00:50:28.374Z</time>
    <name>Point 2877</name>
  </wpt>
  <wpt lat="1.355839" lon="103.736778">
    <time>2024-01-01T00:50:29.335Z</time>
    <name>Point 2878</name>
  </wpt>
  <wpt lat="1.355650" lon="103.736724">
    <time>2024-01-01T00:50:30.296Z</time>
    <name>Point 2879</name>
  </wpt>
  <wpt lat="1.355253" lon="103.736649">
    <time>2024-01-01T00:50:32.268Z</time>
    <name>Point 2880</name>
  </wpt>
  <wpt lat="1.354845" lon="103.736601">
    <time>2024-01-01T00:50:34.274Z</time>
    <name>Point 2881</name>
  </wpt>
  <wpt lat="1.354416" lon="103.736649">
    <time>2024-01-01T00:50:36.381Z</time>
    <name>Point 2882</name>
  </wpt>
  <wpt lat="1.354250" lon="103.736685">
    <time>2024-01-01T00:50:37.211Z</time>
    <name>Point 2883</name>
  </wpt>
  <wpt lat="1.354083" lon="103.736720">
    <time>2024-01-01T00:50:38.041Z</time>
    <name>Point 2884</name>
  </wpt>
  <wpt lat="1.353917" lon="103.736756">
    <time>2024-01-01T00:50:38.872Z</time>
    <name>Point 2885</name>
  </wpt>
  <wpt lat="1.353740" lon="103.736804">
    <time>2024-01-01T00:50:39.766Z</time>
    <name>Point 2886</name>
  </wpt>
  <wpt lat="1.353564" lon="103.736853">
    <time>2024-01-01T00:50:40.660Z</time>
    <name>Point 2887</name>
  </wpt>
  <wpt lat="1.353387" lon="103.736901">
    <time>2024-01-01T00:50:41.555Z</time>
    <name>Point 2888</name>
  </wpt>
  <wpt lat="1.353206" lon="103.736980">
    <time>2024-01-01T00:50:42.519Z</time>
    <name>Point 2889</name>
  </wpt>
  <wpt lat="1.353025" lon="103.737060">
    <time>2024-01-01T00:50:43.484Z</time>
    <name>Point 2890</name>
  </wpt>
  <wpt lat="1.352844" lon="103.737139">
    <time>2024-01-01T00:50:44.448Z</time>
    <name>Point 2891</name>
  </wpt>
  <wpt lat="1.352663" lon="103.737218">
    <time>2024-01-01T00:50:45.413Z</time>
    <name>Point 2892</name>
  </wpt>
  <wpt lat="1.352507" lon="103.737286">
    <time>2024-01-01T00:50:46.243Z</time>
    <name>Point 2893</name>
  </wpt>
  <wpt lat="1.352351" lon="103.737355">
    <time>2024-01-01T00:50:47.073Z</time>
    <name>Point 2894</name>
  </wpt>
  <wpt lat="1.352196" lon="103.737423">
    <time>2024-01-01T00:50:47.903Z</time>
    <name>Point 2895</name>
  </wpt>
  <wpt lat="1.352040" lon="103.737491">
    <time>2024-01-01T00:50:48.733Z</time>
    <name>Point 2896</name>
  </wpt>
  <wpt lat="1.351670" lon="103.737658">
    <time>2024-01-01T00:50:50.715Z</time>
    <name>Point 2897</name>
  </wpt>
  <wpt lat="1.351497" lon="103.737718">
    <time>2024-01-01T00:50:51.608Z</time>
    <name>Point 2898</name>
  </wpt>
  <wpt lat="1.351325" lon="103.737778">
    <time>2024-01-01T00:50:52.501Z</time>
    <name>Point 2899</name>
  </wpt>
  <wpt lat="1.351152" lon="103.737839">
    <time>2024-01-01T00:50:53.394Z</time>
    <name>Point 2900</name>
  </wpt>
  <wpt lat="1.350979" lon="103.737899">
    <time>2024-01-01T00:50:54.287Z</time>
    <name>Point 2901</name>
  </wpt>
  <wpt lat="1.350809" lon="103.737958">
    <time>2024-01-01T00:50:55.165Z</time>
    <name>Point 2902</name>
  </wpt>
  <wpt lat="1.350639" lon="103.738017">
    <time>2024-01-01T00:50:56.044Z</time>
    <name>Point 2903</name>
  </wpt>
  <wpt lat="1.350469" lon="103.738076">
    <time>2024-01-01T00:50:56.923Z</time>
    <name>Point 2904</name>
  </wpt>
  <wpt lat="1.350317" lon="103.738105">
    <time>2024-01-01T00:50:57.678Z</time>
    <name>Point 2905</name>
  </wpt>
  <wpt lat="1.350165" lon="103.738133">
    <time>2024-01-01T00:50:58.433Z</time>
    <name>Point 2906</name>
  </wpt>
  <wpt lat="1.350013" lon="103.738162">
    <time>2024-01-01T00:50:59.188Z</time>
    <name>Point 2907</name>
  </wpt>
  <wpt lat="1.349799" lon="103.738242">
    <time>2024-01-01T00:51:00.303Z</time>
    <name>Point 2908</name>
  </wpt>
  <wpt lat="1.349370" lon="103.738312">
    <time>2024-01-01T00:51:02.425Z</time>
    <name>Point 2909</name>
  </wpt>
  <wpt lat="1.349184" lon="103.738360">
    <time>2024-01-01T00:51:03.363Z</time>
    <name>Point 2910</name>
  </wpt>
  <wpt lat="1.348998" lon="103.738409">
    <time>2024-01-01T00:51:04.301Z</time>
    <name>Point 2911</name>
  </wpt>
  <wpt lat="1.348812" lon="103.738457">
    <time>2024-01-01T00:51:05.240Z</time>
    <name>Point 2912</name>
  </wpt>
  <wpt lat="1.348624" lon="103.738448">
    <time>2024-01-01T00:51:06.157Z</time>
    <name>Point 2913</name>
  </wpt>
  <wpt lat="1.348437" lon="103.738439">
    <time>2024-01-01T00:51:07.074Z</time>
    <name>Point 2914</name>
  </wpt>
  <wpt lat="1.348249" lon="103.738430">
    <time>2024-01-01T00:51:07.991Z</time>
    <name>Point 2915</name>
  </wpt>
  <wpt lat="1.348052" lon="103.738380">
    <time>2024-01-01T00:51:08.981Z</time>
    <name>Point 2916</name>
  </wpt>
  <wpt lat="1.347856" lon="103.738330">
    <time>2024-01-01T00:51:09.972Z</time>
    <name>Point 2917</name>
  </wpt>
  <wpt lat="1.347659" lon="103.738280">
    <time>2024-01-01T00:51:10.963Z</time>
    <name>Point 2918</name>
  </wpt>
  <wpt lat="1.347428" lon="103.738194">
    <time>2024-01-01T00:51:12.166Z</time>
    <name>Point 2919</name>
  </wpt>
  <wpt lat="1.347294" lon="103.738126">
    <time>2024-01-01T00:51:12.899Z</time>
    <name>Point 2920</name>
  </wpt>
  <wpt lat="1.347160" lon="103.738058">
    <time>2024-01-01T00:51:13.633Z</time>
    <name>Point 2921</name>
  </wpt>
  <wpt lat="1.347026" lon="103.737990">
    <time>2024-01-01T00:51:14.367Z</time>
    <name>Point 2922</name>
  </wpt>
  <wpt lat="1.346656" lon="103.737813">
    <time>2024-01-01T00:51:16.369Z</time>
    <name>Point 2923</name>
  </wpt>
  <wpt lat="1.346350" lon="103.737636">
    <time>2024-01-01T00:51:18.094Z</time>
    <name>Point 2924</name>
  </wpt>
  <wpt lat="1.346061" lon="103.737465">
    <time>2024-01-01T00:51:19.734Z</time>
    <name>Point 2925</name>
  </wpt>
  <wpt lat="1.346034" lon="103.737309">
    <time>2024-01-01T00:51:20.506Z</time>
    <name>Point 2926</name>
  </wpt>
  <wpt lat="1.346013" lon="103.737395">
    <time>2024-01-01T00:51:20.938Z</time>
    <name>Point 2927</name>
  </wpt>
  <wpt lat="1.346130" lon="103.737277">
    <time>2024-01-01T00:51:21.749Z</time>
    <name>Point 2928</name>
  </wpt>
  <wpt lat="1.346297" lon="103.737379">
    <time>2024-01-01T00:51:22.705Z</time>
    <name>Point 2929</name>
  </wpt>
  <wpt lat="1.346454" lon="103.737468">
    <time>2024-01-01T00:51:23.588Z</time>
    <name>Point 2930</name>
  </wpt>
  <wpt lat="1.346612" lon="103.737558">
    <time>2024-01-01T00:51:24.471Z</time>
    <name>Point 2931</name>
  </wpt>
  <wpt lat="1.346769" lon="103.737647">
    <time>2024-01-01T00:51:25.354Z</time>
    <name>Point 2932</name>
  </wpt>
  <wpt lat="1.346944" lon="103.737726">
    <time>2024-01-01T00:51:26.290Z</time>
    <name>Point 2933</name>
  </wpt>
  <wpt lat="1.347119" lon="103.737804">
    <time>2024-01-01T00:51:27.227Z</time>
    <name>Point 2934</name>
  </wpt>
  <wpt lat="1.347294" lon="103.737883">
    <time>2024-01-01T00:51:28.164Z</time>
    <name>Point 2935</name>
  </wpt>
  <wpt lat="1.347702" lon="103.738071">
    <time>2024-01-01T00:51:30.357Z</time>
    <name>Point 2936</name>
  </wpt>
  <wpt lat="1.347909" lon="103.738125">
    <time>2024-01-01T00:51:31.402Z</time>
    <name>Point 2937</name>
  </wpt>
  <wpt lat="1.348117" lon="103.738178">
    <time>2024-01-01T00:51:32.447Z</time>
    <name>Point 2938</name>
  </wpt>
  <wpt lat="1.348324" lon="103.738232">
    <time>2024-01-01T00:51:33.493Z</time>
    <name>Point 2939</name>
  </wpt>
  <wpt lat="1.348748" lon="103.738237">
    <time>2024-01-01T00:51:35.563Z</time>
    <name>Point 2940</name>
  </wpt>
  <wpt lat="1.348896" lon="103.738205">
    <time>2024-01-01T00:51:36.304Z</time>
    <name>Point 2941</name>
  </wpt>
  <wpt lat="1.349045" lon="103.738172">
    <time>2024-01-01T00:51:37.045Z</time>
    <name>Point 2942</name>
  </wpt>
  <wpt lat="1.349193" lon="103.738140">
    <time>2024-01-01T00:51:37.787Z</time>
    <name>Point 2943</name>
  </wpt>
  <wpt lat="1.349348" lon="103.738157">
    <time>2024-01-01T00:51:38.548Z</time>
    <name>Point 2944</name>
  </wpt>
  <wpt lat="1.349590" lon="103.738130">
    <time>2024-01-01T00:51:39.737Z</time>
    <name>Point 2945</name>
  </wpt>
  <wpt lat="1.349756" lon="103.738151">
    <time>2024-01-01T00:51:40.553Z</time>
    <name>Point 2946</name>
  </wpt>
  <wpt lat="1.349836" lon="103.738334">
    <time>2024-01-01T00:51:41.528Z</time>
    <name>Point 2947</name>
  </wpt>
  <wpt lat="1.349847" lon="103.738543">
    <time>2024-01-01T00:51:42.550Z</time>
    <name>Point 2948</name>
  </wpt>
  <wpt lat="1.349848" lon="103.738725">
    <time>2024-01-01T00:51:43.439Z</time>
    <name>Point 2949</name>
  </wpt>
  <wpt lat="1.349849" lon="103.738908">
    <time>2024-01-01T00:51:44.328Z</time>
    <name>Point 2950</name>
  </wpt>
  <wpt lat="1.349851" lon="103.739090">
    <time>2024-01-01T00:51:45.217Z</time>
    <name>Point 2951</name>
  </wpt>
  <wpt lat="1.349852" lon="103.739272">
    <time>2024-01-01T00:51:46.107Z</time>
    <name>Point 2952</name>
  </wpt>
  <wpt lat="1.349949" lon="103.739369">
    <time>2024-01-01T00:51:46.777Z</time>
    <name>Point 2953</name>
  </wpt>
  <wpt lat="1.350045" lon="103.739498">
    <time>2024-01-01T00:51:47.562Z</time>
    <name>Point 2954</name>
  </wpt>
  <wpt lat="1.350255" lon="103.739508">
    <time>2024-01-01T00:51:48.588Z</time>
    <name>Point 2955</name>
  </wpt>
  <wpt lat="1.350474" lon="103.739515">
    <time>2024-01-01T00:51:49.656Z</time>
    <name>Point 2956</name>
  </wpt>
  <wpt lat="1.350693" lon="103.739521">
    <time>2024-01-01T00:51:50.725Z</time>
    <name>Point 2957</name>
  </wpt>
  <wpt lat="1.350911" lon="103.739528">
    <time>2024-01-01T00:51:51.793Z</time>
    <name>Point 2958</name>
  </wpt>
  <wpt lat="1.351130" lon="103.739534">
    <time>2024-01-01T00:51:52.862Z</time>
    <name>Point 2959</name>
  </wpt>
  <wpt lat="1.351349" lon="103.739541">
    <time>2024-01-01T00:51:53.931Z</time>
    <name>Point 2960</name>
  </wpt>
  <wpt lat="1.351611" lon="103.739557">
    <time>2024-01-01T00:51:55.213Z</time>
    <name>Point 2961</name>
  </wpt>
  <wpt lat="1.351826" lon="103.739519">
    <time>2024-01-01T00:51:56.279Z</time>
    <name>Point 2962</name>
  </wpt>
  <wpt lat="1.352040" lon="103.739460">
    <time>2024-01-01T00:51:57.362Z</time>
    <name>Point 2963</name>
  </wpt>
  <wpt lat="1.352218" lon="103.739370">
    <time>2024-01-01T00:51:58.337Z</time>
    <name>Point 2964</name>
  </wpt>
  <wpt lat="1.352397" lon="103.739281">
    <time>2024-01-01T00:51:59.312Z</time>
    <name>Point 2965</name>
  </wpt>
  <wpt lat="1.352575" lon="103.739191">
    <time>2024-01-01T00:52:00.287Z</time>
    <name>Point 2966</name>
  </wpt>
  <wpt lat="1.352754" lon="103.739101">
    <time>2024-01-01T00:52:01.263Z</time>
    <name>Point 2967</name>
  </wpt>
  <wpt lat="1.352940" lon="103.739013">
    <time>2024-01-01T00:52:02.265Z</time>
    <name>Point 2968</name>
  </wpt>
  <wpt lat="1.353125" lon="103.738926">
    <time>2024-01-01T00:52:03.267Z</time>
    <name>Point 2969</name>
  </wpt>
  <wpt lat="1.353311" lon="103.738838">
    <time>2024-01-01T00:52:04.270Z</time>
    <name>Point 2970</name>
  </wpt>
  <wpt lat="1.353623" lon="103.738741">
    <time>2024-01-01T00:52:05.865Z</time>
    <name>Point 2971</name>
  </wpt>
  <wpt lat="1.353885" lon="103.738725">
    <time>2024-01-01T00:52:07.146Z</time>
    <name>Point 2972</name>
  </wpt>
  <wpt lat="1.354191" lon="103.738784">
    <time>2024-01-01T00:52:08.668Z</time>
    <name>Point 2973</name>
  </wpt>
  <wpt lat="1.354497" lon="103.738875">
    <time>2024-01-01T00:52:10.226Z</time>
    <name>Point 2974</name>
  </wpt>
  <wpt lat="1.354706" lon="103.739026">
    <time>2024-01-01T00:52:11.485Z</time>
    <name>Point 2975</name>
  </wpt>
  <wpt lat="1.355060" lon="103.739283">
    <time>2024-01-01T00:52:13.620Z</time>
    <name>Point 2976</name>
  </wpt>
  <wpt lat="1.355230" lon="103.739417">
    <time>2024-01-01T00:52:14.678Z</time>
    <name>Point 2977</name>
  </wpt>
  <wpt lat="1.355401" lon="103.739552">
    <time>2024-01-01T00:52:15.736Z</time>
    <name>Point 2978</name>
  </wpt>
  <wpt lat="1.355571" lon="103.739686">
    <time>2024-01-01T00:52:16.794Z</time>
    <name>Point 2979</name>
  </wpt>
  <wpt lat="1.355741" lon="103.739820">
    <time>2024-01-01T00:52:17.853Z</time>
    <name>Point 2980</name>
  </wpt>
  <wpt lat="1.355859" lon="103.739868">
    <time>2024-01-01T00:52:18.475Z</time>
    <name>Point 2981</name>
  </wpt>
  <wpt lat="1.355998" lon="103.739868">
    <time>2024-01-01T00:52:19.154Z</time>
    <name>Point 2982</name>
  </wpt>
  <wpt lat="1.356100" lon="103.739841">
    <time>2024-01-01T00:52:19.669Z</time>
    <name>Point 2983</name>
  </wpt>
  <wpt lat="1.356218" lon="103.739787">
    <time>2024-01-01T00:52:20.302Z</time>
    <name>Point 2984</name>
  </wpt>
  <wpt lat="1.356355" lon="103.739630">
    <time>2024-01-01T00:52:21.317Z</time>
    <name>Point 2985</name>
  </wpt>
  <wpt lat="1.356492" lon="103.739474">
    <time>2024-01-01T00:52:22.332Z</time>
    <name>Point 2986</name>
  </wpt>
  <wpt lat="1.356628" lon="103.739317">
    <time>2024-01-01T00:52:23.347Z</time>
    <name>Point 2987</name>
  </wpt>
  <wpt lat="1.356765" lon="103.739161">
    <time>2024-01-01T00:52:24.362Z</time>
    <name>Point 2988</name>
  </wpt>
  <wpt lat="1.356902" lon="103.739004">
    <time>2024-01-01T00:52:25.377Z</time>
    <name>Point 2989</name>
  </wpt>
  <wpt lat="1.357039" lon="103.738847">
    <time>2024-01-01T00:52:26.392Z</time>
    <name>Point 2990</name>
  </wpt>
  <wpt lat="1.357176" lon="103.738691">
    <time>2024-01-01T00:52:27.407Z</time>
    <name>Point 2991</name>
  </wpt>
  <wpt lat="1.357312" lon="103.738534">
    <time>2024-01-01T00:52:28.422Z</time>
    <name>Point 2992</name>
  </wpt>
  <wpt lat="1.357449" lon="103.738378">
    <time>2024-01-01T00:52:29.437Z</time>
    <name>Point 2993</name>
  </wpt>
  <wpt lat="1.357586" lon="103.738221">
    <time>2024-01-01T00:52:30.452Z</time>
    <name>Point 2994</name>
  </wpt>
  <wpt lat="1.357725" lon="103.738081">
    <time>2024-01-01T00:52:31.415Z</time>
    <name>Point 2995</name>
  </wpt>
  <wpt lat="1.357843" lon="103.737963">
    <time>2024-01-01T00:52:32.229Z</time>
    <name>Point 2996</name>
  </wpt>
  <wpt lat="1.358063" lon="103.737722">
    <time>2024-01-01T00:52:33.822Z</time>
    <name>Point 2997</name>
  </wpt>
  <wpt lat="1.358188" lon="103.737597">
    <time>2024-01-01T00:52:34.684Z</time>
    <name>Point 2998</name>
  </wpt>
  <wpt lat="1.358313" lon="103.737472">
    <time>2024-01-01T00:52:35.547Z</time>
    <name>Point 2999</name>
  </wpt>
  <wpt lat="1.358438" lon="103.737347">
    <time>2024-01-01T00:52:36.410Z</time>
    <name>Point 3000</name>
  </wpt>
  <wpt lat="1.358556" lon="103.737218">
    <time>2024-01-01T00:52:37.263Z</time>
    <name>Point 3001</name>
  </wpt>
  <wpt lat="1.358674" lon="103.737089">
    <time>2024-01-01T00:52:38.116Z</time>
    <name>Point 3002</name>
  </wpt>
  <wpt lat="1.358792" lon="103.736960">
    <time>2024-01-01T00:52:38.970Z</time>
    <name>Point 3003</name>
  </wpt>
  <wpt lat="1.358928" lon="103.736819">
    <time>2024-01-01T00:52:39.926Z</time>
    <name>Point 3004</name>
  </wpt>
  <wpt lat="1.359064" lon="103.736678">
    <time>2024-01-01T00:52:40.882Z</time>
    <name>Point 3005</name>
  </wpt>
  <wpt lat="1.359200" lon="103.736537">
    <time>2024-01-01T00:52:41.839Z</time>
    <name>Point 3006</name>
  </wpt>
  <wpt lat="1.359342" lon="103.736392">
    <time>2024-01-01T00:52:42.829Z</time>
    <name>Point 3007</name>
  </wpt>
  <wpt lat="1.359484" lon="103.736247">
    <time>2024-01-01T00:52:43.820Z</time>
    <name>Point 3008</name>
  </wpt>
  <wpt lat="1.359626" lon="103.736102">
    <time>2024-01-01T00:52:44.810Z</time>
    <name>Point 3009</name>
  </wpt>
  <wpt lat="1.359768" lon="103.735957">
    <time>2024-01-01T00:52:45.801Z</time>
    <name>Point 3010</name>
  </wpt>
  <wpt lat="1.359890" lon="103.735810">
    <time>2024-01-01T00:52:46.731Z</time>
    <name>Point 3011</name>
  </wpt>
  <wpt lat="1.360011" lon="103.735664">
    <time>2024-01-01T00:52:47.661Z</time>
    <name>Point 3012</name>
  </wpt>
  <wpt lat="1.360133" lon="103.735517">
    <time>2024-01-01T00:52:48.592Z</time>
    <name>Point 3013</name>
  </wpt>
  <wpt lat="1.360269" lon="103.735374">
    <time>2024-01-01T00:52:49.555Z</time>
    <name>Point 3014</name>
  </wpt>
  <wpt lat="1.360405" lon="103.735231">
    <time>2024-01-01T00:52:50.518Z</time>
    <name>Point 3015</name>
  </wpt>
  <wpt lat="1.360541" lon="103.735088">
    <time>2024-01-01T00:52:51.482Z</time>
    <name>Point 3016</name>
  </wpt>
  <wpt lat="1.360694" lon="103.734928">
    <time>2024-01-01T00:52:52.563Z</time>
    <name>Point 3017</name>
  </wpt>
  <wpt lat="1.360848" lon="103.734768">
    <time>2024-01-01T00:52:53.644Z</time>
    <name>Point 3018</name>
  </wpt>
  <wpt lat="1.361001" lon="103.734609">
    <time>2024-01-01T00:52:54.725Z</time>
    <name>Point 3019</name>
  </wpt>
  <wpt lat="1.361155" lon="103.734449">
    <time>2024-01-01T00:52:55.806Z</time>
    <name>Point 3020</name>
  </wpt>
  <wpt lat="1.361308" lon="103.734289">
    <time>2024-01-01T00:52:56.888Z</time>
    <name>Point 3021</name>
  </wpt>
  <wpt lat="1.361451" lon="103.734148">
    <time>2024-01-01T00:52:57.869Z</time>
    <name>Point 3022</name>
  </wpt>
  <wpt lat="1.361594" lon="103.734006">
    <time>2024-01-01T00:52:58.850Z</time>
    <name>Point 3023</name>
  </wpt>
  <wpt lat="1.361737" lon="103.733865">
    <time>2024-01-01T00:52:59.832Z</time>
    <name>Point 3024</name>
  </wpt>
  <wpt lat="1.361924" lon="103.733495">
    <time>2024-01-01T00:53:01.855Z</time>
    <name>Point 3025</name>
  </wpt>
  <wpt lat="1.362085" lon="103.733184">
    <time>2024-01-01T00:53:03.564Z</time>
    <name>Point 3026</name>
  </wpt>
  <wpt lat="1.362187" lon="103.732916">
    <time>2024-01-01T00:53:04.964Z</time>
    <name>Point 3027</name>
  </wpt>
  <wpt lat="1.362207" lon="103.732767">
    <time>2024-01-01T00:53:05.695Z</time>
    <name>Point 3028</name>
  </wpt>
  <wpt lat="1.362226" lon="103.732619">
    <time>2024-01-01T00:53:06.427Z</time>
    <name>Point 3029</name>
  </wpt>
  <wpt lat="1.362246" lon="103.732470">
    <time>2024-01-01T00:53:07.159Z</time>
    <name>Point 3030</name>
  </wpt>
  <wpt lat="1.362273" lon="103.732084">
    <time>2024-01-01T00:53:09.048Z</time>
    <name>Point 3031</name>
  </wpt>
  <wpt lat="1.362289" lon="103.731687">
    <time>2024-01-01T00:53:10.987Z</time>
    <name>Point 3032</name>
  </wpt>
  <wpt lat="1.362282" lon="103.731466">
    <time>2024-01-01T00:53:12.065Z</time>
    <name>Point 3033</name>
  </wpt>
  <wpt lat="1.362275" lon="103.731245">
    <time>2024-01-01T00:53:13.143Z</time>
    <name>Point 3034</name>
  </wpt>
  <wpt lat="1.362268" lon="103.731024">
    <time>2024-01-01T00:53:14.222Z</time>
    <name>Point 3035</name>
  </wpt>
  <wpt lat="1.362260" lon="103.730804">
    <time>2024-01-01T00:53:15.300Z</time>
    <name>Point 3036</name>
  </wpt>
  <wpt lat="1.362253" lon="103.730583">
    <time>2024-01-01T00:53:16.378Z</time>
    <name>Point 3037</name>
  </wpt>
  <wpt lat="1.362246" lon="103.730362">
    <time>2024-01-01T00:53:17.457Z</time>
    <name>Point 3038</name>
  </wpt>
  <wpt lat="1.362242" lon="103.730162">
    <time>2024-01-01T00:53:18.432Z</time>
    <name>Point 3039</name>
  </wpt>
  <wpt lat="1.362238" lon="103.729962">
    <time>2024-01-01T00:53:19.407Z</time>
    <name>Point 3040</name>
  </wpt>
  <wpt lat="1.362234" lon="103.729763">
    <time>2024-01-01T00:53:20.382Z</time>
    <name>Point 3041</name>
  </wpt>
  <wpt lat="1.362230" lon="103.729563">
    <time>2024-01-01T00:53:21.357Z</time>
    <name>Point 3042</name>
  </wpt>
  <wpt lat="1.362198" lon="103.729144">
    <time>2024-01-01T00:53:23.408Z</time>
    <name>Point 3043</name>
  </wpt>
  <wpt lat="1.362144" lon="103.728903">
    <time>2024-01-01T00:53:24.613Z</time>
    <name>Point 3044</name>
  </wpt>
  <wpt lat="1.362058" lon="103.728645">
    <time>2024-01-01T00:53:25.940Z</time>
    <name>Point 3045</name>
  </wpt>
  <wpt lat="1.361844" lon="103.728517">
    <time>2024-01-01T00:53:27.158Z</time>
    <name>Point 3046</name>
  </wpt>
  <wpt lat="1.361666" lon="103.728439">
    <time>2024-01-01T00:53:28.107Z</time>
    <name>Point 3047</name>
  </wpt>
  <wpt lat="1.361487" lon="103.728362">
    <time>2024-01-01T00:53:29.056Z</time>
    <name>Point 3048</name>
  </wpt>
  <wpt lat="1.361309" lon="103.728284">
    <time>2024-01-01T00:53:30.005Z</time>
    <name>Point 3049</name>
  </wpt>
  <wpt lat="1.361131" lon="103.728206">
    <time>2024-01-01T00:53:30.955Z</time>
    <name>Point 3050</name>
  </wpt>
  <wpt lat="1.360926" lon="103.728137">
    <time>2024-01-01T00:53:32.010Z</time>
    <name>Point 3051</name>
  </wpt>
  <wpt lat="1.360721" lon="103.728068">
    <time>2024-01-01T00:53:33.066Z</time>
    <name>Point 3052</name>
  </wpt>
  <wpt lat="1.360516" lon="103.728000">
    <time>2024-01-01T00:53:34.121Z</time>
    <name>Point 3053</name>
  </wpt>
  <wpt lat="1.360311" lon="103.727931">
    <time>2024-01-01T00:53:35.177Z</time>
    <name>Point 3054</name>
  </wpt>
  <wpt lat="1.360106" lon="103.727862">
    <time>2024-01-01T00:53:36.233Z</time>
    <name>Point 3055</name>
  </wpt>
  <wpt lat="1.359916" lon="103.727785">
    <time>2024-01-01T00:53:37.233Z</time>
    <name>Point 3056</name>
  </wpt>
  <wpt lat="1.359726" lon="103.727708">
    <time>2024-01-01T00:53:38.233Z</time>
    <name>Point 3057</name>
  </wpt>
  <wpt lat="1.359537" lon="103.727630">
    <time>2024-01-01T00:53:39.233Z</time>
    <name>Point 3058</name>
  </wpt>
  <wpt lat="1.359347" lon="103.727553">
    <time>2024-01-01T00:53:40.233Z</time>
    <name>Point 3059</name>
  </wpt>
  <wpt lat="1.359157" lon="103.727476">
    <time>2024-01-01T00:53:41.234Z</time>
    <name>Point 3060</name>
  </wpt>
  <wpt lat="1.358830" lon="103.727358">
    <time>2024-01-01T00:53:42.931Z</time>
    <name>Point 3061</name>
  </wpt>
  <wpt lat="1.358755" lon="103.727294">
    <time>2024-01-01T00:53:43.412Z</time>
    <name>Point 3062</name>
  </wpt>
  <wpt lat="1.358787" lon="103.727181">
    <time>2024-01-01T00:53:43.985Z</time>
    <name>Point 3063</name>
  </wpt>
  <wpt lat="1.358905" lon="103.727197">
    <time>2024-01-01T00:53:44.567Z</time>
    <name>Point 3064</name>
  </wpt>
  <wpt lat="1.359195" lon="103.727326">
    <time>2024-01-01T00:53:46.116Z</time>
    <name>Point 3065</name>
  </wpt>
  <wpt lat="1.359395" lon="103.727411">
    <time>2024-01-01T00:53:47.174Z</time>
    <name>Point 3066</name>
  </wpt>
  <wpt lat="1.359595" lon="103.727495">
    <time>2024-01-01T00:53:48.233Z</time>
    <name>Point 3067</name>
  </wpt>
  <wpt lat="1.359794" lon="103.727580">
    <time>2024-01-01T00:53:49.292Z</time>
    <name>Point 3068</name>
  </wpt>
  <wpt lat="1.359994" lon="103.727664">
    <time>2024-01-01T00:53:50.351Z</time>
    <name>Point 3069</name>
  </wpt>
  <wpt lat="1.360193" lon="103.727738">
    <time>2024-01-01T00:53:51.388Z</time>
    <name>Point 3070</name>
  </wpt>
  <wpt lat="1.360393" lon="103.727811">
    <time>2024-01-01T00:53:52.426Z</time>
    <name>Point 3071</name>
  </wpt>
  <wpt lat="1.360592" lon="103.727885">
    <time>2024-01-01T00:53:53.464Z</time>
    <name>Point 3072</name>
  </wpt>
  <wpt lat="1.360792" lon="103.727958">
    <time>2024-01-01T00:53:54.502Z</time>
    <name>Point 3073</name>
  </wpt>
  <wpt lat="1.360991" lon="103.728032">
    <time>2024-01-01T00:53:55.540Z</time>
    <name>Point 3074</name>
  </wpt>
  <wpt lat="1.361191" lon="103.728105">
    <time>2024-01-01T00:53:56.578Z</time>
    <name>Point 3075</name>
  </wpt>
  <wpt lat="1.361390" lon="103.728178">
    <time>2024-01-01T00:53:57.616Z</time>
    <name>Point 3076</name>
  </wpt>
  <wpt lat="1.361590" lon="103.728252">
    <time>2024-01-01T00:53:58.654Z</time>
    <name>Point 3077</name>
  </wpt>
  <wpt lat="1.361789" lon="103.728325">
    <time>2024-01-01T00:53:59.692Z</time>
    <name>Point 3078</name>
  </wpt>
  <wpt lat="1.361989" lon="103.728399">
    <time>2024-01-01T00:54:00.730Z</time>
    <name>Point 3079</name>
  </wpt>
  <wpt lat="1.362289" lon="103.728501">
    <time>2024-01-01T00:54:02.276Z</time>
    <name>Point 3080</name>
  </wpt>
  <wpt lat="1.362396" lon="103.728581">
    <time>2024-01-01T00:54:02.928Z</time>
    <name>Point 3081</name>
  </wpt>
  <wpt lat="1.362407" lon="103.728769">
    <time>2024-01-01T00:54:03.848Z</time>
    <name>Point 3082</name>
  </wpt>
  <wpt lat="1.362407" lon="103.728982">
    <time>2024-01-01T00:54:04.885Z</time>
    <name>Point 3083</name>
  </wpt>
  <wpt lat="1.362407" lon="103.729194">
    <time>2024-01-01T00:54:05.922Z</time>
    <name>Point 3084</name>
  </wpt>
  <wpt lat="1.362407" lon="103.729407">
    <time>2024-01-01T00:54:06.959Z</time>
    <name>Point 3085</name>
  </wpt>
  <wpt lat="1.362407" lon="103.729619">
    <time>2024-01-01T00:54:07.996Z</time>
    <name>Point 3086</name>
  </wpt>
  <wpt lat="1.362407" lon="103.729832">
    <time>2024-01-01T00:54:09.034Z</time>
    <name>Point 3087</name>
  </wpt>
  <wpt lat="1.362407" lon="103.730044">
    <time>2024-01-01T00:54:10.071Z</time>
    <name>Point 3088</name>
  </wpt>
  <wpt lat="1.362407" lon="103.730257">
    <time>2024-01-01T00:54:11.108Z</time>
    <name>Point 3089</name>
  </wpt>
  <wpt lat="1.362407" lon="103.730469">
    <time>2024-01-01T00:54:12.145Z</time>
    <name>Point 3090</name>
  </wpt>
  <wpt lat="1.362407" lon="103.730682">
    <time>2024-01-01T00:54:13.183Z</time>
    <name>Point 3091</name>
  </wpt>
  <wpt lat="1.362407" lon="103.730894">
    <time>2024-01-01T00:54:14.220Z</time>
    <name>Point 3092</name>
  </wpt>
  <wpt lat="1.362407" lon="103.731107">
    <time>2024-01-01T00:54:15.257Z</time>
    <name>Point 3093</name>
  </wpt>
  <wpt lat="1.362407" lon="103.731319">
    <time>2024-01-01T00:54:16.294Z</time>
    <name>Point 3094</name>
  </wpt>
  <wpt lat="1.362407" lon="103.731532">
    <time>2024-01-01T00:54:17.332Z</time>
    <name>Point 3095</name>
  </wpt>
  <wpt lat="1.362407" lon="103.731757">
    <time>2024-01-01T00:54:18.430Z</time>
    <name>Point 3096</name>
  </wpt>
  <wpt lat="1.362402" lon="103.732046">
    <time>2024-01-01T00:54:19.841Z</time>
    <name>Point 3097</name>
  </wpt>
  <wpt lat="1.362380" lon="103.732401">
    <time>2024-01-01T00:54:21.577Z</time>
    <name>Point 3098</name>
  </wpt>
  <wpt lat="1.362321" lon="103.732792">
    <time>2024-01-01T00:54:23.506Z</time>
    <name>Point 3099</name>
  </wpt>
  <wpt lat="1.362246" lon="103.733087">
    <time>2024-01-01T00:54:24.992Z</time>
    <name>Point 3100</name>
  </wpt>
  <wpt lat="1.362160" lon="103.733388">
    <time>2024-01-01T00:54:26.520Z</time>
    <name>Point 3101</name>
  </wpt>
  <wpt lat="1.361978" lon="103.733720">
    <time>2024-01-01T00:54:28.368Z</time>
    <name>Point 3102</name>
  </wpt>
  <wpt lat="1.361850" lon="103.733870">
    <time>2024-01-01T00:54:29.329Z</time>
    <name>Point 3103</name>
  </wpt>
  <wpt lat="1.361723" lon="103.734020">
    <time>2024-01-01T00:54:30.291Z</time>
    <name>Point 3104</name>
  </wpt>
  <wpt lat="1.361595" lon="103.734171">
    <time>2024-01-01T00:54:31.253Z</time>
    <name>Point 3105</name>
  </wpt>
  <wpt lat="1.361468" lon="103.734321">
    <time>2024-01-01T00:54:32.215Z</time>
    <name>Point 3106</name>
  </wpt>
  <wpt lat="1.361328" lon="103.734468">
    <time>2024-01-01T00:54:33.207Z</time>
    <name>Point 3107</name>
  </wpt>
  <wpt lat="1.361187" lon="103.734615">
    <time>2024-01-01T00:54:34.199Z</time>
    <name>Point 3108</name>
  </wpt>
  <wpt lat="1.361047" lon="103.734762">
    <time>2024-01-01T00:54:35.191Z</time>
    <name>Point 3109</name>
  </wpt>
  <wpt lat="1.360906" lon="103.734909">
    <time>2024-01-01T00:54:36.183Z</time>
    <name>Point 3110</name>
  </wpt>
  <wpt lat="1.360766" lon="103.735056">
    <time>2024-01-01T00:54:37.176Z</time>
    <name>Point 3111</name>
  </wpt>
  <wpt lat="1.360622" lon="103.735209">
    <time>2024-01-01T00:54:38.202Z</time>
    <name>Point 3112</name>
  </wpt>
  <wpt lat="1.360478" lon="103.735363">
    <time>2024-01-01T00:54:39.228Z</time>
    <name>Point 3113</name>
  </wpt>
  <wpt lat="1.360335" lon="103.735516">
    <time>2024-01-01T00:54:40.254Z</time>
    <name>Point 3114</name>
  </wpt>
  <wpt lat="1.360191" lon="103.735670">
    <time>2024-01-01T00:54:41.280Z</time>
    <name>Point 3115</name>
  </wpt>
  <wpt lat="1.360047" lon="103.735823">
    <time>2024-01-01T00:54:42.307Z</time>
    <name>Point 3116</name>
  </wpt>
  <wpt lat="1.359906" lon="103.735977">
    <time>2024-01-01T00:54:43.325Z</time>
    <name>Point 3117</name>
  </wpt>
  <wpt lat="1.359766" lon="103.736132">
    <time>2024-01-01T00:54:44.344Z</time>
    <name>Point 3118</name>
  </wpt>
  <wpt lat="1.359625" lon="103.736286">
    <time>2024-01-01T00:54:45.363Z</time>
    <name>Point 3119</name>
  </wpt>
  <wpt lat="1.359485" lon="103.736440">
    <time>2024-01-01T00:54:46.382Z</time>
    <name>Point 3120</name>
  </wpt>
  <wpt lat="1.359344" lon="103.736595">
    <time>2024-01-01T00:54:47.401Z</time>
    <name>Point 3121</name>
  </wpt>
  <wpt lat="1.359204" lon="103.736749">
    <time>2024-01-01T00:54:48.420Z</time>
    <name>Point 3122</name>
  </wpt>
  <wpt lat="1.359063" lon="103.736903">
    <time>2024-01-01T00:54:49.439Z</time>
    <name>Point 3123</name>
  </wpt>
  <wpt lat="1.358923" lon="103.737058">
    <time>2024-01-01T00:54:50.458Z</time>
    <name>Point 3124</name>
  </wpt>
  <wpt lat="1.358782" lon="103.737212">
    <time>2024-01-01T00:54:51.477Z</time>
    <name>Point 3125</name>
  </wpt>
  <wpt lat="1.358644" lon="103.737358">
    <time>2024-01-01T00:54:52.459Z</time>
    <name>Point 3126</name>
  </wpt>
  <wpt lat="1.358505" lon="103.737505">
    <time>2024-01-01T00:54:53.441Z</time>
    <name>Point 3127</name>
  </wpt>
  <wpt lat="1.358367" lon="103.737651">
    <time>2024-01-01T00:54:54.423Z</time>
    <name>Point 3128</name>
  </wpt>
  <wpt lat="1.358229" lon="103.737797">
    <time>2024-01-01T00:54:55.406Z</time>
    <name>Point 3129</name>
  </wpt>
  <wpt lat="1.358219" lon="103.737942">
    <time>2024-01-01T00:54:56.116Z</time>
    <name>Point 3130</name>
  </wpt>
  <wpt lat="1.358213" lon="103.738098">
    <time>2024-01-01T00:54:56.878Z</time>
    <name>Point 3131</name>
  </wpt>
  <wpt lat="1.358353" lon="103.738307">
    <time>2024-01-01T00:54:58.105Z</time>
    <name>Point 3132</name>
  </wpt>
  <wpt lat="1.358497" lon="103.738409">
    <time>2024-01-01T00:54:58.967Z</time>
    <name>Point 3133</name>
  </wpt>
  <wpt lat="1.358639" lon="103.738555">
    <time>2024-01-01T00:54:59.962Z</time>
    <name>Point 3134</name>
  </wpt>
  <wpt lat="1.358782" lon="103.738701">
    <time>2024-01-01T00:55:00.957Z</time>
    <name>Point 3135</name>
  </wpt>
  <wpt lat="1.358924" lon="103.738847">
    <time>2024-01-01T00:55:01.952Z</time>
    <name>Point 3136</name>
  </wpt>
  <wpt lat="1.359066" lon="103.738993">
    <time>2024-01-01T00:55:02.947Z</time>
    <name>Point 3137</name>
  </wpt>
  <wpt lat="1.359235" lon="103.739133">
    <time>2024-01-01T00:55:04.019Z</time>
    <name>Point 3138</name>
  </wpt>
  <wpt lat="1.359404" lon="103.739274">
    <time>2024-01-01T00:55:05.091Z</time>
    <name>Point 3139</name>
  </wpt>
  <wpt lat="1.359573" lon="103.739414">
    <time>2024-01-01T00:55:06.163Z</time>
    <name>Point 3140</name>
  </wpt>
  <wpt lat="1.359741" lon="103.739555">
    <time>2024-01-01T00:55:07.235Z</time>
    <name>Point 3141</name>
  </wpt>
  <wpt lat="1.359910" lon="103.739695">
    <time>2024-01-01T00:55:08.307Z</time>
    <name>Point 3142</name>
  </wpt>
  <wpt lat="1.360079" lon="103.739836">
    <time>2024-01-01T00:55:09.379Z</time>
    <name>Point 3143</name>
  </wpt>
  <wpt lat="1.360171" lon="103.739916">
    <time>2024-01-01T00:55:09.975Z</time>
    <name>Point 3144</name>
  </wpt>
  <wpt lat="1.360321" lon="103.739911">
    <time>2024-01-01T00:55:10.707Z</time>
    <name>Point 3145</name>
  </wpt>
  <wpt lat="1.360466" lon="103.739921">
    <time>2024-01-01T00:55:11.417Z</time>
    <name>Point 3146</name>
  </wpt>
  <wpt lat="1.360702" lon="103.739653">
    <time>2024-01-01T00:55:13.160Z</time>
    <name>Point 3147</name>
  </wpt>
  <wpt lat="1.360802" lon="103.739533">
    <time>2024-01-01T00:55:13.921Z</time>
    <name>Point 3148</name>
  </wpt>
  <wpt lat="1.360902" lon="103.739414">
    <time>2024-01-01T00:55:14.682Z</time>
    <name>Point 3149</name>
  </wpt>
  <wpt lat="1.361002" lon="103.739294">
    <time>2024-01-01T00:55:15.443Z</time>
    <name>Point 3150</name>
  </wpt>
  <wpt lat="1.361141" lon="103.739117">
    <time>2024-01-01T00:55:16.542Z</time>
    <name>Point 3151</name>
  </wpt>
  <wpt lat="1.361190" lon="103.738929">
    <time>2024-01-01T00:55:17.490Z</time>
    <name>Point 3152</name>
  </wpt>
  <wpt lat="1.361291" lon="103.738849">
    <time>2024-01-01T00:55:18.119Z</time>
    <name>Point 3153</name>
  </wpt>
  <wpt lat="1.361442" lon="103.738795">
    <time>2024-01-01T00:55:18.902Z</time>
    <name>Point 3154</name>
  </wpt>
  <wpt lat="1.361651" lon="103.738516">
    <time>2024-01-01T00:55:20.603Z</time>
    <name>Point 3155</name>
  </wpt>
  <wpt lat="1.361782" lon="103.738359">
    <time>2024-01-01T00:55:21.599Z</time>
    <name>Point 3156</name>
  </wpt>
  <wpt lat="1.361912" lon="103.738202">
    <time>2024-01-01T00:55:22.596Z</time>
    <name>Point 3157</name>
  </wpt>
  <wpt lat="1.362043" lon="103.738045">
    <time>2024-01-01T00:55:23.593Z</time>
    <name>Point 3158</name>
  </wpt>
  <wpt lat="1.362174" lon="103.737888">
    <time>2024-01-01T00:55:24.590Z</time>
    <name>Point 3159</name>
  </wpt>
  <wpt lat="1.362305" lon="103.737732">
    <time>2024-01-01T00:55:25.586Z</time>
    <name>Point 3160</name>
  </wpt>
  <wpt lat="1.362436" lon="103.737575">
    <time>2024-01-01T00:55:26.583Z</time>
    <name>Point 3161</name>
  </wpt>
  <wpt lat="1.362566" lon="103.737418">
    <time>2024-01-01T00:55:27.580Z</time>
    <name>Point 3162</name>
  </wpt>
  <wpt lat="1.362697" lon="103.737261">
    <time>2024-01-01T00:55:28.577Z</time>
    <name>Point 3163</name>
  </wpt>
  <wpt lat="1.362821" lon="103.737110">
    <time>2024-01-01T00:55:29.534Z</time>
    <name>Point 3164</name>
  </wpt>
  <wpt lat="1.362946" lon="103.736958">
    <time>2024-01-01T00:55:30.491Z</time>
    <name>Point 3165</name>
  </wpt>
  <wpt lat="1.363071" lon="103.736807">
    <time>2024-01-01T00:55:31.448Z</time>
    <name>Point 3166</name>
  </wpt>
  <wpt lat="1.363195" lon="103.736655">
    <time>2024-01-01T00:55:32.406Z</time>
    <name>Point 3167</name>
  </wpt>
  <wpt lat="1.363327" lon="103.736494">
    <time>2024-01-01T00:55:33.423Z</time>
    <name>Point 3168</name>
  </wpt>
  <wpt lat="1.363460" lon="103.736333">
    <time>2024-01-01T00:55:34.440Z</time>
    <name>Point 3169</name>
  </wpt>
  <wpt lat="1.363592" lon="103.736172">
    <time>2024-01-01T00:55:35.457Z</time>
    <name>Point 3170</name>
  </wpt>
  <wpt lat="1.363860" lon="103.735877">
    <time>2024-01-01T00:55:37.403Z</time>
    <name>Point 3171</name>
  </wpt>
  <wpt lat="1.364118" lon="103.735512">
    <time>2024-01-01T00:55:39.584Z</time>
    <name>Point 3172</name>
  </wpt>
  <wpt lat="1.364322" lon="103.735190">
    <time>2024-01-01T00:55:41.445Z</time>
    <name>Point 3173</name>
  </wpt>
  <wpt lat="1.364380" lon="103.735018">
    <time>2024-01-01T00:55:42.331Z</time>
    <name>Point 3174</name>
  </wpt>
  <wpt lat="1.364520" lon="103.734686">
    <time>2024-01-01T00:55:44.089Z</time>
    <name>Point 3175</name>
  </wpt>
  <wpt lat="1.364595" lon="103.734423">
    <time>2024-01-01T00:55:45.424Z</time>
    <name>Point 3176</name>
  </wpt>
  <wpt lat="1.364649" lon="103.734176">
    <time>2024-01-01T00:55:46.658Z</time>
    <name>Point 3177</name>
  </wpt>
  <wpt lat="1.364692" lon="103.733876">
    <time>2024-01-01T00:55:48.137Z</time>
    <name>Point 3178</name>
  </wpt>
  <wpt lat="1.364761" lon="103.733790">
    <time>2024-01-01T00:55:48.675Z</time>
    <name>Point 3179</name>
  </wpt>
  <wpt lat="1.364810" lon="103.733865">
    <time>2024-01-01T00:55:49.112Z</time>
    <name>Point 3180</name>
  </wpt>
  <wpt lat="1.364767" lon="103.734144">
    <time>2024-01-01T00:55:50.490Z</time>
    <name>Point 3181</name>
  </wpt>
  <wpt lat="1.364729" lon="103.734312">
    <time>2024-01-01T00:55:51.330Z</time>
    <name>Point 3182</name>
  </wpt>
  <wpt lat="1.364692" lon="103.734480">
    <time>2024-01-01T00:55:52.170Z</time>
    <name>Point 3183</name>
  </wpt>
  <wpt lat="1.364654" lon="103.734648">
    <time>2024-01-01T00:55:53.011Z</time>
    <name>Point 3184</name>
  </wpt>
  <wpt lat="1.364552" lon="103.734900">
    <time>2024-01-01T00:55:54.338Z</time>
    <name>Point 3185</name>
  </wpt>
  <wpt lat="1.364456" lon="103.735115">
    <time>2024-01-01T00:55:55.487Z</time>
    <name>Point 3186</name>
  </wpt>
  <wpt lat="1.364246" lon="103.735490">
    <time>2024-01-01T00:55:57.585Z</time>
    <name>Point 3187</name>
  </wpt>
  <wpt lat="1.364048" lon="103.735796">
    <time>2024-01-01T00:55:59.363Z</time>
    <name>Point 3188</name>
  </wpt>
  <wpt lat="1.363780" lon="103.736113">
    <time>2024-01-01T00:56:01.390Z</time>
    <name>Point 3189</name>
  </wpt>
  <wpt lat="1.363662" lon="103.736256">
    <time>2024-01-01T00:56:02.294Z</time>
    <name>Point 3190</name>
  </wpt>
  <wpt lat="1.363544" lon="103.736399">
    <time>2024-01-01T00:56:03.199Z</time>
    <name>Point 3191</name>
  </wpt>
  <wpt lat="1.363426" lon="103.736542">
    <time>2024-01-01T00:56:04.104Z</time>
    <name>Point 3192</name>
  </wpt>
  <wpt lat="1.363290" lon="103.736701">
    <time>2024-01-01T00:56:05.125Z</time>
    <name>Point 3193</name>
  </wpt>
  <wpt lat="1.363154" lon="103.736860">
    <time>2024-01-01T00:56:06.146Z</time>
    <name>Point 3194</name>
  </wpt>
  <wpt lat="1.363018" lon="103.737019">
    <time>2024-01-01T00:56:07.168Z</time>
    <name>Point 3195</name>
  </wpt>
  <wpt lat="1.362886" lon="103.737171">
    <time>2024-01-01T00:56:08.151Z</time>
    <name>Point 3196</name>
  </wpt>
  <wpt lat="1.362754" lon="103.737324">
    <time>2024-01-01T00:56:09.134Z</time>
    <name>Point 3197</name>
  </wpt>
  <wpt lat="1.362623" lon="103.737476">
    <time>2024-01-01T00:56:10.118Z</time>
    <name>Point 3198</name>
  </wpt>
  <wpt lat="1.362491" lon="103.737629">
    <time>2024-01-01T00:56:11.101Z</time>
    <name>Point 3199</name>
  </wpt>
  <wpt lat="1.362359" lon="103.737781">
    <time>2024-01-01T00:56:12.085Z</time>
    <name>Point 3200</name>
  </wpt>
  <wpt lat="1.362218" lon="103.737950">
    <time>2024-01-01T00:56:13.158Z</time>
    <name>Point 3201</name>
  </wpt>
  <wpt lat="1.362078" lon="103.738119">
    <time>2024-01-01T00:56:14.232Z</time>
    <name>Point 3202</name>
  </wpt>
  <wpt lat="1.361937" lon="103.738288">
    <time>2024-01-01T00:56:15.305Z</time>
    <name>Point 3203</name>
  </wpt>
  <wpt lat="1.361796" lon="103.738457">
    <time>2024-01-01T00:56:16.379Z</time>
    <name>Point 3204</name>
  </wpt>
  <wpt lat="1.361560" lon="103.738741">
    <time>2024-01-01T00:56:18.181Z</time>
    <name>Point 3205</name>
  </wpt>
  <wpt lat="1.361458" lon="103.738918">
    <time>2024-01-01T00:56:19.179Z</time>
    <name>Point 3206</name>
  </wpt>
  <wpt lat="1.361420" lon="103.739069">
    <time>2024-01-01T00:56:19.938Z</time>
    <name>Point 3207</name>
  </wpt>
  <wpt lat="1.361313" lon="103.739149">
    <time>2024-01-01T00:56:20.591Z</time>
    <name>Point 3208</name>
  </wpt>
  <wpt lat="1.361184" lon="103.739229">
    <time>2024-01-01T00:56:21.332Z</time>
    <name>Point 3209</name>
  </wpt>
  <wpt lat="1.361072" lon="103.739369">
    <time>2024-01-01T00:56:22.207Z</time>
    <name>Point 3210</name>
  </wpt>
  <wpt lat="1.360905" lon="103.739551">
    <time>2024-01-01T00:56:23.412Z</time>
    <name>Point 3211</name>
  </wpt>
  <wpt lat="1.360600" lon="103.739879">
    <time>2024-01-01T00:56:25.598Z</time>
    <name>Point 3212</name>
  </wpt>
  <wpt lat="1.360546" lon="103.740045">
    <time>2024-01-01T00:56:26.450Z</time>
    <name>Point 3213</name>
  </wpt>
  <wpt lat="1.360567" lon="103.740211">
    <time>2024-01-01T00:56:27.267Z</time>
    <name>Point 3214</name>
  </wpt>
  <wpt lat="1.360648" lon="103.740388">
    <time>2024-01-01T00:56:28.217Z</time>
    <name>Point 3215</name>
  </wpt>
  <wpt lat="1.360873" lon="103.740597">
    <time>2024-01-01T00:56:29.716Z</time>
    <name>Point 3216</name>
  </wpt>
  <wpt lat="1.361002" lon="103.740699">
    <time>2024-01-01T00:56:30.517Z</time>
    <name>Point 3217</name>
  </wpt>
  <wpt lat="1.361130" lon="103.740801">
    <time>2024-01-01T00:56:31.318Z</time>
    <name>Point 3218</name>
  </wpt>
  <wpt lat="1.361259" lon="103.740903">
    <time>2024-01-01T00:56:32.120Z</time>
    <name>Point 3219</name>
  </wpt>
  <wpt lat="1.361431" lon="103.741038">
    <time>2024-01-01T00:56:33.186Z</time>
    <name>Point 3220</name>
  </wpt>
  <wpt lat="1.361602" lon="103.741173">
    <time>2024-01-01T00:56:34.252Z</time>
    <name>Point 3221</name>
  </wpt>
  <wpt lat="1.361774" lon="103.741309">
    <time>2024-01-01T00:56:35.319Z</time>
    <name>Point 3222</name>
  </wpt>
  <wpt lat="1.361945" lon="103.741444">
    <time>2024-01-01T00:56:36.385Z</time>
    <name>Point 3223</name>
  </wpt>
  <wpt lat="1.362117" lon="103.741579">
    <time>2024-01-01T00:56:37.452Z</time>
    <name>Point 3224</name>
  </wpt>
  <wpt lat="1.362270" lon="103.741698">
    <time>2024-01-01T00:56:38.399Z</time>
    <name>Point 3225</name>
  </wpt>
  <wpt lat="1.362423" lon="103.741817">
    <time>2024-01-01T00:56:39.346Z</time>
    <name>Point 3226</name>
  </wpt>
  <wpt lat="1.362576" lon="103.741937">
    <time>2024-01-01T00:56:40.293Z</time>
    <name>Point 3227</name>
  </wpt>
  <wpt lat="1.362729" lon="103.742056">
    <time>2024-01-01T00:56:41.240Z</time>
    <name>Point 3228</name>
  </wpt>
  <wpt lat="1.362788" lon="103.742164">
    <time>2024-01-01T00:56:41.840Z</time>
    <name>Point 3229</name>
  </wpt>
  <wpt lat="1.362718" lon="103.742276">
    <time>2024-01-01T00:56:42.485Z</time>
    <name>Point 3230</name>
  </wpt>
  <wpt lat="1.362584" lon="103.742443">
    <time>2024-01-01T00:56:43.530Z</time>
    <name>Point 3231</name>
  </wpt>
  <wpt lat="1.362273" lon="103.742754">
    <time>2024-01-01T00:56:45.677Z</time>
    <name>Point 3232</name>
  </wpt>
  <wpt lat="1.362167" lon="103.742901">
    <time>2024-01-01T00:56:46.559Z</time>
    <name>Point 3233</name>
  </wpt>
  <wpt lat="1.362062" lon="103.743047">
    <time>2024-01-01T00:56:47.441Z</time>
    <name>Point 3234</name>
  </wpt>
  <wpt lat="1.361956" lon="103.743194">
    <time>2024-01-01T00:56:48.324Z</time>
    <name>Point 3235</name>
  </wpt>
  <wpt lat="1.361763" lon="103.743580">
    <time>2024-01-01T00:56:50.430Z</time>
    <name>Point 3236</name>
  </wpt>
  <wpt lat="1.361676" lon="103.743780">
    <time>2024-01-01T00:56:51.496Z</time>
    <name>Point 3237</name>
  </wpt>
  <wpt lat="1.361588" lon="103.743981">
    <time>2024-01-01T00:56:52.563Z</time>
    <name>Point 3238</name>
  </wpt>
  <wpt lat="1.361501" lon="103.744181">
    <time>2024-01-01T00:56:53.630Z</time>
    <name>Point 3239</name>
  </wpt>
  <wpt lat="1.361433" lon="103.744354">
    <time>2024-01-01T00:56:54.538Z</time>
    <name>Point 3240</name>
  </wpt>
  <wpt lat="1.361364" lon="103.744527">
    <time>2024-01-01T00:56:55.446Z</time>
    <name>Point 3241</name>
  </wpt>
  <wpt lat="1.361295" lon="103.744700">
    <time>2024-01-01T00:56:56.354Z</time>
    <name>Point 3242</name>
  </wpt>
  <wpt lat="1.361227" lon="103.744873">
    <time>2024-01-01T00:56:57.262Z</time>
    <name>Point 3243</name>
  </wpt>
  <wpt lat="1.361093" lon="103.745157">
    <time>2024-01-01T00:56:58.795Z</time>
    <name>Point 3244</name>
  </wpt>
  <wpt lat="1.360900" lon="103.745425">
    <time>2024-01-01T00:57:00.407Z</time>
    <name>Point 3245</name>
  </wpt>
  <wpt lat="1.360626" lon="103.745677">
    <time>2024-01-01T00:57:02.224Z</time>
    <name>Point 3246</name>
  </wpt>
  <wpt lat="1.360326" lon="103.745903">
    <time>2024-01-01T00:57:04.057Z</time>
    <name>Point 3247</name>
  </wpt>
  <wpt lat="1.360090" lon="103.746144">
    <time>2024-01-01T00:57:05.704Z</time>
    <name>Point 3248</name>
  </wpt>
  <wpt lat="1.359924" lon="103.746321">
    <time>2024-01-01T00:57:06.888Z</time>
    <name>Point 3249</name>
  </wpt>
  <wpt lat="1.359709" lon="103.746552">
    <time>2024-01-01T00:57:08.428Z</time>
    <name>Point 3250</name>
  </wpt>
  <wpt lat="1.359425" lon="103.746863">
    <time>2024-01-01T00:57:10.484Z</time>
    <name>Point 3251</name>
  </wpt>
  <wpt lat="1.359130" lon="103.747078">
    <time>2024-01-01T00:57:12.266Z</time>
    <name>Point 3252</name>
  </wpt>
  <wpt lat="1.358771" lon="103.747228">
    <time>2024-01-01T00:57:14.165Z</time>
    <name>Point 3253</name>
  </wpt>
  <wpt lat="1.358567" lon="103.747276">
    <time>2024-01-01T00:57:15.188Z</time>
    <name>Point 3254</name>
  </wpt>
  <wpt lat="1.358372" lon="103.747286">
    <time>2024-01-01T00:57:16.138Z</time>
    <name>Point 3255</name>
  </wpt>
  <wpt lat="1.358178" lon="103.747295">
    <time>2024-01-01T00:57:17.089Z</time>
    <name>Point 3256</name>
  </wpt>
  <wpt lat="1.357984" lon="103.747304">
    <time>2024-01-01T00:57:18.040Z</time>
    <name>Point 3257</name>
  </wpt>
  <wpt lat="1.357789" lon="103.747314">
    <time>2024-01-01T00:57:18.991Z</time>
    <name>Point 3258</name>
  </wpt>
  <wpt lat="1.357584" lon="103.747323">
    <time>2024-01-01T00:57:19.994Z</time>
    <name>Point 3259</name>
  </wpt>
  <wpt lat="1.357378" lon="103.747331">
    <time>2024-01-01T00:57:20.997Z</time>
    <name>Point 3260</name>
  </wpt>
  <wpt lat="1.357173" lon="103.747340">
    <time>2024-01-01T00:57:22.000Z</time>
    <name>Point 3261</name>
  </wpt>
  <wpt lat="1.356985" lon="103.747346">
    <time>2024-01-01T00:57:22.916Z</time>
    <name>Point 3262</name>
  </wpt>
  <wpt lat="1.356798" lon="103.747351">
    <time>2024-01-01T00:57:23.833Z</time>
    <name>Point 3263</name>
  </wpt>
  <wpt lat="1.356610" lon="103.747357">
    <time>2024-01-01T00:57:24.750Z</time>
    <name>Point 3264</name>
  </wpt>
  <wpt lat="1.356492" lon="103.747373">
    <time>2024-01-01T00:57:25.331Z</time>
    <name>Point 3265</name>
  </wpt>
  <wpt lat="1.356492" lon="103.747593">
    <time>2024-01-01T00:57:26.405Z</time>
    <name>Point 3266</name>
  </wpt>
  <wpt lat="1.356501" lon="103.747799">
    <time>2024-01-01T00:57:27.413Z</time>
    <name>Point 3267</name>
  </wpt>
  <wpt lat="1.356511" lon="103.748006">
    <time>2024-01-01T00:57:28.422Z</time>
    <name>Point 3268</name>
  </wpt>
  <wpt lat="1.356520" lon="103.748212">
    <time>2024-01-01T00:57:29.431Z</time>
    <name>Point 3269</name>
  </wpt>
  <wpt lat="1.356529" lon="103.748419">
    <time>2024-01-01T00:57:30.440Z</time>
    <name>Point 3270</name>
  </wpt>
  <wpt lat="1.356539" lon="103.748608">
    <time>2024-01-01T00:57:31.362Z</time>
    <name>Point 3271</name>
  </wpt>
  <wpt lat="1.356548" lon="103.748797">
    <time>2024-01-01T00:57:32.285Z</time>
    <name>Point 3272</name>
  </wpt>
  <wpt lat="1.356558" lon="103.748985">
    <time>2024-01-01T00:57:33.207Z</time>
    <name>Point 3273</name>
  </wpt>
  <wpt lat="1.356567" lon="103.749174">
    <time>2024-01-01T00:57:34.130Z</time>
    <name>Point 3274</name>
  </wpt>
  <wpt lat="1.356577" lon="103.749363">
    <time>2024-01-01T00:57:35.053Z</time>
    <name>Point 3275</name>
  </wpt>
  <wpt lat="1.356615" lon="103.749722">
    <time>2024-01-01T00:57:36.815Z</time>
    <name>Point 3276</name>
  </wpt>
  <wpt lat="1.356717" lon="103.750039">
    <time>2024-01-01T00:57:38.440Z</time>
    <name>Point 3277</name>
  </wpt>
  <wpt lat="1.356819" lon="103.750205">
    <time>2024-01-01T00:57:39.391Z</time>
    <name>Point 3278</name>
  </wpt>
  <wpt lat="1.356942" lon="103.750323">
    <time>2024-01-01T00:57:40.223Z</time>
    <name>Point 3279</name>
  </wpt>
  <wpt lat="1.357232" lon="103.750597">
    <time>2024-01-01T00:57:42.171Z</time>
    <name>Point 3280</name>
  </wpt>
  <wpt lat="1.357379" lon="103.750736">
    <time>2024-01-01T00:57:43.158Z</time>
    <name>Point 3281</name>
  </wpt>
  <wpt lat="1.357525" lon="103.750876">
    <time>2024-01-01T00:57:44.145Z</time>
    <name>Point 3282</name>
  </wpt>
  <wpt lat="1.357672" lon="103.751015">
    <time>2024-01-01T00:57:45.133Z</time>
    <name>Point 3283</name>
  </wpt>
  <wpt lat="1.357977" lon="103.751299">
    <time>2024-01-01T00:57:47.167Z</time>
    <name>Point 3284</name>
  </wpt>
  <wpt lat="1.358251" lon="103.751423">
    <time>2024-01-01T00:57:48.635Z</time>
    <name>Point 3285</name>
  </wpt>
  <wpt lat="1.358481" lon="103.751514">
    <time>2024-01-01T00:57:49.843Z</time>
    <name>Point 3286</name>
  </wpt>
  <wpt lat="1.358701" lon="103.751541">
    <time>2024-01-01T00:57:50.925Z</time>
    <name>Point 3287</name>
  </wpt>
  <wpt lat="1.358985" lon="103.751546">
    <time>2024-01-01T00:57:52.311Z</time>
    <name>Point 3288</name>
  </wpt>
  <wpt lat="1.359200" lon="103.751535">
    <time>2024-01-01T00:57:53.360Z</time>
    <name>Point 3289</name>
  </wpt>
  <wpt lat="1.359414" lon="103.751525">
    <time>2024-01-01T00:57:54.409Z</time>
    <name>Point 3290</name>
  </wpt>
  <wpt lat="1.359629" lon="103.751514">
    <time>2024-01-01T00:57:55.459Z</time>
    <name>Point 3291</name>
  </wpt>
  <wpt lat="1.359842" lon="103.751507">
    <time>2024-01-01T00:57:56.500Z</time>
    <name>Point 3292</name>
  </wpt>
  <wpt lat="1.360055" lon="103.751499">
    <time>2024-01-01T00:57:57.541Z</time>
    <name>Point 3293</name>
  </wpt>
  <wpt lat="1.360268" lon="103.751492">
    <time>2024-01-01T00:57:58.582Z</time>
    <name>Point 3294</name>
  </wpt>
  <wpt lat="1.360482" lon="103.751485">
    <time>2024-01-01T00:57:59.623Z</time>
    <name>Point 3295</name>
  </wpt>
  <wpt lat="1.360695" lon="103.751477">
    <time>2024-01-01T00:58:00.664Z</time>
    <name>Point 3296</name>
  </wpt>
  <wpt lat="1.360908" lon="103.751470">
    <time>2024-01-01T00:58:01.705Z</time>
    <name>Point 3297</name>
  </wpt>
  <wpt lat="1.361121" lon="103.751462">
    <time>2024-01-01T00:58:02.746Z</time>
    <name>Point 3298</name>
  </wpt>
  <wpt lat="1.361334" lon="103.751455">
    <time>2024-01-01T00:58:03.788Z</time>
    <name>Point 3299</name>
  </wpt>
  <wpt lat="1.361546" lon="103.751443">
    <time>2024-01-01T00:58:04.826Z</time>
    <name>Point 3300</name>
  </wpt>
  <wpt lat="1.361759" lon="103.751431">
    <time>2024-01-01T00:58:05.864Z</time>
    <name>Point 3301</name>
  </wpt>
  <wpt lat="1.361971" lon="103.751420">
    <time>2024-01-01T00:58:06.903Z</time>
    <name>Point 3302</name>
  </wpt>
  <wpt lat="1.362184" lon="103.751408">
    <time>2024-01-01T00:58:07.941Z</time>
    <name>Point 3303</name>
  </wpt>
  <wpt lat="1.362396" lon="103.751396">
    <time>2024-01-01T00:58:08.980Z</time>
    <name>Point 3304</name>
  </wpt>
  <wpt lat="1.362586" lon="103.751392">
    <time>2024-01-01T00:58:09.906Z</time>
    <name>Point 3305</name>
  </wpt>
  <wpt lat="1.362776" lon="103.751387">
    <time>2024-01-01T00:58:10.833Z</time>
    <name>Point 3306</name>
  </wpt>
  <wpt lat="1.362965" lon="103.751383">
    <time>2024-01-01T00:58:11.760Z</time>
    <name>Point 3307</name>
  </wpt>
  <wpt lat="1.363155" lon="103.751378">
    <time>2024-01-01T00:58:12.687Z</time>
    <name>Point 3308</name>
  </wpt>
  <wpt lat="1.363345" lon="103.751374">
    <time>2024-01-01T00:58:13.614Z</time>
    <name>Point 3309</name>
  </wpt>
  <wpt lat="1.363705" lon="103.751380">
    <time>2024-01-01T00:58:15.372Z</time>
    <name>Point 3310</name>
  </wpt>
  <wpt lat="1.363791" lon="103.751342">
    <time>2024-01-01T00:58:15.831Z</time>
    <name>Point 3311</name>
  </wpt>
  <wpt lat="1.363785" lon="103.751192">
    <time>2024-01-01T00:58:16.563Z</time>
    <name>Point 3312</name>
  </wpt>
  <wpt lat="1.363753" lon="103.750752">
    <time>2024-01-01T00:58:18.716Z</time>
    <name>Point 3313</name>
  </wpt>
  <wpt lat="1.363743" lon="103.750564">
    <time>2024-01-01T00:58:19.633Z</time>
    <name>Point 3314</name>
  </wpt>
  <wpt lat="1.363734" lon="103.750376">
    <time>2024-01-01T00:58:20.551Z</time>
    <name>Point 3315</name>
  </wpt>
  <wpt lat="1.363724" lon="103.750189">
    <time>2024-01-01T00:58:21.469Z</time>
    <name>Point 3316</name>
  </wpt>
  <wpt lat="1.363715" lon="103.750001">
    <time>2024-01-01T00:58:22.387Z</time>
    <name>Point 3317</name>
  </wpt>
  <wpt lat="1.363705" lon="103.749813">
    <time>2024-01-01T00:58:23.305Z</time>
    <name>Point 3318</name>
  </wpt>
  <wpt lat="1.363701" lon="103.749608">
    <time>2024-01-01T00:58:24.307Z</time>
    <name>Point 3319</name>
  </wpt>
  <wpt lat="1.363698" lon="103.749402">
    <time>2024-01-01T00:58:25.309Z</time>
    <name>Point 3320</name>
  </wpt>
  <wpt lat="1.363694" lon="103.749197">
    <time>2024-01-01T00:58:26.312Z</time>
    <name>Point 3321</name>
  </wpt>
  <wpt lat="1.363694" lon="103.748875">
    <time>2024-01-01T00:58:27.883Z</time>
    <name>Point 3322</name>
  </wpt>
  <wpt lat="1.363812" lon="103.748821">
    <time>2024-01-01T00:58:28.517Z</time>
    <name>Point 3323</name>
  </wpt>
  <wpt lat="1.364027" lon="103.748805">
    <time>2024-01-01T00:58:29.569Z</time>
    <name>Point 3324</name>
  </wpt>
  <wpt lat="1.364244" lon="103.748795">
    <time>2024-01-01T00:58:30.627Z</time>
    <name>Point 3325</name>
  </wpt>
  <wpt lat="1.364460" lon="103.748786">
    <time>2024-01-01T00:58:31.685Z</time>
    <name>Point 3326</name>
  </wpt>
  <wpt lat="1.364677" lon="103.748776">
    <time>2024-01-01T00:58:32.744Z</time>
    <name>Point 3327</name>
  </wpt>
  <wpt lat="1.364893" lon="103.748767">
    <time>2024-01-01T00:58:33.802Z</time>
    <name>Point 3328</name>
  </wpt>
  <wpt lat="1.365110" lon="103.748757">
    <time>2024-01-01T00:58:34.861Z</time>
    <name>Point 3329</name>
  </wpt>
  <wpt lat="1.365180" lon="103.748687">
    <time>2024-01-01T00:58:35.344Z</time>
    <name>Point 3330</name>
  </wpt>
  <wpt lat="1.365169" lon="103.748381">
    <time>2024-01-01T00:58:36.839Z</time>
    <name>Point 3331</name>
  </wpt>
  <wpt lat="1.365163" lon="103.748075">
    <time>2024-01-01T00:58:38.332Z</time>
    <name>Point 3332</name>
  </wpt>
  <wpt lat="1.365158" lon="103.747673">
    <time>2024-01-01T00:58:40.294Z</time>
    <name>Point 3333</name>
  </wpt>
  <wpt lat="1.365142" lon="103.747357">
    <time>2024-01-01T00:58:41.839Z</time>
    <name>Point 3334</name>
  </wpt>
  <wpt lat="1.365126" lon="103.747137">
    <time>2024-01-01T00:58:42.915Z</time>
    <name>Point 3335</name>
  </wpt>
  <wpt lat="1.364906" lon="103.747126">
    <time>2024-01-01T00:58:43.990Z</time>
    <name>Point 3336</name>
  </wpt>
  <wpt lat="1.364461" lon="103.747137">
    <time>2024-01-01T00:58:46.163Z</time>
    <name>Point 3337</name>
  </wpt>
  <wpt lat="1.364295" lon="103.747144">
    <time>2024-01-01T00:58:46.976Z</time>
    <name>Point 3338</name>
  </wpt>
  <wpt lat="1.364128" lon="103.747151">
    <time>2024-01-01T00:58:47.789Z</time>
    <name>Point 3339</name>
  </wpt>
  <wpt lat="1.363962" lon="103.747158">
    <time>2024-01-01T00:58:48.602Z</time>
    <name>Point 3340</name>
  </wpt>
  <wpt lat="1.363765" lon="103.747165">
    <time>2024-01-01T00:58:49.562Z</time>
    <name>Point 3341</name>
  </wpt>
  <wpt lat="1.363569" lon="103.747173">
    <time>2024-01-01T00:58:50.523Z</time>
    <name>Point 3342</name>
  </wpt>
  <wpt lat="1.363372" lon="103.747180">
    <time>2024-01-01T00:58:51.484Z</time>
    <name>Point 3343</name>
  </wpt>
  <wpt lat="1.363045" lon="103.747158">
    <time>2024-01-01T00:58:53.084Z</time>
    <name>Point 3344</name>
  </wpt>
  <wpt lat="1.362691" lon="103.747029">
    <time>2024-01-01T00:58:54.923Z</time>
    <name>Point 3345</name>
  </wpt>
  <wpt lat="1.362284" lon="103.746847">
    <time>2024-01-01T00:58:57.099Z</time>
    <name>Point 3346</name>
  </wpt>
  <wpt lat="1.362010" lon="103.746659">
    <time>2024-01-01T00:58:58.721Z</time>
    <name>Point 3347</name>
  </wpt>
  <wpt lat="1.361640" lon="103.746418">
    <time>2024-01-01T00:59:00.877Z</time>
    <name>Point 3348</name>
  </wpt>
  <wpt lat="1.361324" lon="103.746139">
    <time>2024-01-01T00:59:02.934Z</time>
    <name>Point 3349</name>
  </wpt>
  <wpt lat="1.361093" lon="103.745903">
    <time>2024-01-01T00:59:04.546Z</time>
    <name>Point 3350</name>
  </wpt>
  <wpt lat="1.360879" lon="103.745613">
    <time>2024-01-01T00:59:06.305Z</time>
    <name>Point 3351</name>
  </wpt>
  <wpt lat="1.360777" lon="103.745490">
    <time>2024-01-01T00:59:07.085Z</time>
    <name>Point 3352</name>
  </wpt>
  <wpt lat="1.360954" lon="103.745281">
    <time>2024-01-01T00:59:08.422Z</time>
    <name>Point 3353</name>
  </wpt>
  <wpt lat="1.361088" lon="103.744985">
    <time>2024-01-01T00:59:10.008Z</time>
    <name>Point 3354</name>
  </wpt>
  <wpt lat="1.361227" lon="103.744653">
    <time>2024-01-01T00:59:11.764Z</time>
    <name>Point 3355</name>
  </wpt>
  <wpt lat="1.361294" lon="103.744481">
    <time>2024-01-01T00:59:12.664Z</time>
    <name>Point 3356</name>
  </wpt>
  <wpt lat="1.361361" lon="103.744309">
    <time>2024-01-01T00:59:13.564Z</time>
    <name>Point 3357</name>
  </wpt>
  <wpt lat="1.361428" lon="103.744138">
    <time>2024-01-01T00:59:14.464Z</time>
    <name>Point 3358</name>
  </wpt>
  <wpt lat="1.361495" lon="103.743966">
    <time>2024-01-01T00:59:15.364Z</time>
    <name>Point 3359</name>
  </wpt>
  <wpt lat="1.361578" lon="103.743773">
    <time>2024-01-01T00:59:16.389Z</time>
    <name>Point 3360</name>
  </wpt>
  <wpt lat="1.361661" lon="103.743580">
    <time>2024-01-01T00:59:17.415Z</time>
    <name>Point 3361</name>
  </wpt>
  <wpt lat="1.361745" lon="103.743387">
    <time>2024-01-01T00:59:18.441Z</time>
    <name>Point 3362</name>
  </wpt>
  <wpt lat="1.361828" lon="103.743194">
    <time>2024-01-01T00:59:19.467Z</time>
    <name>Point 3363</name>
  </wpt>
  <wpt lat="1.362026" lon="103.742861">
    <time>2024-01-01T00:59:21.358Z</time>
    <name>Point 3364</name>
  </wpt>
  <wpt lat="1.362305" lon="103.742550">
    <time>2024-01-01T00:59:23.397Z</time>
    <name>Point 3365</name>
  </wpt>
  <wpt lat="1.362514" lon="103.742362">
    <time>2024-01-01T00:59:24.769Z</time>
    <name>Point 3366</name>
  </wpt>
  <wpt lat="1.362632" lon="103.742260">
    <time>2024-01-01T00:59:25.531Z</time>
    <name>Point 3367</name>
  </wpt>
  <wpt lat="1.362772" lon="103.742148">
    <time>2024-01-01T00:59:26.406Z</time>
    <name>Point 3368</name>
  </wpt>
  <wpt lat="1.362895" lon="103.742148">
    <time>2024-01-01T00:59:27.006Z</time>
    <name>Point 3369</name>
  </wpt>
  <wpt lat="1.363018" lon="103.742260">
    <time>2024-01-01T00:59:27.818Z</time>
    <name>Point 3370</name>
  </wpt>
  <wpt lat="1.363177" lon="103.742395">
    <time>2024-01-01T00:59:28.837Z</time>
    <name>Point 3371</name>
  </wpt>
  <wpt lat="1.363337" lon="103.742530">
    <time>2024-01-01T00:59:29.856Z</time>
    <name>Point 3372</name>
  </wpt>
  <wpt lat="1.363496" lon="103.742665">
    <time>2024-01-01T00:59:30.875Z</time>
    <name>Point 3373</name>
  </wpt>
  <wpt lat="1.363656" lon="103.742799">
    <time>2024-01-01T00:59:31.895Z</time>
    <name>Point 3374</name>
  </wpt>
  <wpt lat="1.363815" lon="103.742934">
    <time>2024-01-01T00:59:32.914Z</time>
    <name>Point 3375</name>
  </wpt>
  <wpt lat="1.363975" lon="103.743069">
    <time>2024-01-01T00:59:33.933Z</time>
    <name>Point 3376</name>
  </wpt>
  <wpt lat="1.364134" lon="103.743204">
    <time>2024-01-01T00:59:34.953Z</time>
    <name>Point 3377</name>
  </wpt>
  <wpt lat="1.364269" lon="103.743317">
    <time>2024-01-01T00:59:35.812Z</time>
    <name>Point 3378</name>
  </wpt>
  <wpt lat="1.364405" lon="103.743430">
    <time>2024-01-01T00:59:36.672Z</time>
    <name>Point 3379</name>
  </wpt>
  <wpt lat="1.364540" lon="103.743542">
    <time>2024-01-01T00:59:37.531Z</time>
    <name>Point 3380</name>
  </wpt>
  <wpt lat="1.364675" lon="103.743655">
    <time>2024-01-01T00:59:38.391Z</time>
    <name>Point 3381</name>
  </wpt>
  <wpt lat="1.364802" lon="103.743761">
    <time>2024-01-01T00:59:39.197Z</time>
    <name>Point 3382</name>
  </wpt>
  <wpt lat="1.364929" lon="103.743866">
    <time>2024-01-01T00:59:40.003Z</time>
    <name>Point 3383</name>
  </wpt>
  <wpt lat="1.365056" lon="103.743972">
    <time>2024-01-01T00:59:40.810Z</time>
    <name>Point 3384</name>
  </wpt>
  <wpt lat="1.365217" lon="103.744122">
    <time>2024-01-01T00:59:41.884Z</time>
    <name>Point 3385</name>
  </wpt>
  <wpt lat="1.365378" lon="103.744272">
    <time>2024-01-01T00:59:42.958Z</time>
    <name>Point 3386</name>
  </wpt>
  <wpt lat="1.365539" lon="103.744422">
    <time>2024-01-01T00:59:44.032Z</time>
    <name>Point 3387</name>
  </wpt>
  <wpt lat="1.365652" lon="103.744531">
    <time>2024-01-01T00:59:44.797Z</time>
    <name>Point 3388</name>
  </wpt>
  <wpt lat="1.365764" lon="103.744640">
    <time>2024-01-01T00:59:45.562Z</time>
    <name>Point 3389</name>
  </wpt>
  <wpt lat="1.365877" lon="103.744749">
    <time>2024-01-01T00:59:46.328Z</time>
    <name>Point 3390</name>
  </wpt>
  <wpt lat="1.366009" lon="103.744906">
    <time>2024-01-01T00:59:47.331Z</time>
    <name>Point 3391</name>
  </wpt>
  <wpt lat="1.366142" lon="103.745064">
    <time>2024-01-01T00:59:48.334Z</time>
    <name>Point 3392</name>
  </wpt>
  <wpt lat="1.366274" lon="103.745221">
    <time>2024-01-01T00:59:49.338Z</time>
    <name>Point 3393</name>
  </wpt>
  <wpt lat="1.366424" lon="103.745393">
    <time>2024-01-01T00:59:50.452Z</time>
    <name>Point 3394</name>
  </wpt>
  <wpt lat="1.366386" lon="103.745484">
    <time>2024-01-01T00:59:50.933Z</time>
    <name>Point 3395</name>
  </wpt>
  <wpt lat="1.366204" lon="103.745635">
    <time>2024-01-01T00:59:52.088Z</time>
    <name>Point 3396</name>
  </wpt>
  <wpt lat="1.365909" lon="103.745887">
    <time>2024-01-01T00:59:53.982Z</time>
    <name>Point 3397</name>
  </wpt>
  <wpt lat="1.365560" lon="103.746160">
    <time>2024-01-01T00:59:56.144Z</time>
    <name>Point 3398</name>
  </wpt>
  <wpt lat="1.365319" lon="103.746439">
    <time>2024-01-01T00:59:57.944Z</time>
    <name>Point 3399</name>
  </wpt>
  <wpt lat="1.365217" lon="103.746665">
    <time>2024-01-01T00:59:59.154Z</time>
    <name>Point 3400</name>
  </wpt>
  <wpt lat="1.365185" lon="103.746960">
    <time>2024-01-01T01:00:00.602Z</time>
    <name>Point 3401</name>
  </wpt>
  <wpt lat="1.365217" lon="103.747255">
    <time>2024-01-01T01:00:02.050Z</time>
    <name>Point 3402</name>
  </wpt>
  <wpt lat="1.365239" lon="103.747566">
    <time>2024-01-01T01:00:03.572Z</time>
    <name>Point 3403</name>
  </wpt>
  <wpt lat="1.365244" lon="103.747920">
    <time>2024-01-01T01:00:05.300Z</time>
    <name>Point 3404</name>
  </wpt>
  <wpt lat="1.365248" lon="103.748076">
    <time>2024-01-01T01:00:06.059Z</time>
    <name>Point 3405</name>
  </wpt>
  <wpt lat="1.365251" lon="103.748231">
    <time>2024-01-01T01:00:06.819Z</time>
    <name>Point 3406</name>
  </wpt>
  <wpt lat="1.365255" lon="103.748387">
    <time>2024-01-01T01:00:07.579Z</time>
    <name>Point 3407</name>
  </wpt>
  <wpt lat="1.365257" lon="103.748598">
    <time>2024-01-01T01:00:08.609Z</time>
    <name>Point 3408</name>
  </wpt>
  <wpt lat="1.365258" lon="103.748809">
    <time>2024-01-01T01:00:09.639Z</time>
    <name>Point 3409</name>
  </wpt>
  <wpt lat="1.365260" lon="103.749020">
    <time>2024-01-01T01:00:10.669Z</time>
    <name>Point 3410</name>
  </wpt>
  <wpt lat="1.365283" lon="103.749210">
    <time>2024-01-01T01:00:11.601Z</time>
    <name>Point 3411</name>
  </wpt>
  <wpt lat="1.365305" lon="103.749400">
    <time>2024-01-01T01:00:12.534Z</time>
    <name>Point 3412</name>
  </wpt>
  <wpt lat="1.365328" lon="103.749589">
    <time>2024-01-01T01:00:13.467Z</time>
    <name>Point 3413</name>
  </wpt>
  <wpt lat="1.365350" lon="103.749779">
    <time>2024-01-01T01:00:14.400Z</time>
    <name>Point 3414</name>
  </wpt>
  <wpt lat="1.365373" lon="103.749969">
    <time>2024-01-01T01:00:15.333Z</time>
    <name>Point 3415</name>
  </wpt>
  <wpt lat="1.365387" lon="103.750134">
    <time>2024-01-01T01:00:16.139Z</time>
    <name>Point 3416</name>
  </wpt>
  <wpt lat="1.365402" lon="103.750298">
    <time>2024-01-01T01:00:16.946Z</time>
    <name>Point 3417</name>
  </wpt>
  <wpt lat="1.365416" lon="103.750463">
    <time>2024-01-01T01:00:17.753Z</time>
    <name>Point 3418</name>
  </wpt>
  <wpt lat="1.365437" lon="103.750902">
    <time>2024-01-01T01:00:19.898Z</time>
    <name>Point 3419</name>
  </wpt>
  <wpt lat="1.365458" lon="103.751160">
    <time>2024-01-01T01:00:21.161Z</time>
    <name>Point 3420</name>
  </wpt>
  <wpt lat="1.365512" lon="103.751262">
    <time>2024-01-01T01:00:21.725Z</time>
    <name>Point 3421</name>
  </wpt>
  <wpt lat="1.365668" lon="103.751230">
    <time>2024-01-01T01:00:22.502Z</time>
    <name>Point 3422</name>
  </wpt>
  <wpt lat="1.365850" lon="103.751176">
    <time>2024-01-01T01:00:23.429Z</time>
    <name>Point 3423</name>
  </wpt>
  <wpt lat="1.366075" lon="103.751122">
    <time>2024-01-01T01:00:24.558Z</time>
    <name>Point 3424</name>
  </wpt>
  <wpt lat="1.366193" lon="103.751063">
    <time>2024-01-01T01:00:25.202Z</time>
    <name>Point 3425</name>
  </wpt>
  <wpt lat="1.366252" lon="103.751197">
    <time>2024-01-01T01:00:25.917Z</time>
    <name>Point 3426</name>
  </wpt>
  <wpt lat="1.366300" lon="103.751310">
    <time>2024-01-01T01:00:26.516Z</time>
    <name>Point 3427</name>
  </wpt>
  <wpt lat="1.366338" lon="103.751396">
    <time>2024-01-01T01:00:26.975Z</time>
    <name>Point 3428</name>
  </wpt>
  <wpt lat="1.366408" lon="103.751519">
    <time>2024-01-01T01:00:27.666Z</time>
    <name>Point 3429</name>
  </wpt>
  <wpt lat="1.366424" lon="103.751648">
    <time>2024-01-01T01:00:28.300Z</time>
    <name>Point 3430</name>
  </wpt>
  <wpt lat="1.366477" lon="103.751863">
    <time>2024-01-01T01:00:29.381Z</time>
    <name>Point 3431</name>
  </wpt>
  <wpt lat="1.366386" lon="103.751922">
    <time>2024-01-01T01:00:29.910Z</time>
    <name>Point 3432</name>
  </wpt>
  <wpt lat="1.366134" lon="103.752002">
    <time>2024-01-01T01:00:31.201Z</time>
    <name>Point 3433</name>
  </wpt>
  <wpt lat="1.365882" lon="103.752045">
    <time>2024-01-01T01:00:32.449Z</time>
    <name>Point 3434</name>
  </wpt>
  <wpt lat="1.365684" lon="103.752099">
    <time>2024-01-01T01:00:33.451Z</time>
    <name>Point 3435</name>
  </wpt>
  <wpt lat="1.365587" lon="103.752163">
    <time>2024-01-01T01:00:34.018Z</time>
    <name>Point 3436</name>
  </wpt>
  <wpt lat="1.365587" lon="103.752297">
    <time>2024-01-01T01:00:34.672Z</time>
    <name>Point 3437</name>
  </wpt>
  <wpt lat="1.365609" lon="103.752490">
    <time>2024-01-01T01:00:35.620Z</time>
    <name>Point 3438</name>
  </wpt>
  <wpt lat="1.365609" lon="103.752791">
    <time>2024-01-01T01:00:37.089Z</time>
    <name>Point 3439</name>
  </wpt>
  <wpt lat="1.365416" lon="103.752801">
    <time>2024-01-01T01:00:38.032Z</time>
    <name>Point 3440</name>
  </wpt>
  <wpt lat="1.365241" lon="103.752808">
    <time>2024-01-01T01:00:38.888Z</time>
    <name>Point 3441</name>
  </wpt>
  <wpt lat="1.365065" lon="103.752816">
    <time>2024-01-01T01:00:39.745Z</time>
    <name>Point 3442</name>
  </wpt>
  <wpt lat="1.364890" lon="103.752823">
    <time>2024-01-01T01:00:40.602Z</time>
    <name>Point 3443</name>
  </wpt>
  <wpt lat="1.364761" lon="103.752823">
    <time>2024-01-01T01:00:41.232Z</time>
    <name>Point 3444</name>
  </wpt>
  <wpt lat="1.364681" lon="103.752791">
    <time>2024-01-01T01:00:41.653Z</time>
    <name>Point 3445</name>
  </wpt>
  <wpt lat="1.364643" lon="103.752689">
    <time>2024-01-01T01:00:42.184Z</time>
    <name>Point 3446</name>
  </wpt>
  <wpt lat="1.364654" lon="103.752576">
    <time>2024-01-01T01:00:42.738Z</time>
    <name>Point 3447</name>
  </wpt>
  <wpt lat="1.364649" lon="103.752458">
    <time>2024-01-01T01:00:43.314Z</time>
    <name>Point 3448</name>
  </wpt>
  <wpt lat="1.364622" lon="103.752313">
    <time>2024-01-01T01:00:44.034Z</time>
    <name>Point 3449</name>
  </wpt>
  <wpt lat="1.364627" lon="103.752201">
    <time>2024-01-01T01:00:44.581Z</time>
    <name>Point 3450</name>
  </wpt>
  <wpt lat="1.364563" lon="103.752163">
    <time>2024-01-01T01:00:44.945Z</time>
    <name>Point 3451</name>
  </wpt>
  <wpt lat="1.364439" lon="103.752158">
    <time>2024-01-01T01:00:45.550Z</time>
    <name>Point 3452</name>
  </wpt>
  <wpt lat="1.364279" lon="103.752174">
    <time>2024-01-01T01:00:46.335Z</time>
    <name>Point 3453</name>
  </wpt>
  <wpt lat="1.364075" lon="103.752201">
    <time>2024-01-01T01:00:47.340Z</time>
    <name>Point 3454</name>
  </wpt>
  <wpt lat="1.363914" lon="103.752211">
    <time>2024-01-01T01:00:48.127Z</time>
    <name>Point 3455</name>
  </wpt>
  <wpt lat="1.363785" lon="103.752217">
    <time>2024-01-01T01:00:48.758Z</time>
    <name>Point 3456</name>
  </wpt>
  <wpt lat="1.363640" lon="103.752222">
    <time>2024-01-01T01:00:49.466Z</time>
    <name>Point 3457</name>
  </wpt>
  <wpt lat="1.363640" lon="103.752222">
    <time>2024-01-01T01:00:50Z</time>
    <name>GeoMock hold</name>
  </wpt>
  <wpt lat="1.363640" lon="103.752222">
    <time>2024-01-01T01:00:51Z</time>
    <name>GeoMock hold</name>
  </wpt>
  <wpt lat="1.363640" lon="103.752222">
    <time>2024-01-01T01:00:52Z</time>
    <name>GeoMock hold</name>
  </wpt>
  <wpt lat="1.363640" lon="103.752222">
    <time>2024-01-01T01:00:53Z</time>
    <name>GeoMock hold</name>
  </wpt>
  <wpt lat="1.363640" lon="103.752222">
    <time>2024-01-01T01:00:54Z</time>
    <name>GeoMock hold</name>
  </wpt>
  <wpt lat="1.363640" lon="103.752222">
    <time>2024-01-01T01:00:55Z</time>
    <name>GeoMock hold</name>
  </wpt>
  <wpt lat="1.363640" lon="103.752222">
    <time>2024-01-01T01:00:56Z</time>
    <name>GeoMock hold</name>
  </wpt>
  <wpt lat="1.363640" lon="103.752222">
    <time>2024-01-01T01:00:57Z</time>
    <name>GeoMock hold</name>
  </wpt>
  <wpt lat="1.363640" lon="103.752222">
    <time>2024-01-01T01:00:58Z</time>
    <name>GeoMock hold</name>
  </wpt>
  <wpt lat="1.363640" lon="103.752222">
    <time>2024-01-01T01:00:59Z</time>
    <name>GeoMock hold</name>
  </wpt>
  <wpt lat="1.363640" lon="103.752222">
    <time>2024-01-01T01:01:00Z</time>
    <name>GeoMock hold</name>
  </wpt>
  <wpt lat="1.363640" lon="103.752222">
    <time>2024-01-01T01:01:01Z</time>
    <name>GeoMock hold</name>
  </wpt>
  <wpt lat="1.363640" lon="103.752222">
    <time>2024-01-01T01:01:02Z</time>
    <name>GeoMock hold</name>
  </wpt>
  <wpt lat="1.363640" lon="103.752222">
    <time>2024-01-01T01:01:03Z</time>
    <name>GeoMock hold</name>
  </wpt>
  <wpt lat="1.363640" lon="103.752222">
    <time>2024-01-01T01:01:04Z</time>
    <name>GeoMock hold</name>
  </wpt>
  <wpt lat="1.363640" lon="103.752222">
    <time>2024-01-01T01:01:05Z</time>
    <name>GeoMock hold</name>
  </wpt>
  <wpt lat="1.363640" lon="103.752222">
    <time>2024-01-01T01:01:06Z</time>
    <name>GeoMock hold</name>
  </wpt>
  <wpt lat="1.363640" lon="103.752222">
    <time>2024-01-01T01:01:07Z</time>
    <name>GeoMock hold</name>
  </wpt>
  <wpt lat="1.363640" lon="103.752222">
    <time>2024-01-01T01:01:08Z</time>
    <name>GeoMock hold</name>
  </wpt>
  <wpt lat="1.363640" lon="103.752222">
    <time>2024-01-01T01:01:09Z</time>
    <name>GeoMock hold</name>
  </wpt>
  <wpt lat="1.363640" lon="103.752222">
    <time>2024-01-01T01:01:10Z</time>
    <name>GeoMock hold</name>
  </wpt>
  <wpt lat="1.363640" lon="103.752222">
    <time>2024-01-01T01:01:11Z</time>
    <name>GeoMock hold</name>
  </wpt>
  <wpt lat="1.363640" lon="103.752222">
    <time>2024-01-01T01:01:12Z</time>
    <name>GeoMock hold</name>
  </wpt>
  <wpt lat="1.363640" lon="103.752222">
    <time>2024-01-01T01:01:13Z</time>
    <name>GeoMock hold</name>
  </wpt>
  <wpt lat="1.363640" lon="103.752222">
    <time>2024-01-01T01:01:14Z</time>
    <name>GeoMock hold</name>
  </wpt>
  <wpt lat="1.363640" lon="103.752222">
    <time>2024-01-01T01:01:15Z</time>
    <name>GeoMock hold</name>
  </wpt>
  <wpt lat="1.363640" lon="103.752222">
    <time>2024-01-01T01:01:16Z</time>
    <name>GeoMock hold</name>
  </wpt>
  <wpt lat="1.363640" lon="103.752222">
    <time>2024-01-01T01:01:17Z</time>
    <name>GeoMock hold</name>
  </wpt>
  <wpt lat="1.363640" lon="103.752222">
    <time>2024-01-01T01:01:18Z</time>
    <name>GeoMock hold</name>
  </wpt>
  <wpt lat="1.363640" lon="103.752222">
    <time>2024-01-01T01:01:19Z</time>
    <name>GeoMock hold</name>
  </wpt>
  <wpt lat="1.363640" lon="103.752222">
    <time>2024-01-01T01:01:20Z</time>
    <name>GeoMock hold</name>
  </wpt>
  <wpt lat="1.363640" lon="103.752222">
    <time>2024-01-01T01:01:21Z</time>
    <name>GeoMock hold</name>
  </wpt>
  <wpt lat="1.363640" lon="103.752222">
    <time>2024-01-01T01:01:22Z</time>
    <name>GeoMock hold</name>
  </wpt>
  <wpt lat="1.363640" lon="103.752222">
    <time>2024-01-01T01:01:23Z</time>
    <name>GeoMock hold</name>
  </wpt>
  <wpt lat="1.363640" lon="103.752222">
    <time>2024-01-01T01:01:24Z</time>
    <name>GeoMock hold</name>
  </wpt>
  <wpt lat="1.363640" lon="103.752222">
    <time>2024-01-01T01:01:25Z</time>
    <name>GeoMock hold</name>
  </wpt>
  <wpt lat="1.363640" lon="103.752222">
    <time>2024-01-01T01:01:26Z</time>
    <name>GeoMock hold</name>
  </wpt>
  <wpt lat="1.363640" lon="103.752222">
    <time>2024-01-01T01:01:27Z</time>
    <name>GeoMock hold</name>
  </wpt>
  <wpt lat="1.363640" lon="103.752222">
    <time>2024-01-01T01:01:28Z</time>
    <name>GeoMock hold</name>
  </wpt>
  <wpt lat="1.363640" lon="103.752222">
    <time>2024-01-01T01:01:29Z</time>
    <name>GeoMock hold</name>
  </wpt>
  <wpt lat="1.363640" lon="103.752222">
    <time>2024-01-01T01:01:30Z</time>
    <name>GeoMock hold</name>
  </wpt>
  <wpt lat="1.363640" lon="103.752222">
    <time>2024-01-01T01:01:31Z</time>
    <name>GeoMock hold</name>
  </wpt>
  <wpt lat="1.363640" lon="103.752222">
    <time>2024-01-01T01:01:32Z</time>
    <name>GeoMock hold</name>
  </wpt>
  <wpt lat="1.363640" lon="103.752222">
    <time>2024-01-01T01:01:33Z</time>
    <name>GeoMock hold</name>
  </wpt>
  <wpt lat="1.363640" lon="103.752222">
    <time>2024-01-01T01:01:34Z</time>
    <name>GeoMock hold</name>
  </wpt>
  <wpt lat="1.363640" lon="103.752222">
    <time>2024-01-01T01:01:35Z</time>
    <name>GeoMock hold</name>
  </wpt>
  <wpt lat="1.363640" lon="103.752222">
    <time>2024-01-01T01:01:36Z</time>
    <name>GeoMock hold</name>
  </wpt>
  <wpt lat="1.363640" lon="103.752222">
    <time>2024-01-01T01:01:37Z</time>
    <name>GeoMock hold</name>
  </wpt>
  <wpt lat="1.363640" lon="103.752222">
    <time>2024-01-01T01:01:38Z</time>
    <name>GeoMock hold</name>
  </wpt>
  <wpt lat="1.363640" lon="103.752222">
    <time>2024-01-01T01:01:39Z</time>
    <name>GeoMock hold</name>
  </wpt>
  <wpt lat="1.363640" lon="103.752222">
    <time>2024-01-01T01:01:40Z</time>
    <name>GeoMock hold</name>
  </wpt>
  <wpt lat="1.363640" lon="103.752222">
    <time>2024-01-01T01:01:41Z</time>
    <name>GeoMock hold</name>
  </wpt>
  <wpt lat="1.363640" lon="103.752222">
    <time>2024-01-01T01:01:42Z</time>
    <name>GeoMock hold</name>
  </wpt>
  <wpt lat="1.363640" lon="103.752222">
    <time>2024-01-01T01:01:43Z</time>
    <name>GeoMock hold</name>
  </wpt>
  <wpt lat="1.363640" lon="103.752222">
    <time>2024-01-01T01:01:44Z</time>
    <name>GeoMock hold</name>
  </wpt>
  <wpt lat="1.363640" lon="103.752222">
    <time>2024-01-01T01:01:45Z</time>
    <name>GeoMock hold</name>
  </wpt>
  <wpt lat="1.363640" lon="103.752222">
    <time>2024-01-01T01:01:46Z</time>
    <name>GeoMock hold</name>
  </wpt>
  <wpt lat="1.363640" lon="103.752222">
    <time>2024-01-01T01:01:47Z</time>
    <name>GeoMock hold</name>
  </wpt>
  <wpt lat="1.363640" lon="103.752222">
    <time>2024-01-01T01:01:48Z</time>
    <name>GeoMock hold</name>
  </wpt>
  <wpt lat="1.363640" lon="103.752222">
    <time>2024-01-01T01:01:49Z</time>
    <name>GeoMock hold</name>
  </wpt>
  <wpt lat="1.363640" lon="103.752222">
    <time>2024-01-01T01:01:50Z</time>
    <name>GeoMock hold</name>
  </wpt>
  <wpt lat="1.363640" lon="103.752222">
    <time>2024-01-01T01:01:51Z</time>
    <name>GeoMock hold</name>
  </wpt>
  <wpt lat="1.363640" lon="103.752222">
    <time>2024-01-01T01:01:52Z</time>
    <name>GeoMock hold</name>
  </wpt>
  <wpt lat="1.363640" lon="103.752222">
    <time>2024-01-01T01:01:53Z</time>
    <name>GeoMock hold</name>
  </wpt>
  <wpt lat="1.363640" lon="103.752222">
    <time>2024-01-01T01:01:54Z</time>
    <name>GeoMock hold</name>
  </wpt>
  <wpt lat="1.363640" lon="103.752222">
    <time>2024-01-01T01:01:55Z</time>
    <name>GeoMock hold</name>
  </wpt>
  <wpt lat="1.363640" lon="103.752222">
    <time>2024-01-01T01:01:56Z</time>
    <name>GeoMock hold</name>
  </wpt>
  <wpt lat="1.363640" lon="103.752222">
    <time>2024-01-01T01:01:57Z</time>
    <name>GeoMock hold</name>
  </wpt>
  <wpt lat="1.363640" lon="103.752222">
    <time>2024-01-01T01:01:58Z</time>
    <name>GeoMock hold</name>
  </wpt>
  <wpt lat="1.363640" lon="103.752222">
    <time>2024-01-01T01:01:59Z</time>
    <name>GeoMock hold</name>
  </wpt>
  <wpt lat="1.363640" lon="103.752222">
    <time>2024-01-01T01:02:00Z</time>
    <name>GeoMock hold</name>
  </wpt>
  <wpt lat="1.363640" lon="103.752222">
    <time>2024-01-01T01:02:01Z</time>
    <name>GeoMock hold</name>
  </wpt>
  <wpt lat="1.363640" lon="103.752222">
    <time>2024-01-01T01:02:02Z</time>
    <name>GeoMock hold</name>
  </wpt>
  <wpt lat="1.363640" lon="103.752222">
    <time>2024-01-01T01:02:03Z</time>
    <name>GeoMock hold</name>
  </wpt>
  <wpt lat="1.363640" lon="103.752222">
    <time>2024-01-01T01:02:04Z</time>
    <name>GeoMock hold</name>
  </wpt>
  <wpt lat="1.363640" lon="103.752222">
    <time>2024-01-01T01:02:05Z</time>
    <name>GeoMock hold</name>
  </wpt>
  <wpt lat="1.363640" lon="103.752222">
    <time>2024-01-01T01:02:06Z</time>
    <name>GeoMock hold</name>
  </wpt>
  <wpt lat="1.363640" lon="103.752222">
    <time>2024-01-01T01:02:07Z</time>
    <name>GeoMock hold</name>
  </wpt>
  <wpt lat="1.363640" lon="103.752222">
    <time>2024-01-01T01:02:08Z</time>
    <name>GeoMock hold</name>
  </wpt>
  <wpt lat="1.363640" lon="103.752222">
    <time>2024-01-01T01:02:09Z</time>
    <name>GeoMock hold</name>
  </wpt>
  <wpt lat="1.363640" lon="103.752222">
    <time>2024-01-01T01:02:10Z</time>
    <name>GeoMock hold</name>
  </wpt>
  <wpt lat="1.363640" lon="103.752222">
    <time>2024-01-01T01:02:11Z</time>
    <name>GeoMock hold</name>
  </wpt>
  <wpt lat="1.363640" lon="103.752222">
    <time>2024-01-01T01:02:12Z</time>
    <name>GeoMock hold</name>
  </wpt>
  <wpt lat="1.363640" lon="103.752222">
    <time>2024-01-01T01:02:13Z</time>
    <name>GeoMock hold</name>
  </wpt>
  <wpt lat="1.363640" lon="103.752222">
    <time>2024-01-01T01:02:14Z</time>
    <name>GeoMock hold</name>
  </wpt>
  <wpt lat="1.363640" lon="103.752222">
    <time>2024-01-01T01:02:15Z</time>
    <name>GeoMock hold</name>
  </wpt>
  <wpt lat="1.363640" lon="103.752222">
    <time>2024-01-01T01:02:16Z</time>
    <name>GeoMock hold</name>
  </wpt>
  <wpt lat="1.363640" lon="103.752222">
    <time>2024-01-01T01:02:17Z</time>
    <name>GeoMock hold</name>
  </wpt>
  <wpt lat="1.363640" lon="103.752222">
    <time>2024-01-01T01:02:18Z</time>
    <name>GeoMock hold</name>
  </wpt>
  <wpt lat="1.363640" lon="103.752222">
    <time>2024-01-01T01:02:19Z</time>
    <name>GeoMock hold</name>
  </wpt>
  <wpt lat="1.363640" lon="103.752222">
    <time>2024-01-01T01:02:20Z</time>
    <name>GeoMock hold</name>
  </wpt>
  <wpt lat="1.363640" lon="103.752222">
    <time>2024-01-01T01:02:21Z</time>
    <name>GeoMock hold</name>
  </wpt>
  <wpt lat="1.363640" lon="103.752222">
    <time>2024-01-01T01:02:22Z</time>
    <name>GeoMock hold</name>
  </wpt>
  <wpt lat="1.363640" lon="103.752222">
    <time>2024-01-01T01:02:23Z</time>
    <name>GeoMock hold</name>
  </wpt>
  <wpt lat="1.363640" lon="103.752222">
    <time>2024-01-01T01:02:24Z</time>
    <name>GeoMock hold</name>
  </wpt>
  <wpt lat="1.363640" lon="103.752222">
    <time>2024-01-01T01:02:25Z</time>
    <name>GeoMock hold</name>
  </wpt>
  <wpt lat="1.363640" lon="103.752222">
    <time>2024-01-01T01:02:26Z</time>
    <name>GeoMock hold</name>
  </wpt>
  <wpt lat="1.363640" lon="103.752222">
    <time>2024-01-01T01:02:27Z</time>
    <name>GeoMock hold</name>
  </wpt>
  <wpt lat="1.363640" lon="103.752222">
    <time>2024-01-01T01:02:28Z</time>
    <name>GeoMock hold</name>
  </wpt>
  <wpt lat="1.363640" lon="103.752222">
    <time>2024-01-01T01:02:29Z</time>
    <name>GeoMock hold</name>
  </wpt>
  <wpt lat="1.363640" lon="103.752222">
    <time>2024-01-01T01:02:30Z</time>
    <name>GeoMock hold</name>
  </wpt>
  <wpt lat="1.363640" lon="103.752222">
    <time>2024-01-01T01:02:31Z</time>
    <name>GeoMock hold</name>
  </wpt>
  <wpt lat="1.363640" lon="103.752222">
    <time>2024-01-01T01:02:32Z</time>
    <name>GeoMock hold</name>
  </wpt>
  <wpt lat="1.363640" lon="103.752222">
    <time>2024-01-01T01:02:33Z</time>
    <name>GeoMock hold</name>
  </wpt>
  <wpt lat="1.363640" lon="103.752222">
    <time>2024-01-01T01:02:34Z</time>
    <name>GeoMock hold</name>
  </wpt>
  <wpt lat="1.363640" lon="103.752222">
    <time>2024-01-01T01:02:35Z</time>
    <name>GeoMock hold</name>
  </wpt>
  <wpt lat="1.363640" lon="103.752222">
    <time>2024-01-01T01:02:36Z</time>
    <name>GeoMock hold</name>
  </wpt>
  <wpt lat="1.363640" lon="103.752222">
    <time>2024-01-01T01:02:37Z</time>
    <name>GeoMock hold</name>
  </wpt>
  <wpt lat="1.363640" lon="103.752222">
    <time>2024-01-01T01:02:38Z</time>
    <name>GeoMock hold</name>
  </wpt>
  <wpt lat="1.363640" lon="103.752222">
    <time>2024-01-01T01:02:39Z</time>
    <name>GeoMock hold</name>
  </wpt>
  <wpt lat="1.363640" lon="103.752222">
    <time>2024-01-01T01:02:40Z</time>
    <name>GeoMock hold</name>
  </wpt>
  <wpt lat="1.363640" lon="103.752222">
    <time>2024-01-01T01:02:41Z</time>
    <name>GeoMock hold</name>
  </wpt>
  <wpt lat="1.363640" lon="103.752222">
    <time>2024-01-01T01:02:42Z</time>
    <name>GeoMock hold</name>
  </wpt>
  <wpt lat="1.363640" lon="103.752222">
    <time>2024-01-01T01:02:43Z</time>
    <name>GeoMock hold</name>
  </wpt>
  <wpt lat="1.363640" lon="103.752222">
    <time>2024-01-01T01:02:44Z</time>
    <name>GeoMock hold</name>
  </wpt>
  <wpt lat="1.363640" lon="103.752222">
    <time>2024-01-01T01:02:45Z</time>
    <name>GeoMock hold</name>
  </wpt>
  <wpt lat="1.363640" lon="103.752222">
    <time>2024-01-01T01:02:46Z</time>
    <name>GeoMock hold</name>
  </wpt>
  <wpt lat="1.363640" lon="103.752222">
    <time>2024-01-01T01:02:47Z</time>
    <name>GeoMock hold</name>
  </wpt>
  <wpt lat="1.363640" lon="103.752222">
    <time>2024-01-01T01:02:48Z</time>
    <name>GeoMock hold</name>
  </wpt>
  <wpt lat="1.363640" lon="103.752222">
    <time>2024-01-01T01:02:49Z</time>
    <name>GeoMock hold</name>
  </wpt>
  <wpt lat="1.363640" lon="103.752222">
    <time>2024-01-01T01:02:50Z</time>
    <name>GeoMock hold</name>
  </wpt>
  <wpt lat="1.363640" lon="103.752222">
    <time>2024-01-01T01:02:51Z</time>
    <name>GeoMock hold</name>
  </wpt>
  <wpt lat="1.363640" lon="103.752222">
    <time>2024-01-01T01:02:52Z</time>
    <name>GeoMock hold</name>
  </wpt>
  <wpt lat="1.363640" lon="103.752222">
    <time>2024-01-01T01:02:53Z</time>
    <name>GeoMock hold</name>
  </wpt>
  <wpt lat="1.363640" lon="103.752222">
    <time>2024-01-01T01:02:54Z</time>
    <name>GeoMock hold</name>
  </wpt>
  <wpt lat="1.363640" lon="103.752222">
    <time>2024-01-01T01:02:55Z</time>
    <name>GeoMock hold</name>
  </wpt>
  <wpt lat="1.363640" lon="103.752222">
    <time>2024-01-01T01:02:56Z</time>
    <name>GeoMock hold</name>
  </wpt>
  <wpt lat="1.363640" lon="103.752222">
    <time>2024-01-01T01:02:57Z</time>
    <name>GeoMock hold</name>
  </wpt>
  <wpt lat="1.363640" lon="103.752222">
    <time>2024-01-01T01:02:58Z</time>
    <name>GeoMock hold</name>
  </wpt>
  <wpt lat="1.363640" lon="103.752222">
    <time>2024-01-01T01:02:59Z</time>
    <name>GeoMock hold</name>
  </wpt>
  <wpt lat="1.363640" lon="103.752222">
    <time>2024-01-01T01:03:00Z</time>
    <name>GeoMock hold</name>
  </wpt>
  <wpt lat="1.363640" lon="103.752222">
    <time>2024-01-01T01:03:01Z</time>
    <name>GeoMock hold</name>
  </wpt>
  <wpt lat="1.363640" lon="103.752222">
    <time>2024-01-01T01:03:02Z</time>
    <name>GeoMock hold</name>
  </wpt>
  <wpt lat="1.363640" lon="103.752222">
    <time>2024-01-01T01:03:03Z</time>
    <name>GeoMock hold</name>
  </wpt>
  <wpt lat="1.363640" lon="103.752222">
    <time>2024-01-01T01:03:04Z</time>
    <name>GeoMock hold</name>
  </wpt>
  <wpt lat="1.363640" lon="103.752222">
    <time>2024-01-01T01:03:05Z</time>
    <name>GeoMock hold</name>
  </wpt>
  <wpt lat="1.363640" lon="103.752222">
    <time>2024-01-01T01:03:06Z</time>
    <name>GeoMock hold</name>
  </wpt>
  <wpt lat="1.363640" lon="103.752222">
    <time>2024-01-01T01:03:07Z</time>
    <name>GeoMock hold</name>
  </wpt>
  <wpt lat="1.363640" lon="103.752222">
    <time>2024-01-01T01:03:08Z</time>
    <name>GeoMock hold</name>
  </wpt>
  <wpt lat="1.363640" lon="103.752222">
    <time>2024-01-01T01:03:09Z</time>
    <name>GeoMock hold</name>
  </wpt>
  <wpt lat="1.363640" lon="103.752222">
    <time>2024-01-01T01:03:10Z</time>
    <name>GeoMock hold</name>
  </wpt>
  <wpt lat="1.363640" lon="103.752222">
    <time>2024-01-01T01:03:11Z</time>
    <name>GeoMock hold</name>
  </wpt>
  <wpt lat="1.363640" lon="103.752222">
    <time>2024-01-01T01:03:12Z</time>
    <name>GeoMock hold</name>
  </wpt>
  <wpt lat="1.363640" lon="103.752222">
    <time>2024-01-01T01:03:13Z</time>
    <name>GeoMock hold</name>
  </wpt>
  <wpt lat="1.363640" lon="103.752222">
    <time>2024-01-01T01:03:14Z</time>
    <name>GeoMock hold</name>
  </wpt>
  <wpt lat="1.363640" lon="103.752222">
    <time>2024-01-01T01:03:15Z</time>
    <name>GeoMock hold</name>
  </wpt>
  <wpt lat="1.363640" lon="103.752222">
    <time>2024-01-01T01:03:16Z</time>
    <name>GeoMock hold</name>
  </wpt>
  <wpt lat="1.363640" lon="103.752222">
    <time>2024-01-01T01:03:17Z</time>
    <name>GeoMock hold</name>
  </wpt>
  <wpt lat="1.363640" lon="103.752222">
    <time>2024-01-01T01:03:18Z</time>
    <name>GeoMock hold</name>
  </wpt>
  <wpt lat="1.363640" lon="103.752222">
    <time>2024-01-01T01:03:19Z</time>
    <name>GeoMock hold</name>
  </wpt>
  <wpt lat="1.363640" lon="103.752222">
    <time>2024-01-01T01:03:20Z</time>
    <name>GeoMock hold</name>
  </wpt>
  <wpt lat="1.363640" lon="103.752222">
    <time>2024-01-01T01:03:21Z</time>
    <name>GeoMock hold</name>
  </wpt>
  <wpt lat="1.363640" lon="103.752222">
    <time>2024-01-01T01:03:22Z</time>
    <name>GeoMock hold</name>
  </wpt>
  <wpt lat="1.363640" lon="103.752222">
    <time>2024-01-01T01:03:23Z</time>
    <name>GeoMock hold</name>
  </wpt>
  <wpt lat="1.363640" lon="103.752222">
    <time>2024-01-01T01:03:24Z</time>
    <name>GeoMock hold</name>
  </wpt>
  <wpt lat="1.363640" lon="103.752222">
    <time>2024-01-01T01:03:25Z</time>
    <name>GeoMock hold</name>
  </wpt>
  <wpt lat="1.363640" lon="103.752222">
    <time>2024-01-01T01:03:26Z</time>
    <name>GeoMock hold</name>
  </wpt>
  <wpt lat="1.363640" lon="103.752222">
    <time>2024-01-01T01:03:27Z</time>
    <name>GeoMock hold</name>
  </wpt>
  <wpt lat="1.363640" lon="103.752222">
    <time>2024-01-01T01:03:28Z</time>
    <name>GeoMock hold</name>
  </wpt>
  <wpt lat="1.363640" lon="103.752222">
    <time>2024-01-01T01:03:29Z</time>
    <name>GeoMock hold</name>
  </wpt>
  <wpt lat="1.363640" lon="103.752222">
    <time>2024-01-01T01:03:30Z</time>
    <name>GeoMock hold</name>
  </wpt>
  <wpt lat="1.363640" lon="103.752222">
    <time>2024-01-01T01:03:31Z</time>
    <name>GeoMock hold</name>
  </wpt>
  <wpt lat="1.363640" lon="103.752222">
    <time>2024-01-01T01:03:32Z</time>
    <name>GeoMock hold</name>
  </wpt>
  <wpt lat="1.363640" lon="103.752222">
    <time>2024-01-01T01:03:33Z</time>
    <name>GeoMock hold</name>
  </wpt>
  <wpt lat="1.363640" lon="103.752222">
    <time>2024-01-01T01:03:34Z</time>
    <name>GeoMock hold</name>
  </wpt>
  <wpt lat="1.363640" lon="103.752222">
    <time>2024-01-01T01:03:35Z</time>
    <name>GeoMock hold</name>
  </wpt>
  <wpt lat="1.363640" lon="103.752222">
    <time>2024-01-01T01:03:36Z</time>
    <name>GeoMock hold</name>
  </wpt>
  <wpt lat="1.363640" lon="103.752222">
    <time>2024-01-01T01:03:37Z</time>
    <name>GeoMock hold</name>
  </wpt>
  <wpt lat="1.363640" lon="103.752222">
    <time>2024-01-01T01:03:38Z</time>
    <name>GeoMock hold</name>
  </wpt>
  <wpt lat="1.363640" lon="103.752222">
    <time>2024-01-01T01:03:39Z</time>
    <name>GeoMock hold</name>
  </wpt>
  <wpt lat="1.363640" lon="103.752222">
    <time>2024-01-01T01:03:40Z</time>
    <name>GeoMock hold</name>
  </wpt>
  <wpt lat="1.363640" lon="103.752222">
    <time>2024-01-01T01:03:41Z</time>
    <name>GeoMock hold</name>
  </wpt>
  <wpt lat="1.363640" lon="103.752222">
    <time>2024-01-01T01:03:42Z</time>
    <name>GeoMock hold</name>
  </wpt>
  <wpt lat="1.363640" lon="103.752222">
    <time>2024-01-01T01:03:43Z</time>
    <name>GeoMock hold</name>
  </wpt>
  <wpt lat="1.363640" lon="103.752222">
    <time>2024-01-01T01:03:44Z</time>
    <name>GeoMock hold</name>
  </wpt>
  <wpt lat="1.363640" lon="103.752222">
    <time>2024-01-01T01:03:45Z</time>
    <name>GeoMock hold</name>
  </wpt>
  <wpt lat="1.363640" lon="103.752222">
    <time>2024-01-01T01:03:46Z</time>
    <name>GeoMock hold</name>
  </wpt>
  <wpt lat="1.363640" lon="103.752222">
    <time>2024-01-01T01:03:47Z</time>
    <name>GeoMock hold</name>
  </wpt>
  <wpt lat="1.363640" lon="103.752222">
    <time>2024-01-01T01:03:48Z</time>
    <name>GeoMock hold</name>
  </wpt>
  <wpt lat="1.363640" lon="103.752222">
    <time>2024-01-01T01:03:49Z</time>
    <name>GeoMock hold</name>
  </wpt>
  <wpt lat="1.363640" lon="103.752222">
    <time>2024-01-01T01:03:50Z</time>
    <name>GeoMock hold</name>
  </wpt>
  <wpt lat="1.363640" lon="103.752222">
    <time>2024-01-01T01:03:51Z</time>
    <name>GeoMock hold</name>
  </wpt>
  <wpt lat="1.363640" lon="103.752222">
    <time>2024-01-01T01:03:52Z</time>
    <name>GeoMock hold</name>
  </wpt>
  <wpt lat="1.363640" lon="103.752222">
    <time>2024-01-01T01:03:53Z</time>
    <name>GeoMock hold</name>
  </wpt>
  <wpt lat="1.363640" lon="103.752222">
    <time>2024-01-01T01:03:54Z</time>
    <name>GeoMock hold</name>
  </wpt>
  <wpt lat="1.363640" lon="103.752222">
    <time>2024-01-01T01:03:55Z</time>
    <name>GeoMock hold</name>
  </wpt>
  <wpt lat="1.363640" lon="103.752222">
    <time>2024-01-01T01:03:56Z</time>
    <name>GeoMock hold</name>
  </wpt>
  <wpt lat="1.363640" lon="103.752222">
    <time>2024-01-01T01:03:57Z</time>
    <name>GeoMock hold</name>
  </wpt>
  <wpt lat="1.363640" lon="103.752222">
    <time>2024-01-01T01:03:58Z</time>
    <name>GeoMock hold</name>
  </wpt>
  <wpt lat="1.363640" lon="103.752222">
    <time>2024-01-01T01:03:59Z</time>
    <name>GeoMock hold</name>
  </wpt>
  <wpt lat="1.363640" lon="103.752222">
    <time>2024-01-01T01:04:00Z</time>
    <name>GeoMock hold</name>
  </wpt>
  <wpt lat="1.363640" lon="103.752222">
    <time>2024-01-01T01:04:01Z</time>
    <name>GeoMock hold</name>
  </wpt>
  <wpt lat="1.363640" lon="103.752222">
    <time>2024-01-01T01:04:02Z</time>
    <name>GeoMock hold</name>
  </wpt>
  <wpt lat="1.363640" lon="103.752222">
    <time>2024-01-01T01:04:03Z</time>
    <name>GeoMock hold</name>
  </wpt>
  <wpt lat="1.363640" lon="103.752222">
    <time>2024-01-01T01:04:04Z</time>
    <name>GeoMock hold</name>
  </wpt>
  <wpt lat="1.363640" lon="103.752222">
    <time>2024-01-01T01:04:05Z</time>
    <name>GeoMock hold</name>
  </wpt>
  <wpt lat="1.363640" lon="103.752222">
    <time>2024-01-01T01:04:06Z</time>
    <name>GeoMock hold</name>
  </wpt>
  <wpt lat="1.363640" lon="103.752222">
    <time>2024-01-01T01:04:07Z</time>
    <name>GeoMock hold</name>
  </wpt>
  <wpt lat="1.363640" lon="103.752222">
    <time>2024-01-01T01:04:08Z</time>
    <name>GeoMock hold</name>
  </wpt>
  <wpt lat="1.363640" lon="103.752222">
    <time>2024-01-01T01:04:09Z</time>
    <name>GeoMock hold</name>
  </wpt>
  <wpt lat="1.363640" lon="103.752222">
    <time>2024-01-01T01:04:10Z</time>
    <name>GeoMock hold</name>
  </wpt>
  <wpt lat="1.363640" lon="103.752222">
    <time>2024-01-01T01:04:11Z</time>
    <name>GeoMock hold</name>
  </wpt>
  <wpt lat="1.363640" lon="103.752222">
    <time>2024-01-01T01:04:12Z</time>
    <name>GeoMock hold</name>
  </wpt>
  <wpt lat="1.363640" lon="103.752222">
    <time>2024-01-01T01:04:13Z</time>
    <name>GeoMock hold</name>
  </wpt>
  <wpt lat="1.363640" lon="103.752222">
    <time>2024-01-01T01:04:14Z</time>
    <name>GeoMock hold</name>
  </wpt>
  <wpt lat="1.363640" lon="103.752222">
    <time>2024-01-01T01:04:15Z</time>
    <name>GeoMock hold</name>
  </wpt>
  <wpt lat="1.363640" lon="103.752222">
    <time>2024-01-01T01:04:16Z</time>
    <name>GeoMock hold</name>
  </wpt>
  <wpt lat="1.363640" lon="103.752222">
    <time>2024-01-01T01:04:17Z</time>
    <name>GeoMock hold</name>
  </wpt>
  <wpt lat="1.363640" lon="103.752222">
    <time>2024-01-01T01:04:18Z</time>
    <name>GeoMock hold</name>
  </wpt>
  <wpt lat="1.363640" lon="103.752222">
    <time>2024-01-01T01:04:19Z</time>
    <name>GeoMock hold</name>
  </wpt>
  <wpt lat="1.363640" lon="103.752222">
    <time>2024-01-01T01:04:20Z</time>
    <name>GeoMock hold</name>
  </wpt>
  <wpt lat="1.363640" lon="103.752222">
    <time>2024-01-01T01:04:21Z</time>
    <name>GeoMock hold</name>
  </wpt>
  <wpt lat="1.363640" lon="103.752222">
    <time>2024-01-01T01:04:22Z</time>
    <name>GeoMock hold</name>
  </wpt>
  <wpt lat="1.363640" lon="103.752222">
    <time>2024-01-01T01:04:23Z</time>
    <name>GeoMock hold</name>
  </wpt>
  <wpt lat="1.363640" lon="103.752222">
    <time>2024-01-01T01:04:24Z</time>
    <name>GeoMock hold</name>
  </wpt>
  <wpt lat="1.363640" lon="103.752222">
    <time>2024-01-01T01:04:25Z</time>
    <name>GeoMock hold</name>
  </wpt>
  <wpt lat="1.363640" lon="103.752222">
    <time>2024-01-01T01:04:26Z</time>
    <name>GeoMock hold</name>
  </wpt>
  <wpt lat="1.363640" lon="103.752222">
    <time>2024-01-01T01:04:27Z</time>
    <name>GeoMock hold</name>
  </wpt>
  <wpt lat="1.363640" lon="103.752222">
    <time>2024-01-01T01:04:28Z</time>
    <name>GeoMock hold</name>
  </wpt>
  <wpt lat="1.363640" lon="103.752222">
    <time>2024-01-01T01:04:29Z</time>
    <name>GeoMock hold</name>
  </wpt>
  <wpt lat="1.363640" lon="103.752222">
    <time>2024-01-01T01:04:30Z</time>
    <name>GeoMock hold</name>
  </wpt>
  <wpt lat="1.363640" lon="103.752222">
    <time>2024-01-01T01:04:31Z</time>
    <name>GeoMock hold</name>
  </wpt>
  <wpt lat="1.363640" lon="103.752222">
    <time>2024-01-01T01:04:32Z</time>
    <name>GeoMock hold</name>
  </wpt>
  <wpt lat="1.363640" lon="103.752222">
    <time>2024-01-01T01:04:33Z</time>
    <name>GeoMock hold</name>
  </wpt>
  <wpt lat="1.363640" lon="103.752222">
    <time>2024-01-01T01:04:34Z</time>
    <name>GeoMock hold</name>
  </wpt>
  <wpt lat="1.363640" lon="103.752222">
    <time>2024-01-01T01:04:35Z</time>
    <name>GeoMock hold</name>
  </wpt>
  <wpt lat="1.363640" lon="103.752222">
    <time>2024-01-01T01:04:36Z</time>
    <name>GeoMock hold</name>
  </wpt>
  <wpt lat="1.363640" lon="103.752222">
    <time>2024-01-01T01:04:37Z</time>
    <name>GeoMock hold</name>
  </wpt>
  <wpt lat="1.363640" lon="103.752222">
    <time>2024-01-01T01:04:38Z</time>
    <name>GeoMock hold</name>
  </wpt>
  <wpt lat="1.363640" lon="103.752222">
    <time>2024-01-01T01:04:39Z</time>
    <name>GeoMock hold</name>
  </wpt>
  <wpt lat="1.363640" lon="103.752222">
    <time>2024-01-01T01:04:40Z</time>
    <name>GeoMock hold</name>
  </wpt>
  <wpt lat="1.363640" lon="103.752222">
    <time>2024-01-01T01:04:41Z</time>
    <name>GeoMock hold</name>
  </wpt>
  <wpt lat="1.363640" lon="103.752222">
    <time>2024-01-01T01:04:42Z</time>
    <name>GeoMock hold</name>
  </wpt>
  <wpt lat="1.363640" lon="103.752222">
    <time>2024-01-01T01:04:43Z</time>
    <name>GeoMock hold</name>
  </wpt>
  <wpt lat="1.363640" lon="103.752222">
    <time>2024-01-01T01:04:44Z</time>
    <name>GeoMock hold</name>
  </wpt>
  <wpt lat="1.363640" lon="103.752222">
    <time>2024-01-01T01:04:45Z</time>
    <name>GeoMock hold</name>
  </wpt>
  <wpt lat="1.363640" lon="103.752222">
    <time>2024-01-01T01:04:46Z</time>
    <name>GeoMock hold</name>
  </wpt>
  <wpt lat="1.363640" lon="103.752222">
    <time>2024-01-01T01:04:47Z</time>
    <name>GeoMock hold</name>
  </wpt>
  <wpt lat="1.363640" lon="103.752222">
    <time>2024-01-01T01:04:48Z</time>
    <name>GeoMock hold</name>
  </wpt>
  <wpt lat="1.363640" lon="103.752222">
    <time>2024-01-01T01:04:49Z</time>
    <name>GeoMock hold</name>
  </wpt>
  <wpt lat="1.363640" lon="103.752222">
    <time>2024-01-01T01:04:50Z</time>
    <name>GeoMock hold</name>
  </wpt>
  <wpt lat="1.363640" lon="103.752222">
    <time>2024-01-01T01:04:51Z</time>
    <name>GeoMock hold</name>
  </wpt>
  <wpt lat="1.363640" lon="103.752222">
    <time>2024-01-01T01:04:52Z</time>
    <name>GeoMock hold</name>
  </wpt>
  <wpt lat="1.363640" lon="103.752222">
    <time>2024-01-01T01:04:53Z</time>
    <name>GeoMock hold</name>
  </wpt>
  <wpt lat="1.363640" lon="103.752222">
    <time>2024-01-01T01:04:54Z</time>
    <name>GeoMock hold</name>
  </wpt>
  <wpt lat="1.363640" lon="103.752222">
    <time>2024-01-01T01:04:55Z</time>
    <name>GeoMock hold</name>
  </wpt>
  <wpt lat="1.363640" lon="103.752222">
    <time>2024-01-01T01:04:56Z</time>
    <name>GeoMock hold</name>
  </wpt>
  <wpt lat="1.363640" lon="103.752222">
    <time>2024-01-01T01:04:57Z</time>
    <name>GeoMock hold</name>
  </wpt>
  <wpt lat="1.363640" lon="103.752222">
    <time>2024-01-01T01:04:58Z</time>
    <name>GeoMock hold</name>
  </wpt>
  <wpt lat="1.363640" lon="103.752222">
    <time>2024-01-01T01:04:59Z</time>
    <name>GeoMock hold</name>
  </wpt>
  <wpt lat="1.363640" lon="103.752222">
    <time>2024-01-01T01:05:00Z</time>
    <name>GeoMock hold</name>
  </wpt>
  <wpt lat="1.363640" lon="103.752222">
    <time>2024-01-01T01:05:01Z</time>
    <name>GeoMock hold</name>
  </wpt>
  <wpt lat="1.363640" lon="103.752222">
    <time>2024-01-01T01:05:02Z</time>
    <name>GeoMock hold</name>
  </wpt>
  <wpt lat="1.363640" lon="103.752222">
    <time>2024-01-01T01:05:03Z</time>
    <name>GeoMock hold</name>
  </wpt>
  <wpt lat="1.363640" lon="103.752222">
    <time>2024-01-01T01:05:04Z</time>
    <name>GeoMock hold</name>
  </wpt>
  <wpt lat="1.363640" lon="103.752222">
    <time>2024-01-01T01:05:05Z</time>
    <name>GeoMock hold</name>
  </wpt>
  <wpt lat="1.363640" lon="103.752222">
    <time>2024-01-01T01:05:06Z</time>
    <name>GeoMock hold</name>
  </wpt>
  <wpt lat="1.363640" lon="103.752222">
    <time>2024-01-01T01:05:07Z</time>
    <name>GeoMock hold</name>
  </wpt>
  <wpt lat="1.363640" lon="103.752222">
    <time>2024-01-01T01:05:08Z</time>
    <name>GeoMock hold</name>
  </wpt>
  <wpt lat="1.363640" lon="103.752222">
    <time>2024-01-01T01:05:09Z</time>
    <name>GeoMock hold</name>
  </wpt>
  <wpt lat="1.363640" lon="103.752222">
    <time>2024-01-01T01:05:10Z</time>
    <name>GeoMock hold</name>
  </wpt>
  <wpt lat="1.363640" lon="103.752222">
    <time>2024-01-01T01:05:11Z</time>
    <name>GeoMock hold</name>
  </wpt>
  <wpt lat="1.363640" lon="103.752222">
    <time>2024-01-01T01:05:12Z</time>
    <name>GeoMock hold</name>
  </wpt>
  <wpt lat="1.363640" lon="103.752222">
    <time>2024-01-01T01:05:13Z</time>
    <name>GeoMock hold</name>
  </wpt>
  <wpt lat="1.363640" lon="103.752222">
    <time>2024-01-01T01:05:14Z</time>
    <name>GeoMock hold</name>
  </wpt>
  <wpt lat="1.363640" lon="103.752222">
    <time>2024-01-01T01:05:15Z</time>
    <name>GeoMock hold</name>
  </wpt>
  <wpt lat="1.363640" lon="103.752222">
    <time>2024-01-01T01:05:16Z</time>
    <name>GeoMock hold</name>
  </wpt>
  <wpt lat="1.363640" lon="103.752222">
    <time>2024-01-01T01:05:17Z</time>
    <name>GeoMock hold</name>
  </wpt>
  <wpt lat="1.363640" lon="103.752222">
    <time>2024-01-01T01:05:18Z</time>
    <name>GeoMock hold</name>
  </wpt>
  <wpt lat="1.363640" lon="103.752222">
    <time>2024-01-01T01:05:19Z</time>
    <name>GeoMock hold</name>
  </wpt>
  <wpt lat="1.363640" lon="103.752222">
    <time>2024-01-01T01:05:20Z</time>
    <name>GeoMock hold</name>
  </wpt>
  <wpt lat="1.363640" lon="103.752222">
    <time>2024-01-01T01:05:21Z</time>
    <name>GeoMock hold</name>
  </wpt>
  <wpt lat="1.363640" lon="103.752222">
    <time>2024-01-01T01:05:22Z</time>
    <name>GeoMock hold</name>
  </wpt>
  <wpt lat="1.363640" lon="103.752222">
    <time>2024-01-01T01:05:23Z</time>
    <name>GeoMock hold</name>
  </wpt>
  <wpt lat="1.363640" lon="103.752222">
    <time>2024-01-01T01:05:24Z</time>
    <name>GeoMock hold</name>
  </wpt>
  <wpt lat="1.363640" lon="103.752222">
    <time>2024-01-01T01:05:25Z</time>
    <name>GeoMock hold</name>
  </wpt>
  <wpt lat="1.363640" lon="103.752222">
    <time>2024-01-01T01:05:26Z</time>
    <name>GeoMock hold</name>
  </wpt>
  <wpt lat="1.363640" lon="103.752222">
    <time>2024-01-01T01:05:27Z</time>
    <name>GeoMock hold</name>
  </wpt>
  <wpt lat="1.363640" lon="103.752222">
    <time>2024-01-01T01:05:28Z</time>
    <name>GeoMock hold</name>
  </wpt>
  <wpt lat="1.363640" lon="103.752222">
    <time>2024-01-01T01:05:29Z</time>
    <name>GeoMock hold</name>
  </wpt>
  <wpt lat="1.363640" lon="103.752222">
    <time>2024-01-01T01:05:30Z</time>
    <name>GeoMock hold</name>
  </wpt>
  <wpt lat="1.363640" lon="103.752222">
    <time>2024-01-01T01:05:31Z</time>
    <name>GeoMock hold</name>
  </wpt>
  <wpt lat="1.363640" lon="103.752222">
    <time>2024-01-01T01:05:32Z</time>
    <name>GeoMock hold</name>
  </wpt>
  <wpt lat="1.363640" lon="103.752222">
    <time>2024-01-01T01:05:33Z</time>
    <name>GeoMock hold</name>
  </wpt>
  <wpt lat="1.363640" lon="103.752222">
    <time>2024-01-01T01:05:34Z</time>
    <name>GeoMock hold</name>
  </wpt>
  <wpt lat="1.363640" lon="103.752222">
    <time>2024-01-01T01:05:35Z</time>
    <name>GeoMock hold</name>
  </wpt>
  <wpt lat="1.363640" lon="103.752222">
    <time>2024-01-01T01:05:36Z</time>
    <name>GeoMock hold</name>
  </wpt>
  <wpt lat="1.363640" lon="103.752222">
    <time>2024-01-01T01:05:37Z</time>
    <name>GeoMock hold</name>
  </wpt>
  <wpt lat="1.363640" lon="103.752222">
    <time>2024-01-01T01:05:38Z</time>
    <name>GeoMock hold</name>
  </wpt>
  <wpt lat="1.363640" lon="103.752222">
    <time>2024-01-01T01:05:39Z</time>
    <name>GeoMock hold</name>
  </wpt>
  <wpt lat="1.363640" lon="103.752222">
    <time>2024-01-01T01:05:40Z</time>
    <name>GeoMock hold</name>
  </wpt>
  <wpt lat="1.363640" lon="103.752222">
    <time>2024-01-01T01:05:41Z</time>
    <name>GeoMock hold</name>
  </wpt>
  <wpt lat="1.363640" lon="103.752222">
    <time>2024-01-01T01:05:42Z</time>
    <name>GeoMock hold</name>
  </wpt>
  <wpt lat="1.363640" lon="103.752222">
    <time>2024-01-01T01:05:43Z</time>
    <name>GeoMock hold</name>
  </wpt>
  <wpt lat="1.363640" lon="103.752222">
    <time>2024-01-01T01:05:44Z</time>
    <name>GeoMock hold</name>
  </wpt>
  <wpt lat="1.363640" lon="103.752222">
    <time>2024-01-01T01:05:45Z</time>
    <name>GeoMock hold</name>
  </wpt>
  <wpt lat="1.363640" lon="103.752222">
    <time>2024-01-01T01:05:46Z</time>
    <name>GeoMock hold</name>
  </wpt>
  <wpt lat="1.363640" lon="103.752222">
    <time>2024-01-01T01:05:47Z</time>
    <name>GeoMock hold</name>
  </wpt>
  <wpt lat="1.363640" lon="103.752222">
    <time>2024-01-01T01:05:48Z</time>
    <name>GeoMock hold</name>
  </wpt>
  <wpt lat="1.363640" lon="103.752222">
    <time>2024-01-01T01:05:49Z</time>
    <name>GeoMock hold</name>
  </wpt>
</gpx>