<?xml version='1.0' encoding='utf-8'?>
<gpx xmlns="http://www.topografix.com/GPX/1/1" version="1.1" creator="Xcode">
  <wpt lat="1.312183" lon="103.831766">
    <time>2024-01-01T00:00:00.000Z</time>
    <name>Point 1</name>
  </wpt>
  <wpt lat="1.312220" lon="103.831605">
    <time>2024-01-01T00:00:00.806Z</time>
    <name>Point 2</name>
  </wpt>
  <wpt lat="1.312285" lon="103.831412">
    <time>2024-01-01T00:00:01.800Z</time>
    <name>Point 3</name>
  </wpt>
  <wpt lat="1.312295" lon="103.831261">
    <time>2024-01-01T00:00:02.538Z</time>
    <name>Point 4</name>
  </wpt>
  <wpt lat="1.312199" lon="103.831170">
    <time>2024-01-01T00:00:03.184Z</time>
    <name>Point 5</name>
  </wpt>
  <wpt lat="1.312017" lon="103.831106">
    <time>2024-01-01T00:00:04.126Z</time>
    <name>Point 6</name>
  </wpt>
  <wpt lat="1.311845" lon="103.831020">
    <time>2024-01-01T00:00:05.064Z</time>
    <name>Point 7</name>
  </wpt>
  <wpt lat="1.311652" lon="103.830923">
    <time>2024-01-01T00:00:06.119Z</time>
    <name>Point 8</name>
  </wpt>
  <wpt lat="1.311588" lon="103.830854">
    <time>2024-01-01T00:00:06.578Z</time>
    <name>Point 9</name>
  </wpt>
  <wpt lat="1.311689" lon="103.830784">
    <time>2024-01-01T00:00:07.178Z</time>
    <name>Point 10</name>
  </wpt>
  <wpt lat="1.311925" lon="103.830907">
    <time>2024-01-01T00:00:08.477Z</time>
    <name>Point 11</name>
  </wpt>
  <wpt lat="1.312172" lon="103.831058">
    <time>2024-01-01T00:00:09.890Z</time>
    <name>Point 12</name>
  </wpt>
  <wpt lat="1.312365" lon="103.831117">
    <time>2024-01-01T00:00:10.875Z</time>
    <name>Point 13</name>
  </wpt>
  <wpt lat="1.312553" lon="103.831149">
    <time>2024-01-01T00:00:11.806Z</time>
    <name>Point 14</name>
  </wpt>
  <wpt lat="1.312569" lon="103.830999">
    <time>2024-01-01T00:00:12.543Z</time>
    <name>Point 15</name>
  </wpt>
  <wpt lat="1.312618" lon="103.830809">
    <time>2024-01-01T00:00:13.501Z</time>
    <name>Point 16</name>
  </wpt>
  <wpt lat="1.312668" lon="103.830619">
    <time>2024-01-01T00:00:14.459Z</time>
    <name>Point 17</name>
  </wpt>
  <wpt lat="1.312717" lon="103.830429">
    <time>2024-01-01T00:00:15.417Z</time>
    <name>Point 18</name>
  </wpt>
  <wpt lat="1.312767" lon="103.830239">
    <time>2024-01-01T00:00:16.375Z</time>
    <name>Point 19</name>
  </wpt>
  <wpt lat="1.312816" lon="103.830049">
    <time>2024-01-01T00:00:17.333Z</time>
    <name>Point 20</name>
  </wpt>
  <wpt lat="1.312872" lon="103.829849">
    <time>2024-01-01T00:00:18.348Z</time>
    <name>Point 21</name>
  </wpt>
  <wpt lat="1.312929" lon="103.829648">
    <time>2024-01-01T00:00:19.364Z</time>
    <name>Point 22</name>
  </wpt>
  <wpt lat="1.312985" lon="103.829448">
    <time>2024-01-01T00:00:20.380Z</time>
    <name>Point 23</name>
  </wpt>
  <wpt lat="1.313041" lon="103.829248">
    <time>2024-01-01T00:00:21.395Z</time>
    <name>Point 24</name>
  </wpt>
  <wpt lat="1.313098" lon="103.829047">
    <time>2024-01-01T00:00:22.411Z</time>
    <name>Point 25</name>
  </wpt>
  <wpt lat="1.313154" lon="103.828847">
    <time>2024-01-01T00:00:23.427Z</time>
    <name>Point 26</name>
  </wpt>
  <wpt lat="1.313210" lon="103.828657">
    <time>2024-01-01T00:00:24.392Z</time>
    <name>Point 27</name>
  </wpt>
  <wpt lat="1.313265" lon="103.828467">
    <time>2024-01-01T00:00:25.357Z</time>
    <name>Point 28</name>
  </wpt>
  <wpt lat="1.313321" lon="103.828278">
    <time>2024-01-01T00:00:26.323Z</time>
    <name>Point 29</name>
  </wpt>
  <wpt lat="1.313376" lon="103.828088">
    <time>2024-01-01T00:00:27.288Z</time>
    <name>Point 30</name>
  </wpt>
  <wpt lat="1.313432" lon="103.827898">
    <time>2024-01-01T00:00:28.254Z</time>
    <name>Point 31</name>
  </wpt>
  <wpt lat="1.313525" lon="103.827716">
    <time>2024-01-01T00:00:29.252Z</time>
    <name>Point 32</name>
  </wpt>
  <wpt lat="1.313618" lon="103.827533">
    <time>2024-01-01T00:00:30.251Z</time>
    <name>Point 33</name>
  </wpt>
  <wpt lat="1.313711" lon="103.827351">
    <time>2024-01-01T00:00:31.250Z</time>
    <name>Point 34</name>
  </wpt>
  <wpt lat="1.313811" lon="103.827215">
    <time>2024-01-01T00:00:32.075Z</time>
    <name>Point 35</name>
  </wpt>
  <wpt lat="1.313912" lon="103.827079">
    <time>2024-01-01T00:00:32.900Z</time>
    <name>Point 36</name>
  </wpt>
  <wpt lat="1.314012" lon="103.826943">
    <time>2024-01-01T00:00:33.725Z</time>
    <name>Point 37</name>
  </wpt>
  <wpt lat="1.314144" lon="103.826807">
    <time>2024-01-01T00:00:34.651Z</time>
    <name>Point 38</name>
  </wpt>
  <wpt lat="1.314277" lon="103.826671">
    <time>2024-01-01T00:00:35.577Z</time>
    <name>Point 39</name>
  </wpt>
  <wpt lat="1.314409" lon="103.826535">
    <time>2024-01-01T00:00:36.504Z</time>
    <name>Point 40</name>
  </wpt>
  <wpt lat="1.314527" lon="103.826435">
    <time>2024-01-01T00:00:37.257Z</time>
    <name>Point 41</name>
  </wpt>
  <wpt lat="1.314644" lon="103.826335">
    <time>2024-01-01T00:00:38.011Z</time>
    <name>Point 42</name>
  </wpt>
  <wpt lat="1.314762" lon="103.826235">
    <time>2024-01-01T00:00:38.765Z</time>
    <name>Point 43</name>
  </wpt>
  <wpt lat="1.315015" lon="103.826138">
    <time>2024-01-01T00:00:40.088Z</time>
    <name>Point 44</name>
  </wpt>
  <wpt lat="1.315222" lon="103.826101">
    <time>2024-01-01T00:00:41.114Z</time>
    <name>Point 45</name>
  </wpt>
  <wpt lat="1.315429" lon="103.826063">
    <time>2024-01-01T00:00:42.141Z</time>
    <name>Point 46</name>
  </wpt>
  <wpt lat="1.315636" lon="103.826026">
    <time>2024-01-01T00:00:43.168Z</time>
    <name>Point 47</name>
  </wpt>
  <wpt lat="1.315843" lon="103.825988">
    <time>2024-01-01T00:00:44.195Z</time>
    <name>Point 48</name>
  </wpt>
  <wpt lat="1.316050" lon="103.825951">
    <time>2024-01-01T00:00:45.222Z</time>
    <name>Point 49</name>
  </wpt>
  <wpt lat="1.316252" lon="103.825925">
    <time>2024-01-01T00:00:46.217Z</time>
    <name>Point 50</name>
  </wpt>
  <wpt lat="1.316454" lon="103.825899">
    <time>2024-01-01T00:00:47.212Z</time>
    <name>Point 51</name>
  </wpt>
  <wpt lat="1.316656" lon="103.825873">
    <time>2024-01-01T00:00:48.207Z</time>
    <name>Point 52</name>
  </wpt>
  <wpt lat="1.316859" lon="103.825846">
    <time>2024-01-01T00:00:49.202Z</time>
    <name>Point 53</name>
  </wpt>
  <wpt lat="1.317061" lon="103.825820">
    <time>2024-01-01T00:00:50.197Z</time>
    <name>Point 54</name>
  </wpt>
  <wpt lat="1.317263" lon="103.825794">
    <time>2024-01-01T00:00:51.192Z</time>
    <name>Point 55</name>
  </wpt>
  <wpt lat="1.317465" lon="103.825768">
    <time>2024-01-01T00:00:52.187Z</time>
    <name>Point 56</name>
  </wpt>
  <wpt lat="1.317653" lon="103.825737">
    <time>2024-01-01T00:00:53.115Z</time>
    <name>Point 57</name>
  </wpt>
  <wpt lat="1.317840" lon="103.825706">
    <time>2024-01-01T00:00:54.044Z</time>
    <name>Point 58</name>
  </wpt>
  <wpt lat="1.318028" lon="103.825676">
    <time>2024-01-01T00:00:54.973Z</time>
    <name>Point 59</name>
  </wpt>
  <wpt lat="1.318216" lon="103.825645">
    <time>2024-01-01T00:00:55.902Z</time>
    <name>Point 60</name>
  </wpt>
  <wpt lat="1.318426" lon="103.825610">
    <time>2024-01-01T00:00:56.942Z</time>
    <name>Point 61</name>
  </wpt>
  <wpt lat="1.318637" lon="103.825576">
    <time>2024-01-01T00:00:57.983Z</time>
    <name>Point 62</name>
  </wpt>
  <wpt lat="1.318847" lon="103.825541">
    <time>2024-01-01T00:00:59.023Z</time>
    <name>Point 63</name>
  </wpt>
  <wpt lat="1.319057" lon="103.825507">
    <time>2024-01-01T00:01:00.064Z</time>
    <name>Point 64</name>
  </wpt>
  <wpt lat="1.319268" lon="103.825472">
    <time>2024-01-01T00:01:01.104Z</time>
    <name>Point 65</name>
  </wpt>
  <wpt lat="1.319478" lon="103.825438">
    <time>2024-01-01T00:01:02.145Z</time>
    <name>Point 66</name>
  </wpt>
  <wpt lat="1.319688" lon="103.825403">
    <time>2024-01-01T00:01:03.185Z</time>
    <name>Point 67</name>
  </wpt>
  <wpt lat="1.319899" lon="103.825369">
    <time>2024-01-01T00:01:04.226Z</time>
    <name>Point 68</name>
  </wpt>
  <wpt lat="1.320109" lon="103.825334">
    <time>2024-01-01T00:01:05.267Z</time>
    <name>Point 69</name>
  </wpt>
  <wpt lat="1.320254" lon="103.825264">
    <time>2024-01-01T00:01:06.053Z</time>
    <name>Point 70</name>
  </wpt>
  <wpt lat="1.320437" lon="103.825141">
    <time>2024-01-01T00:01:07.130Z</time>
    <name>Point 71</name>
  </wpt>
  <wpt lat="1.320533" lon="103.825049">
    <time>2024-01-01T00:01:07.779Z</time>
    <name>Point 72</name>
  </wpt>
  <wpt lat="1.320640" lon="103.824760">
    <time>2024-01-01T00:01:09.283Z</time>
    <name>Point 73</name>
  </wpt>
  <wpt lat="1.320703" lon="103.824566">
    <time>2024-01-01T00:01:10.278Z</time>
    <name>Point 74</name>
  </wpt>
  <wpt lat="1.320765" lon="103.824372">
    <time>2024-01-01T00:01:11.273Z</time>
    <name>Point 75</name>
  </wpt>
  <wpt lat="1.320828" lon="103.824178">
    <time>2024-01-01T00:01:12.268Z</time>
    <name>Point 76</name>
  </wpt>
  <wpt lat="1.320891" lon="103.823984">
    <time>2024-01-01T00:01:13.263Z</time>
    <name>Point 77</name>
  </wpt>
  <wpt lat="1.320953" lon="103.823790">
    <time>2024-01-01T00:01:14.258Z</time>
    <name>Point 78</name>
  </wpt>
  <wpt lat="1.321016" lon="103.823596">
    <time>2024-01-01T00:01:15.253Z</time>
    <name>Point 79</name>
  </wpt>
  <wpt lat="1.321144" lon="103.823177">
    <time>2024-01-01T00:01:17.391Z</time>
    <name>Point 80</name>
  </wpt>
  <wpt lat="1.321273" lon="103.822979">
    <time>2024-01-01T00:01:18.544Z</time>
    <name>Point 81</name>
  </wpt>
  <wpt lat="1.321407" lon="103.822759">
    <time>2024-01-01T00:01:19.802Z</time>
    <name>Point 82</name>
  </wpt>
  <wpt lat="1.321467" lon="103.822546">
    <time>2024-01-01T00:01:20.880Z</time>
    <name>Point 83</name>
  </wpt>
  <wpt lat="1.321528" lon="103.822334">
    <time>2024-01-01T00:01:21.959Z</time>
    <name>Point 84</name>
  </wpt>
  <wpt lat="1.321588" lon="103.822121">
    <time>2024-01-01T00:01:23.037Z</time>
    <name>Point 85</name>
  </wpt>
  <wpt lat="1.321649" lon="103.821909">
    <time>2024-01-01T00:01:24.116Z</time>
    <name>Point 86</name>
  </wpt>
  <wpt lat="1.321709" lon="103.821696">
    <time>2024-01-01T00:01:25.195Z</time>
    <name>Point 87</name>
  </wpt>
  <wpt lat="1.321769" lon="103.821483">
    <time>2024-01-01T00:01:26.273Z</time>
    <name>Point 88</name>
  </wpt>
  <wpt lat="1.321830" lon="103.821271">
    <time>2024-01-01T00:01:27.352Z</time>
    <name>Point 89</name>
  </wpt>
  <wpt lat="1.321890" lon="103.821058">
    <time>2024-01-01T00:01:28.431Z</time>
    <name>Point 90</name>
  </wpt>
  <wpt lat="1.321938" lon="103.820870">
    <time>2024-01-01T00:01:29.376Z</time>
    <name>Point 91</name>
  </wpt>
  <wpt lat="1.321986" lon="103.820683">
    <time>2024-01-01T00:01:30.322Z</time>
    <name>Point 92</name>
  </wpt>
  <wpt lat="1.322035" lon="103.820495">
    <time>2024-01-01T00:01:31.268Z</time>
    <name>Point 93</name>
  </wpt>
  <wpt lat="1.322083" lon="103.820307">
    <time>2024-01-01T00:01:32.213Z</time>
    <name>Point 94</name>
  </wpt>
  <wpt lat="1.322131" lon="103.820120">
    <time>2024-01-01T00:01:33.159Z</time>
    <name>Point 95</name>
  </wpt>
  <wpt lat="1.322179" lon="103.819932">
    <time>2024-01-01T00:01:34.105Z</time>
    <name>Point 96</name>
  </wpt>
  <wpt lat="1.322212" lon="103.819717">
    <time>2024-01-01T00:01:35.167Z</time>
    <name>Point 97</name>
  </wpt>
  <wpt lat="1.322249" lon="103.819588">
    <time>2024-01-01T00:01:35.822Z</time>
    <name>Point 98</name>
  </wpt>
  <wpt lat="1.322299" lon="103.819408">
    <time>2024-01-01T00:01:36.735Z</time>
    <name>Point 99</name>
  </wpt>
  <wpt lat="1.322349" lon="103.819227">
    <time>2024-01-01T00:01:37.648Z</time>
    <name>Point 100</name>
  </wpt>
  <wpt lat="1.322399" lon="103.819047">
    <time>2024-01-01T00:01:38.562Z</time>
    <name>Point 101</name>
  </wpt>
  <wpt lat="1.322429" lon="103.818835">
    <time>2024-01-01T00:01:39.606Z</time>
    <name>Point 102</name>
  </wpt>
  <wpt lat="1.322459" lon="103.818623">
    <time>2024-01-01T00:01:40.651Z</time>
    <name>Point 103</name>
  </wpt>
  <wpt lat="1.322489" lon="103.818411">
    <time>2024-01-01T00:01:41.695Z</time>
    <name>Point 104</name>
  </wpt>
  <wpt lat="1.322519" lon="103.818199">
    <time>2024-01-01T00:01:42.740Z</time>
    <name>Point 105</name>
  </wpt>
  <wpt lat="1.322550" lon="103.817988">
    <time>2024-01-01T00:01:43.784Z</time>
    <name>Point 106</name>
  </wpt>
  <wpt lat="1.322580" lon="103.817776">
    <time>2024-01-01T00:01:44.829Z</time>
    <name>Point 107</name>
  </wpt>
  <wpt lat="1.322610" lon="103.817564">
    <time>2024-01-01T00:01:45.873Z</time>
    <name>Point 108</name>
  </wpt>
  <wpt lat="1.322640" lon="103.817352">
    <time>2024-01-01T00:01:46.918Z</time>
    <name>Point 109</name>
  </wpt>
  <wpt lat="1.322670" lon="103.817140">
    <time>2024-01-01T00:01:47.962Z</time>
    <name>Point 110</name>
  </wpt>
  <wpt lat="1.322700" lon="103.816928">
    <time>2024-01-01T00:01:49.007Z</time>
    <name>Point 111</name>
  </wpt>
  <wpt lat="1.322716" lon="103.816752">
    <time>2024-01-01T00:01:49.868Z</time>
    <name>Point 112</name>
  </wpt>
  <wpt lat="1.322732" lon="103.816576">
    <time>2024-01-01T00:01:50.729Z</time>
    <name>Point 113</name>
  </wpt>
  <wpt lat="1.322748" lon="103.816401">
    <time>2024-01-01T00:01:51.590Z</time>
    <name>Point 114</name>
  </wpt>
  <wpt lat="1.322764" lon="103.816225">
    <time>2024-01-01T00:01:52.452Z</time>
    <name>Point 115</name>
  </wpt>
  <wpt lat="1.322785" lon="103.816048">
    <time>2024-01-01T00:01:53.322Z</time>
    <name>Point 116</name>
  </wpt>
  <wpt lat="1.322807" lon="103.815871">
    <time>2024-01-01T00:01:54.192Z</time>
    <name>Point 117</name>
  </wpt>
  <wpt lat="1.322828" lon="103.815694">
    <time>2024-01-01T00:01:55.063Z</time>
    <name>Point 118</name>
  </wpt>
  <wpt lat="1.322853" lon="103.815487">
    <time>2024-01-01T00:01:56.080Z</time>
    <name>Point 119</name>
  </wpt>
  <wpt lat="1.322877" lon="103.815280">
    <time>2024-01-01T00:01:57.097Z</time>
    <name>Point 120</name>
  </wpt>
  <wpt lat="1.322902" lon="103.815073">
    <time>2024-01-01T00:01:58.114Z</time>
    <name>Point 121</name>
  </wpt>
  <wpt lat="1.322926" lon="103.814866">
    <time>2024-01-01T00:01:59.132Z</time>
    <name>Point 122</name>
  </wpt>
  <wpt lat="1.322951" lon="103.814659">
    <time>2024-01-01T00:02:00.149Z</time>
    <name>Point 123</name>
  </wpt>
  <wpt lat="1.322975" lon="103.814452">
    <time>2024-01-01T00:02:01.166Z</time>
    <name>Point 124</name>
  </wpt>
  <wpt lat="1.323000" lon="103.814245">
    <time>2024-01-01T00:02:02.184Z</time>
    <name>Point 125</name>
  </wpt>
  <wpt lat="1.323021" lon="103.814059">
    <time>2024-01-01T00:02:03.096Z</time>
    <name>Point 126</name>
  </wpt>
  <wpt lat="1.323043" lon="103.813874">
    <time>2024-01-01T00:02:04.008Z</time>
    <name>Point 127</name>
  </wpt>
  <wpt lat="1.323064" lon="103.813688">
    <time>2024-01-01T00:02:04.920Z</time>
    <name>Point 128</name>
  </wpt>
  <wpt lat="1.323102" lon="103.813484">
    <time>2024-01-01T00:02:05.933Z</time>
    <name>Point 129</name>
  </wpt>
  <wpt lat="1.323134" lon="103.813269">
    <time>2024-01-01T00:02:06.994Z</time>
    <name>Point 130</name>
  </wpt>
  <wpt lat="1.323156" lon="103.813071">
    <time>2024-01-01T00:02:07.966Z</time>
    <name>Point 131</name>
  </wpt>
  <wpt lat="1.323188" lon="103.812765">
    <time>2024-01-01T00:02:09.468Z</time>
    <name>Point 132</name>
  </wpt>
  <wpt lat="1.323218" lon="103.812553">
    <time>2024-01-01T00:02:10.514Z</time>
    <name>Point 133</name>
  </wpt>
  <wpt lat="1.323248" lon="103.812340">
    <time>2024-01-01T00:02:11.561Z</time>
    <name>Point 134</name>
  </wpt>
  <wpt lat="1.323278" lon="103.812128">
    <time>2024-01-01T00:02:12.608Z</time>
    <name>Point 135</name>
  </wpt>
  <wpt lat="1.323308" lon="103.811915">
    <time>2024-01-01T00:02:13.655Z</time>
    <name>Point 136</name>
  </wpt>
  <wpt lat="1.323338" lon="103.811703">
    <time>2024-01-01T00:02:14.702Z</time>
    <name>Point 137</name>
  </wpt>
  <wpt lat="1.323392" lon="103.811547">
    <time>2024-01-01T00:02:15.505Z</time>
    <name>Point 138</name>
  </wpt>
  <wpt lat="1.323445" lon="103.811392">
    <time>2024-01-01T00:02:16.309Z</time>
    <name>Point 139</name>
  </wpt>
  <wpt lat="1.323499" lon="103.811236">
    <time>2024-01-01T00:02:17.113Z</time>
    <name>Point 140</name>
  </wpt>
  <wpt lat="1.323660" lon="103.810957">
    <time>2024-01-01T00:02:18.685Z</time>
    <name>Point 141</name>
  </wpt>
  <wpt lat="1.323760" lon="103.810816">
    <time>2024-01-01T00:02:19.530Z</time>
    <name>Point 142</name>
  </wpt>
  <wpt lat="1.323860" lon="103.810674">
    <time>2024-01-01T00:02:20.375Z</time>
    <name>Point 143</name>
  </wpt>
  <wpt lat="1.323960" lon="103.810533">
    <time>2024-01-01T00:02:21.220Z</time>
    <name>Point 144</name>
  </wpt>
  <wpt lat="1.324079" lon="103.810364">
    <time>2024-01-01T00:02:22.227Z</time>
    <name>Point 145</name>
  </wpt>
  <wpt lat="1.324197" lon="103.810195">
    <time>2024-01-01T00:02:23.235Z</time>
    <name>Point 146</name>
  </wpt>
  <wpt lat="1.324316" lon="103.810026">
    <time>2024-01-01T00:02:24.243Z</time>
    <name>Point 147</name>
  </wpt>
  <wpt lat="1.324434" lon="103.809857">
    <time>2024-01-01T00:02:25.251Z</time>
    <name>Point 148</name>
  </wpt>
  <wpt lat="1.324553" lon="103.809688">
    <time>2024-01-01T00:02:26.259Z</time>
    <name>Point 149</name>
  </wpt>
  <wpt lat="1.324672" lon="103.809519">
    <time>2024-01-01T00:02:27.267Z</time>
    <name>Point 150</name>
  </wpt>
  <wpt lat="1.324790" lon="103.809350">
    <time>2024-01-01T00:02:28.275Z</time>
    <name>Point 151</name>
  </wpt>
  <wpt lat="1.324909" lon="103.809181">
    <time>2024-01-01T00:02:29.283Z</time>
    <name>Point 152</name>
  </wpt>
  <wpt lat="1.325025" lon="103.808999">
    <time>2024-01-01T00:02:30.333Z</time>
    <name>Point 153</name>
  </wpt>
  <wpt lat="1.325140" lon="103.808818">
    <time>2024-01-01T00:02:31.384Z</time>
    <name>Point 154</name>
  </wpt>
  <wpt lat="1.325256" lon="103.808636">
    <time>2024-01-01T00:02:32.435Z</time>
    <name>Point 155</name>
  </wpt>
  <wpt lat="1.325372" lon="103.808455">
    <time>2024-01-01T00:02:33.486Z</time>
    <name>Point 156</name>
  </wpt>
  <wpt lat="1.325488" lon="103.808273">
    <time>2024-01-01T00:02:34.537Z</time>
    <name>Point 157</name>
  </wpt>
  <wpt lat="1.325603" lon="103.808092">
    <time>2024-01-01T00:02:35.588Z</time>
    <name>Point 158</name>
  </wpt>
  <wpt lat="1.325719" lon="103.807910">
    <time>2024-01-01T00:02:36.639Z</time>
    <name>Point 159</name>
  </wpt>
  <wpt lat="1.325828" lon="103.807756">
    <time>2024-01-01T00:02:37.559Z</time>
    <name>Point 160</name>
  </wpt>
  <wpt lat="1.325937" lon="103.807602">
    <time>2024-01-01T00:02:38.479Z</time>
    <name>Point 161</name>
  </wpt>
  <wpt lat="1.326046" lon="103.807449">
    <time>2024-01-01T00:02:39.399Z</time>
    <name>Point 162</name>
  </wpt>
  <wpt lat="1.326155" lon="103.807295">
    <time>2024-01-01T00:02:40.319Z</time>
    <name>Point 163</name>
  </wpt>
  <wpt lat="1.326264" lon="103.807141">
    <time>2024-01-01T00:02:41.239Z</time>
    <name>Point 164</name>
  </wpt>
  <wpt lat="1.326373" lon="103.806987">
    <time>2024-01-01T00:02:42.160Z</time>
    <name>Point 165</name>
  </wpt>
  <wpt lat="1.326489" lon="103.806810">
    <time>2024-01-01T00:02:43.193Z</time>
    <name>Point 166</name>
  </wpt>
  <wpt lat="1.326606" lon="103.806633">
    <time>2024-01-01T00:02:44.227Z</time>
    <name>Point 167</name>
  </wpt>
  <wpt lat="1.326722" lon="103.806456">
    <time>2024-01-01T00:02:45.261Z</time>
    <name>Point 168</name>
  </wpt>
  <wpt lat="1.326838" lon="103.806279">
    <time>2024-01-01T00:02:46.295Z</time>
    <name>Point 169</name>
  </wpt>
  <wpt lat="1.326955" lon="103.806102">
    <time>2024-01-01T00:02:47.329Z</time>
    <name>Point 170</name>
  </wpt>
  <wpt lat="1.327071" lon="103.805925">
    <time>2024-01-01T00:02:48.363Z</time>
    <name>Point 171</name>
  </wpt>
  <wpt lat="1.327181" lon="103.805772">
    <time>2024-01-01T00:02:49.281Z</time>
    <name>Point 172</name>
  </wpt>
  <wpt lat="1.327290" lon="103.805620">
    <time>2024-01-01T00:02:50.199Z</time>
    <name>Point 173</name>
  </wpt>
  <wpt lat="1.327400" lon="103.805467">
    <time>2024-01-01T00:02:51.117Z</time>
    <name>Point 174</name>
  </wpt>
  <wpt lat="1.327510" lon="103.805314">
    <time>2024-01-01T00:02:52.035Z</time>
    <name>Point 175</name>
  </wpt>
  <wpt lat="1.327622" lon="103.805144">
    <time>2024-01-01T00:02:53.028Z</time>
    <name>Point 176</name>
  </wpt>
  <wpt lat="1.327734" lon="103.804974">
    <time>2024-01-01T00:02:54.021Z</time>
    <name>Point 177</name>
  </wpt>
  <wpt lat="1.327846" lon="103.804804">
    <time>2024-01-01T00:02:55.014Z</time>
    <name>Point 178</name>
  </wpt>
  <wpt lat="1.327957" lon="103.804634">
    <time>2024-01-01T00:02:56.007Z</time>
    <name>Point 179</name>
  </wpt>
  <wpt lat="1.328069" lon="103.804464">
    <time>2024-01-01T00:02:57.000Z</time>
    <name>Point 180</name>
  </wpt>
  <wpt lat="1.328181" lon="103.804294">
    <time>2024-01-01T00:02:57.994Z</time>
    <name>Point 181</name>
  </wpt>
  <wpt lat="1.328283" lon="103.804141">
    <time>2024-01-01T00:02:58.892Z</time>
    <name>Point 182</name>
  </wpt>
  <wpt lat="1.328385" lon="103.803987">
    <time>2024-01-01T00:02:59.791Z</time>
    <name>Point 183</name>
  </wpt>
  <wpt lat="1.328486" lon="103.803834">
    <time>2024-01-01T00:03:00.689Z</time>
    <name>Point 184</name>
  </wpt>
  <wpt lat="1.328588" lon="103.803680">
    <time>2024-01-01T00:03:01.588Z</time>
    <name>Point 185</name>
  </wpt>
  <wpt lat="1.328690" lon="103.803527">
    <time>2024-01-01T00:03:02.487Z</time>
    <name>Point 186</name>
  </wpt>
  <wpt lat="1.328764" lon="103.803374">
    <time>2024-01-01T00:03:03.314Z</time>
    <name>Point 187</name>
  </wpt>
  <wpt lat="1.328838" lon="103.803222">
    <time>2024-01-01T00:03:04.142Z</time>
    <name>Point 188</name>
  </wpt>
  <wpt lat="1.328911" lon="103.803069">
    <time>2024-01-01T00:03:04.970Z</time>
    <name>Point 189</name>
  </wpt>
  <wpt lat="1.328985" lon="103.802916">
    <time>2024-01-01T00:03:05.798Z</time>
    <name>Point 190</name>
  </wpt>
  <wpt lat="1.329040" lon="103.802746">
    <time>2024-01-01T00:03:06.671Z</time>
    <name>Point 191</name>
  </wpt>
  <wpt lat="1.329095" lon="103.802575">
    <time>2024-01-01T00:03:07.544Z</time>
    <name>Point 192</name>
  </wpt>
  <wpt lat="1.329150" lon="103.802405">
    <time>2024-01-01T00:03:08.417Z</time>
    <name>Point 193</name>
  </wpt>
  <wpt lat="1.329205" lon="103.802235">
    <time>2024-01-01T00:03:09.291Z</time>
    <name>Point 194</name>
  </wpt>
  <wpt lat="1.329265" lon="103.802067">
    <time>2024-01-01T00:03:10.161Z</time>
    <name>Point 195</name>
  </wpt>
  <wpt lat="1.329325" lon="103.801899">
    <time>2024-01-01T00:03:11.031Z</time>
    <name>Point 196</name>
  </wpt>
  <wpt lat="1.329386" lon="103.801732">
    <time>2024-01-01T00:03:11.901Z</time>
    <name>Point 197</name>
  </wpt>
  <wpt lat="1.329446" lon="103.801564">
    <time>2024-01-01T00:03:12.771Z</time>
    <name>Point 198</name>
  </wpt>
  <wpt lat="1.329513" lon="103.801373">
    <time>2024-01-01T00:03:13.759Z</time>
    <name>Point 199</name>
  </wpt>
  <wpt lat="1.329580" lon="103.801182">
    <time>2024-01-01T00:03:14.748Z</time>
    <name>Point 200</name>
  </wpt>
  <wpt lat="1.329647" lon="103.800991">
    <time>2024-01-01T00:03:15.736Z</time>
    <name>Point 201</name>
  </wpt>
  <wpt lat="1.329714" lon="103.800799">
    <time>2024-01-01T00:03:16.725Z</time>
    <name>Point 202</name>
  </wpt>
  <wpt lat="1.329782" lon="103.800608">
    <time>2024-01-01T00:03:17.714Z</time>
    <name>Point 203</name>
  </wpt>
  <wpt lat="1.329849" lon="103.800417">
    <time>2024-01-01T00:03:18.702Z</time>
    <name>Point 204</name>
  </wpt>
  <wpt lat="1.329916" lon="103.800226">
    <time>2024-01-01T00:03:19.691Z</time>
    <name>Point 205</name>
  </wpt>
  <wpt lat="1.329983" lon="103.800035">
    <time>2024-01-01T00:03:20.680Z</time>
    <name>Point 206</name>
  </wpt>
  <wpt lat="1.330059" lon="103.799835">
    <time>2024-01-01T00:03:21.724Z</time>
    <name>Point 207</name>
  </wpt>
  <wpt lat="1.330135" lon="103.799635">
    <time>2024-01-01T00:03:22.768Z</time>
    <name>Point 208</name>
  </wpt>
  <wpt lat="1.330211" lon="103.799435">
    <time>2024-01-01T00:03:23.812Z</time>
    <name>Point 209</name>
  </wpt>
  <wpt lat="1.330286" lon="103.799235">
    <time>2024-01-01T00:03:24.856Z</time>
    <name>Point 210</name>
  </wpt>
  <wpt lat="1.330362" lon="103.799035">
    <time>2024-01-01T00:03:25.900Z</time>
    <name>Point 211</name>
  </wpt>
  <wpt lat="1.330438" lon="103.798835">
    <time>2024-01-01T00:03:26.944Z</time>
    <name>Point 212</name>
  </wpt>
  <wpt lat="1.330514" lon="103.798635">
    <time>2024-01-01T00:03:27.988Z</time>
    <name>Point 213</name>
  </wpt>
  <wpt lat="1.330588" lon="103.798428">
    <time>2024-01-01T00:03:29.060Z</time>
    <name>Point 214</name>
  </wpt>
  <wpt lat="1.330662" lon="103.798221">
    <time>2024-01-01T00:03:30.133Z</time>
    <name>Point 215</name>
  </wpt>
  <wpt lat="1.330736" lon="103.798014">
    <time>2024-01-01T00:03:31.206Z</time>
    <name>Point 216</name>
  </wpt>
  <wpt lat="1.330810" lon="103.797807">
    <time>2024-01-01T00:03:32.279Z</time>
    <name>Point 217</name>
  </wpt>
  <wpt lat="1.330884" lon="103.797600">
    <time>2024-01-01T00:03:33.352Z</time>
    <name>Point 218</name>
  </wpt>
  <wpt lat="1.330947" lon="103.797407">
    <time>2024-01-01T00:03:34.344Z</time>
    <name>Point 219</name>
  </wpt>
  <wpt lat="1.331010" lon="103.797214">
    <time>2024-01-01T00:03:35.336Z</time>
    <name>Point 220</name>
  </wpt>
  <wpt lat="1.331074" lon="103.797020">
    <time>2024-01-01T00:03:36.328Z</time>
    <name>Point 221</name>
  </wpt>
  <wpt lat="1.331137" lon="103.796827">
    <time>2024-01-01T00:03:37.320Z</time>
    <name>Point 222</name>
  </wpt>
  <wpt lat="1.331200" lon="103.796634">
    <time>2024-01-01T00:03:38.312Z</time>
    <name>Point 223</name>
  </wpt>
  <wpt lat="1.331263" lon="103.796441">
    <time>2024-01-01T00:03:39.304Z</time>
    <name>Point 224</name>
  </wpt>
  <wpt lat="1.331326" lon="103.796248">
    <time>2024-01-01T00:03:40.296Z</time>
    <name>Point 225</name>
  </wpt>
  <wpt lat="1.331390" lon="103.796054">
    <time>2024-01-01T00:03:41.288Z</time>
    <name>Point 226</name>
  </wpt>
  <wpt lat="1.331453" lon="103.795861">
    <time>2024-01-01T00:03:42.280Z</time>
    <name>Point 227</name>
  </wpt>
  <wpt lat="1.331516" lon="103.795668">
    <time>2024-01-01T00:03:43.273Z</time>
    <name>Point 228</name>
  </wpt>
  <wpt lat="1.331587" lon="103.795473">
    <time>2024-01-01T00:03:44.287Z</time>
    <name>Point 229</name>
  </wpt>
  <wpt lat="1.331659" lon="103.795277">
    <time>2024-01-01T00:03:45.302Z</time>
    <name>Point 230</name>
  </wpt>
  <wpt lat="1.331730" lon="103.795082">
    <time>2024-01-01T00:03:46.317Z</time>
    <name>Point 231</name>
  </wpt>
  <wpt lat="1.331801" lon="103.794887">
    <time>2024-01-01T00:03:47.331Z</time>
    <name>Point 232</name>
  </wpt>
  <wpt lat="1.331872" lon="103.794692">
    <time>2024-01-01T00:03:48.346Z</time>
    <name>Point 233</name>
  </wpt>
  <wpt lat="1.331944" lon="103.794496">
    <time>2024-01-01T00:03:49.361Z</time>
    <name>Point 234</name>
  </wpt>
  <wpt lat="1.332015" lon="103.794301">
    <time>2024-01-01T00:03:50.376Z</time>
    <name>Point 235</name>
  </wpt>
  <wpt lat="1.332086" lon="103.794112">
    <time>2024-01-01T00:03:51.358Z</time>
    <name>Point 236</name>
  </wpt>
  <wpt lat="1.332156" lon="103.793924">
    <time>2024-01-01T00:03:52.341Z</time>
    <name>Point 237</name>
  </wpt>
  <wpt lat="1.332227" lon="103.793735">
    <time>2024-01-01T00:03:53.323Z</time>
    <name>Point 238</name>
  </wpt>
  <wpt lat="1.332297" lon="103.793547">
    <time>2024-01-01T00:03:54.306Z</time>
    <name>Point 239</name>
  </wpt>
  <wpt lat="1.332368" lon="103.793358">
    <time>2024-01-01T00:03:55.288Z</time>
    <name>Point 240</name>
  </wpt>
  <wpt lat="1.332438" lon="103.793170">
    <time>2024-01-01T00:03:56.271Z</time>
    <name>Point 241</name>
  </wpt>
  <wpt lat="1.332509" lon="103.792981">
    <time>2024-01-01T00:03:57.254Z</time>
    <name>Point 242</name>
  </wpt>
  <wpt lat="1.332575" lon="103.792783">
    <time>2024-01-01T00:03:58.274Z</time>
    <name>Point 243</name>
  </wpt>
  <wpt lat="1.332641" lon="103.792584">
    <time>2024-01-01T00:03:59.295Z</time>
    <name>Point 244</name>
  </wpt>
  <wpt lat="1.332707" lon="103.792385">
    <time>2024-01-01T00:04:00.316Z</time>
    <name>Point 245</name>
  </wpt>
  <wpt lat="1.332773" lon="103.792187">
    <time>2024-01-01T00:04:01.337Z</time>
    <name>Point 246</name>
  </wpt>
  <wpt lat="1.332838" lon="103.791989">
    <time>2024-01-01T00:04:02.358Z</time>
    <name>Point 247</name>
  </wpt>
  <wpt lat="1.332904" lon="103.791790">
    <time>2024-01-01T00:04:03.378Z</time>
    <name>Point 248</name>
  </wpt>
  <wpt lat="1.332970" lon="103.791592">
    <time>2024-01-01T00:04:04.399Z</time>
    <name>Point 249</name>
  </wpt>
  <wpt lat="1.333036" lon="103.791393">
    <time>2024-01-01T00:04:05.420Z</time>
    <name>Point 250</name>
  </wpt>
  <wpt lat="1.333102" lon="103.791195">
    <time>2024-01-01T00:04:06.441Z</time>
    <name>Point 251</name>
  </wpt>
  <wpt lat="1.333168" lon="103.790996">
    <time>2024-01-01T00:04:07.462Z</time>
    <name>Point 252</name>
  </wpt>
  <wpt lat="1.333236" lon="103.790815">
    <time>2024-01-01T00:04:08.404Z</time>
    <name>Point 253</name>
  </wpt>
  <wpt lat="1.333304" lon="103.790635">
    <time>2024-01-01T00:04:09.346Z</time>
    <name>Point 254</name>
  </wpt>
  <wpt lat="1.333372" lon="103.790454">
    <time>2024-01-01T00:04:10.289Z</time>
    <name>Point 255</name>
  </wpt>
  <wpt lat="1.333441" lon="103.790260">
    <time>2024-01-01T00:04:11.294Z</time>
    <name>Point 256</name>
  </wpt>
  <wpt lat="1.333511" lon="103.790066">
    <time>2024-01-01T00:04:12.300Z</time>
    <name>Point 257</name>
  </wpt>
  <wpt lat="1.333580" lon="103.789872">
    <time>2024-01-01T00:04:13.306Z</time>
    <name>Point 258</name>
  </wpt>
  <wpt lat="1.333649" lon="103.789678">
    <time>2024-01-01T00:04:14.311Z</time>
    <name>Point 259</name>
  </wpt>
  <wpt lat="1.333718" lon="103.789484">
    <time>2024-01-01T00:04:15.317Z</time>
    <name>Point 260</name>
  </wpt>
  <wpt lat="1.333788" lon="103.789289">
    <time>2024-01-01T00:04:16.323Z</time>
    <name>Point 261</name>
  </wpt>
  <wpt lat="1.333857" lon="103.789095">
    <time>2024-01-01T00:04:17.329Z</time>
    <name>Point 262</name>
  </wpt>
  <wpt lat="1.333926" lon="103.788901">
    <time>2024-01-01T00:04:18.334Z</time>
    <name>Point 263</name>
  </wpt>
  <wpt lat="1.333995" lon="103.788707">
    <time>2024-01-01T00:04:19.340Z</time>
    <name>Point 264</name>
  </wpt>
  <wpt lat="1.334065" lon="103.788513">
    <time>2024-01-01T00:04:20.346Z</time>
    <name>Point 265</name>
  </wpt>
  <wpt lat="1.334134" lon="103.788319">
    <time>2024-01-01T00:04:21.352Z</time>
    <name>Point 266</name>
  </wpt>
  <wpt lat="1.334205" lon="103.788120">
    <time>2024-01-01T00:04:22.382Z</time>
    <name>Point 267</name>
  </wpt>
  <wpt lat="1.334276" lon="103.787921">
    <time>2024-01-01T00:04:23.413Z</time>
    <name>Point 268</name>
  </wpt>
  <wpt lat="1.334347" lon="103.787723">
    <time>2024-01-01T00:04:24.443Z</time>
    <name>Point 269</name>
  </wpt>
  <wpt lat="1.334419" lon="103.787524">
    <time>2024-01-01T00:04:25.474Z</time>
    <name>Point 270</name>
  </wpt>
  <wpt lat="1.334490" lon="103.787325">
    <time>2024-01-01T00:04:26.504Z</time>
    <name>Point 271</name>
  </wpt>
  <wpt lat="1.334561" lon="103.787126">
    <time>2024-01-01T00:04:27.535Z</time>
    <name>Point 272</name>
  </wpt>
  <wpt lat="1.334632" lon="103.786927">
    <time>2024-01-01T00:04:28.565Z</time>
    <name>Point 273</name>
  </wpt>
  <wpt lat="1.334703" lon="103.786729">
    <time>2024-01-01T00:04:29.596Z</time>
    <name>Point 274</name>
  </wpt>
  <wpt lat="1.334774" lon="103.786530">
    <time>2024-01-01T00:04:30.626Z</time>
    <name>Point 275</name>
  </wpt>
  <wpt lat="1.334845" lon="103.786331">
    <time>2024-01-01T00:04:31.657Z</time>
    <name>Point 276</name>
  </wpt>
  <wpt lat="1.334916" lon="103.786132">
    <time>2024-01-01T00:04:32.687Z</time>
    <name>Point 277</name>
  </wpt>
  <wpt lat="1.334988" lon="103.785933">
    <time>2024-01-01T00:04:33.718Z</time>
    <name>Point 278</name>
  </wpt>
  <wpt lat="1.335059" lon="103.785735">
    <time>2024-01-01T00:04:34.748Z</time>
    <name>Point 279</name>
  </wpt>
  <wpt lat="1.335130" lon="103.785536">
    <time>2024-01-01T00:04:35.779Z</time>
    <name>Point 280</name>
  </wpt>
  <wpt lat="1.335201" lon="103.785337">
    <time>2024-01-01T00:04:36.810Z</time>
    <name>Point 281</name>
  </wpt>
  <wpt lat="1.335268" lon="103.785151">
    <time>2024-01-01T00:04:37.774Z</time>
    <name>Point 282</name>
  </wpt>
  <wpt lat="1.335335" lon="103.784965">
    <time>2024-01-01T00:04:38.739Z</time>
    <name>Point 283</name>
  </wpt>
  <wpt lat="1.335402" lon="103.784779">
    <time>2024-01-01T00:04:39.704Z</time>
    <name>Point 284</name>
  </wpt>
  <wpt lat="1.335469" lon="103.784593">
    <time>2024-01-01T00:04:40.669Z</time>
    <name>Point 285</name>
  </wpt>
  <wpt lat="1.335536" lon="103.784407">
    <time>2024-01-01T00:04:41.634Z</time>
    <name>Point 286</name>
  </wpt>
  <wpt lat="1.335603" lon="103.784221">
    <time>2024-01-01T00:04:42.599Z</time>
    <name>Point 287</name>
  </wpt>
  <wpt lat="1.335679" lon="103.784010">
    <time>2024-01-01T00:04:43.694Z</time>
    <name>Point 288</name>
  </wpt>
  <wpt lat="1.335754" lon="103.783798">
    <time>2024-01-01T00:04:44.790Z</time>
    <name>Point 289</name>
  </wpt>
  <wpt lat="1.335830" lon="103.783587">
    <time>2024-01-01T00:04:45.886Z</time>
    <name>Point 290</name>
  </wpt>
  <wpt lat="1.335905" lon="103.783375">
    <time>2024-01-01T00:04:46.981Z</time>
    <name>Point 291</name>
  </wpt>
  <wpt lat="1.335981" lon="103.783164">
    <time>2024-01-01T00:04:48.077Z</time>
    <name>Point 292</name>
  </wpt>
  <wpt lat="1.336057" lon="103.782953">
    <time>2024-01-01T00:04:49.173Z</time>
    <name>Point 293</name>
  </wpt>
  <wpt lat="1.336132" lon="103.782741">
    <time>2024-01-01T00:04:50.268Z</time>
    <name>Point 294</name>
  </wpt>
  <wpt lat="1.336208" lon="103.782530">
    <time>2024-01-01T00:04:51.364Z</time>
    <name>Point 295</name>
  </wpt>
  <wpt lat="1.336283" lon="103.782318">
    <time>2024-01-01T00:04:52.460Z</time>
    <name>Point 296</name>
  </wpt>
  <wpt lat="1.336359" lon="103.782107">
    <time>2024-01-01T00:04:53.556Z</time>
    <name>Point 297</name>
  </wpt>
  <wpt lat="1.336434" lon="103.781910">
    <time>2024-01-01T00:04:54.583Z</time>
    <name>Point 298</name>
  </wpt>
  <wpt lat="1.336509" lon="103.781714">
    <time>2024-01-01T00:04:55.610Z</time>
    <name>Point 299</name>
  </wpt>
  <wpt lat="1.336584" lon="103.781517">
    <time>2024-01-01T00:04:56.638Z</time>
    <name>Point 300</name>
  </wpt>
  <wpt lat="1.336638" lon="103.781369">
    <time>2024-01-01T00:04:57.408Z</time>
    <name>Point 301</name>
  </wpt>
  <wpt lat="1.336691" lon="103.781220">
    <time>2024-01-01T00:04:58.178Z</time>
    <name>Point 302</name>
  </wpt>
  <wpt lat="1.336745" lon="103.781072">
    <time>2024-01-01T00:04:58.948Z</time>
    <name>Point 303</name>
  </wpt>
  <wpt lat="1.336790" lon="103.780913">
    <time>2024-01-01T00:04:59.755Z</time>
    <name>Point 304</name>
  </wpt>
  <wpt lat="1.336834" lon="103.780753">
    <time>2024-01-01T00:05:00.563Z</time>
    <name>Point 305</name>
  </wpt>
  <wpt lat="1.336879" lon="103.780594">
    <time>2024-01-01T00:05:01.371Z</time>
    <name>Point 306</name>
  </wpt>
  <wpt lat="1.336949" lon="103.780394">
    <time>2024-01-01T00:05:02.405Z</time>
    <name>Point 307</name>
  </wpt>
  <wpt lat="1.337019" lon="103.780194">
    <time>2024-01-01T00:05:03.440Z</time>
    <name>Point 308</name>
  </wpt>
  <wpt lat="1.337089" lon="103.779993">
    <time>2024-01-01T00:05:04.475Z</time>
    <name>Point 309</name>
  </wpt>
  <wpt lat="1.337158" lon="103.779793">
    <time>2024-01-01T00:05:05.509Z</time>
    <name>Point 310</name>
  </wpt>
  <wpt lat="1.337228" lon="103.779593">
    <time>2024-01-01T00:05:06.544Z</time>
    <name>Point 311</name>
  </wpt>
  <wpt lat="1.337298" lon="103.779393">
    <time>2024-01-01T00:05:07.579Z</time>
    <name>Point 312</name>
  </wpt>
  <wpt lat="1.337405" lon="103.779109">
    <time>2024-01-01T00:05:09.060Z</time>
    <name>Point 313</name>
  </wpt>
  <wpt lat="1.337480" lon="103.778974">
    <time>2024-01-01T00:05:09.814Z</time>
    <name>Point 314</name>
  </wpt>
  <wpt lat="1.337523" lon="103.778792">
    <time>2024-01-01T00:05:10.726Z</time>
    <name>Point 315</name>
  </wpt>
  <wpt lat="1.337577" lon="103.778642">
    <time>2024-01-01T00:05:11.504Z</time>
    <name>Point 316</name>
  </wpt>
  <wpt lat="1.337614" lon="103.778486">
    <time>2024-01-01T00:05:12.287Z</time>
    <name>Point 317</name>
  </wpt>
  <wpt lat="1.337732" lon="103.778293">
    <time>2024-01-01T00:05:13.391Z</time>
    <name>Point 318</name>
  </wpt>
  <wpt lat="1.337793" lon="103.778139">
    <time>2024-01-01T00:05:14.197Z</time>
    <name>Point 319</name>
  </wpt>
  <wpt lat="1.337853" lon="103.777986">
    <time>2024-01-01T00:05:15.003Z</time>
    <name>Point 320</name>
  </wpt>
  <wpt lat="1.337914" lon="103.777832">
    <time>2024-01-01T00:05:15.810Z</time>
    <name>Point 321</name>
  </wpt>
  <wpt lat="1.338043" lon="103.777703">
    <time>2024-01-01T00:05:16.700Z</time>
    <name>Point 322</name>
  </wpt>
  <wpt lat="1.338145" lon="103.777590">
    <time>2024-01-01T00:05:17.443Z</time>
    <name>Point 323</name>
  </wpt>
  <wpt lat="1.338263" lon="103.777456">
    <time>2024-01-01T00:05:18.315Z</time>
    <name>Point 324</name>
  </wpt>
  <wpt lat="1.338397" lon="103.777306">
    <time>2024-01-01T00:05:19.297Z</time>
    <name>Point 325</name>
  </wpt>
  <wpt lat="1.338553" lon="103.777193">
    <time>2024-01-01T00:05:20.235Z</time>
    <name>Point 326</name>
  </wpt>
  <wpt lat="1.338708" lon="103.777081">
    <time>2024-01-01T00:05:21.173Z</time>
    <name>Point 327</name>
  </wpt>
  <wpt lat="1.338864" lon="103.776968">
    <time>2024-01-01T00:05:22.111Z</time>
    <name>Point 328</name>
  </wpt>
  <wpt lat="1.339012" lon="103.776850">
    <time>2024-01-01T00:05:23.033Z</time>
    <name>Point 329</name>
  </wpt>
  <wpt lat="1.339159" lon="103.776732">
    <time>2024-01-01T00:05:23.955Z</time>
    <name>Point 330</name>
  </wpt>
  <wpt lat="1.339306" lon="103.776614">
    <time>2024-01-01T00:05:24.877Z</time>
    <name>Point 331</name>
  </wpt>
  <wpt lat="1.339454" lon="103.776496">
    <time>2024-01-01T00:05:25.799Z</time>
    <name>Point 332</name>
  </wpt>
  <wpt lat="1.339586" lon="103.776398">
    <time>2024-01-01T00:05:26.602Z</time>
    <name>Point 333</name>
  </wpt>
  <wpt lat="1.339718" lon="103.776299">
    <time>2024-01-01T00:05:27.405Z</time>
    <name>Point 334</name>
  </wpt>
  <wpt lat="1.339850" lon="103.776201">
    <time>2024-01-01T00:05:28.209Z</time>
    <name>Point 335</name>
  </wpt>
  <wpt lat="1.339947" lon="103.776008">
    <time>2024-01-01T00:05:29.263Z</time>
    <name>Point 336</name>
  </wpt>
  <wpt lat="1.340103" lon="103.775809">
    <time>2024-01-01T00:05:30.498Z</time>
    <name>Point 337</name>
  </wpt>
  <wpt lat="1.340167" lon="103.775622">
    <time>2024-01-01T00:05:31.462Z</time>
    <name>Point 338</name>
  </wpt>
  <wpt lat="1.340169" lon="103.775438">
    <time>2024-01-01T00:05:32.361Z</time>
    <name>Point 339</name>
  </wpt>
  <wpt lat="1.340170" lon="103.775253">
    <time>2024-01-01T00:05:33.261Z</time>
    <name>Point 340</name>
  </wpt>
  <wpt lat="1.340172" lon="103.775069">
    <time>2024-01-01T00:05:34.161Z</time>
    <name>Point 341</name>
  </wpt>
  <wpt lat="1.340177" lon="103.774869">
    <time>2024-01-01T00:05:35.136Z</time>
    <name>Point 342</name>
  </wpt>
  <wpt lat="1.340181" lon="103.774670">
    <time>2024-01-01T00:05:36.111Z</time>
    <name>Point 343</name>
  </wpt>
  <wpt lat="1.340186" lon="103.774470">
    <time>2024-01-01T00:05:37.086Z</time>
    <name>Point 344</name>
  </wpt>
  <wpt lat="1.340191" lon="103.774270">
    <time>2024-01-01T00:05:38.061Z</time>
    <name>Point 345</name>
  </wpt>
  <wpt lat="1.340196" lon="103.774070">
    <time>2024-01-01T00:05:39.036Z</time>
    <name>Point 346</name>
  </wpt>
  <wpt lat="1.340200" lon="103.773871">
    <time>2024-01-01T00:05:40.011Z</time>
    <name>Point 347</name>
  </wpt>
  <wpt lat="1.340205" lon="103.773671">
    <time>2024-01-01T00:05:40.986Z</time>
    <name>Point 348</name>
  </wpt>
  <wpt lat="1.340210" lon="103.773471">
    <time>2024-01-01T00:05:41.962Z</time>
    <name>Point 349</name>
  </wpt>
  <wpt lat="1.340228" lon="103.773290">
    <time>2024-01-01T00:05:42.848Z</time>
    <name>Point 350</name>
  </wpt>
  <wpt lat="1.340245" lon="103.773110">
    <time>2024-01-01T00:05:43.734Z</time>
    <name>Point 351</name>
  </wpt>
  <wpt lat="1.340263" lon="103.772929">
    <time>2024-01-01T00:05:44.620Z</time>
    <name>Point 352</name>
  </wpt>
  <wpt lat="1.340349" lon="103.772682">
    <time>2024-01-01T00:05:45.896Z</time>
    <name>Point 353</name>
  </wpt>
  <wpt lat="1.340467" lon="103.772435">
    <time>2024-01-01T00:05:47.232Z</time>
    <name>Point 354</name>
  </wpt>
  <wpt lat="1.340617" lon="103.772199">
    <time>2024-01-01T00:05:48.597Z</time>
    <name>Point 355</name>
  </wpt>
  <wpt lat="1.340778" lon="103.772033">
    <time>2024-01-01T00:05:49.726Z</time>
    <name>Point 356</name>
  </wpt>
  <wpt lat="1.340912" lon="103.771889">
    <time>2024-01-01T00:05:50.685Z</time>
    <name>Point 357</name>
  </wpt>
  <wpt lat="1.341047" lon="103.771746">
    <time>2024-01-01T00:05:51.644Z</time>
    <name>Point 358</name>
  </wpt>
  <wpt lat="1.341181" lon="103.771603">
    <time>2024-01-01T00:05:52.603Z</time>
    <name>Point 359</name>
  </wpt>
  <wpt lat="1.341315" lon="103.771459">
    <time>2024-01-01T00:05:53.563Z</time>
    <name>Point 360</name>
  </wpt>
  <wpt lat="1.341465" lon="103.771306">
    <time>2024-01-01T00:05:54.608Z</time>
    <name>Point 361</name>
  </wpt>
  <wpt lat="1.341615" lon="103.771153">
    <time>2024-01-01T00:05:55.654Z</time>
    <name>Point 362</name>
  </wpt>
  <wpt lat="1.341765" lon="103.771000">
    <time>2024-01-01T00:05:56.700Z</time>
    <name>Point 363</name>
  </wpt>
  <wpt lat="1.341915" lon="103.770847">
    <time>2024-01-01T00:05:57.746Z</time>
    <name>Point 364</name>
  </wpt>
  <wpt lat="1.342085" lon="103.770716">
    <time>2024-01-01T00:05:58.794Z</time>
    <name>Point 365</name>
  </wpt>
  <wpt lat="1.342255" lon="103.770584">
    <time>2024-01-01T00:05:59.842Z</time>
    <name>Point 366</name>
  </wpt>
  <wpt lat="1.342424" lon="103.770453">
    <time>2024-01-01T00:06:00.890Z</time>
    <name>Point 367</name>
  </wpt>
  <wpt lat="1.342594" lon="103.770322">
    <time>2024-01-01T00:06:01.938Z</time>
    <name>Point 368</name>
  </wpt>
  <wpt lat="1.342764" lon="103.770190">
    <time>2024-01-01T00:06:02.986Z</time>
    <name>Point 369</name>
  </wpt>
  <wpt lat="1.342934" lon="103.770059">
    <time>2024-01-01T00:06:04.034Z</time>
    <name>Point 370</name>
  </wpt>
  <wpt lat="1.343101" lon="103.769921">
    <time>2024-01-01T00:06:05.091Z</time>
    <name>Point 371</name>
  </wpt>
  <wpt lat="1.343268" lon="103.769783">
    <time>2024-01-01T00:06:06.148Z</time>
    <name>Point 372</name>
  </wpt>
  <wpt lat="1.343435" lon="103.769645">
    <time>2024-01-01T00:06:07.206Z</time>
    <name>Point 373</name>
  </wpt>
  <wpt lat="1.343602" lon="103.769507">
    <time>2024-01-01T00:06:08.263Z</time>
    <name>Point 374</name>
  </wpt>
  <wpt lat="1.343769" lon="103.769369">
    <time>2024-01-01T00:06:09.321Z</time>
    <name>Point 375</name>
  </wpt>
  <wpt lat="1.343936" lon="103.769231">
    <time>2024-01-01T00:06:10.378Z</time>
    <name>Point 376</name>
  </wpt>
  <wpt lat="1.344103" lon="103.769093">
    <time>2024-01-01T00:06:11.436Z</time>
    <name>Point 377</name>
  </wpt>
  <wpt lat="1.344277" lon="103.768971">
    <time>2024-01-01T00:06:12.471Z</time>
    <name>Point 378</name>
  </wpt>
  <wpt lat="1.344450" lon="103.768850">
    <time>2024-01-01T00:06:13.506Z</time>
    <name>Point 379</name>
  </wpt>
  <wpt lat="1.344624" lon="103.768728">
    <time>2024-01-01T00:06:14.541Z</time>
    <name>Point 380</name>
  </wpt>
  <wpt lat="1.344924" lon="103.768487">
    <time>2024-01-01T00:06:16.419Z</time>
    <name>Point 381</name>
  </wpt>
  <wpt lat="1.345176" lon="103.768251">
    <time>2024-01-01T00:06:18.105Z</time>
    <name>Point 382</name>
  </wpt>
  <wpt lat="1.345322" lon="103.768113">
    <time>2024-01-01T00:06:19.086Z</time>
    <name>Point 383</name>
  </wpt>
  <wpt lat="1.345468" lon="103.767975">
    <time>2024-01-01T00:06:20.067Z</time>
    <name>Point 384</name>
  </wpt>
  <wpt lat="1.345614" lon="103.767836">
    <time>2024-01-01T00:06:21.048Z</time>
    <name>Point 385</name>
  </wpt>
  <wpt lat="1.345760" lon="103.767698">
    <time>2024-01-01T00:06:22.030Z</time>
    <name>Point 386</name>
  </wpt>
  <wpt lat="1.345899" lon="103.767560">
    <time>2024-01-01T00:06:22.983Z</time>
    <name>Point 387</name>
  </wpt>
  <wpt lat="1.346037" lon="103.767423">
    <time>2024-01-01T00:06:23.937Z</time>
    <name>Point 388</name>
  </wpt>
  <wpt lat="1.346176" lon="103.767285">
    <time>2024-01-01T00:06:24.891Z</time>
    <name>Point 389</name>
  </wpt>
  <wpt lat="1.346315" lon="103.767147">
    <time>2024-01-01T00:06:25.845Z</time>
    <name>Point 390</name>
  </wpt>
  <wpt lat="1.346453" lon="103.767010">
    <time>2024-01-01T00:06:26.799Z</time>
    <name>Point 391</name>
  </wpt>
  <wpt lat="1.346592" lon="103.766872">
    <time>2024-01-01T00:06:27.753Z</time>
    <name>Point 392</name>
  </wpt>
  <wpt lat="1.346860" lon="103.766679">
    <time>2024-01-01T00:06:29.365Z</time>
    <name>Point 393</name>
  </wpt>
  <wpt lat="1.347010" lon="103.766448">
    <time>2024-01-01T00:06:30.709Z</time>
    <name>Point 394</name>
  </wpt>
  <wpt lat="1.347176" lon="103.766170">
    <time>2024-01-01T00:06:32.290Z</time>
    <name>Point 395</name>
  </wpt>
  <wpt lat="1.347219" lon="103.765891">
    <time>2024-01-01T00:06:33.667Z</time>
    <name>Point 396</name>
  </wpt>
  <wpt lat="1.347205" lon="103.765678">
    <time>2024-01-01T00:06:34.709Z</time>
    <name>Point 397</name>
  </wpt>
  <wpt lat="1.347190" lon="103.765465">
    <time>2024-01-01T00:06:35.751Z</time>
    <name>Point 398</name>
  </wpt>
  <wpt lat="1.347176" lon="103.765252">
    <time>2024-01-01T00:06:36.793Z</time>
    <name>Point 399</name>
  </wpt>
  <wpt lat="1.347140" lon="103.765095">
    <time>2024-01-01T00:06:37.580Z</time>
    <name>Point 400</name>
  </wpt>
  <wpt lat="1.347105" lon="103.764937">
    <time>2024-01-01T00:06:38.367Z</time>
    <name>Point 401</name>
  </wpt>
  <wpt lat="1.347069" lon="103.764780">
    <time>2024-01-01T00:06:39.155Z</time>
    <name>Point 402</name>
  </wpt>
  <wpt lat="1.347021" lon="103.764606">
    <time>2024-01-01T00:06:40.035Z</time>
    <name>Point 403</name>
  </wpt>
  <wpt lat="1.346973" lon="103.764432">
    <time>2024-01-01T00:06:40.915Z</time>
    <name>Point 404</name>
  </wpt>
  <wpt lat="1.346924" lon="103.764259">
    <time>2024-01-01T00:06:41.795Z</time>
    <name>Point 405</name>
  </wpt>
  <wpt lat="1.346876" lon="103.764085">
    <time>2024-01-01T00:06:42.675Z</time>
    <name>Point 406</name>
  </wpt>
  <wpt lat="1.346828" lon="103.763911">
    <time>2024-01-01T00:06:43.556Z</time>
    <name>Point 407</name>
  </wpt>
  <wpt lat="1.346783" lon="103.763732">
    <time>2024-01-01T00:06:44.458Z</time>
    <name>Point 408</name>
  </wpt>
  <wpt lat="1.346738" lon="103.763553">
    <time>2024-01-01T00:06:45.360Z</time>
    <name>Point 409</name>
  </wpt>
  <wpt lat="1.346692" lon="103.763373">
    <time>2024-01-01T00:06:46.262Z</time>
    <name>Point 410</name>
  </wpt>
  <wpt lat="1.346647" lon="103.763194">
    <time>2024-01-01T00:06:47.164Z</time>
    <name>Point 411</name>
  </wpt>
  <wpt lat="1.346602" lon="103.763015">
    <time>2024-01-01T00:06:48.066Z</time>
    <name>Point 412</name>
  </wpt>
  <wpt lat="1.346597" lon="103.762858">
    <time>2024-01-01T00:06:48.834Z</time>
    <name>Point 413</name>
  </wpt>
  <wpt lat="1.346591" lon="103.762700">
    <time>2024-01-01T00:06:49.602Z</time>
    <name>Point 414</name>
  </wpt>
  <wpt lat="1.346586" lon="103.762543">
    <time>2024-01-01T00:06:50.371Z</time>
    <name>Point 415</name>
  </wpt>
  <wpt lat="1.346586" lon="103.762361">
    <time>2024-01-01T00:06:51.261Z</time>
    <name>Point 416</name>
  </wpt>
  <wpt lat="1.346586" lon="103.762178">
    <time>2024-01-01T00:06:52.151Z</time>
    <name>Point 417</name>
  </wpt>
  <wpt lat="1.346586" lon="103.761996">
    <time>2024-01-01T00:06:53.041Z</time>
    <name>Point 418</name>
  </wpt>
  <wpt lat="1.346586" lon="103.761813">
    <time>2024-01-01T00:06:53.931Z</time>
    <name>Point 419</name>
  </wpt>
  <wpt lat="1.346586" lon="103.761631">
    <time>2024-01-01T00:06:54.822Z</time>
    <name>Point 420</name>
  </wpt>
  <wpt lat="1.346543" lon="103.761266">
    <time>2024-01-01T00:06:56.616Z</time>
    <name>Point 421</name>
  </wpt>
  <wpt lat="1.346425" lon="103.761079">
    <time>2024-01-01T00:06:57.695Z</time>
    <name>Point 422</name>
  </wpt>
  <wpt lat="1.346334" lon="103.760993">
    <time>2024-01-01T00:06:58.306Z</time>
    <name>Point 423</name>
  </wpt>
  <wpt lat="1.346232" lon="103.760912">
    <time>2024-01-01T00:06:58.942Z</time>
    <name>Point 424</name>
  </wpt>
  <wpt lat="1.346048" lon="103.760912">
    <time>2024-01-01T00:06:59.840Z</time>
    <name>Point 425</name>
  </wpt>
  <wpt lat="1.345864" lon="103.760912">
    <time>2024-01-01T00:07:00.738Z</time>
    <name>Point 426</name>
  </wpt>
  <wpt lat="1.345680" lon="103.760912">
    <time>2024-01-01T00:07:01.636Z</time>
    <name>Point 427</name>
  </wpt>
  <wpt lat="1.345456" lon="103.760915">
    <time>2024-01-01T00:07:02.729Z</time>
    <name>Point 428</name>
  </wpt>
  <wpt lat="1.345232" lon="103.760918">
    <time>2024-01-01T00:07:03.823Z</time>
    <name>Point 429</name>
  </wpt>
  <wpt lat="1.345008" lon="103.760920">
    <time>2024-01-01T00:07:04.917Z</time>
    <name>Point 430</name>
  </wpt>
  <wpt lat="1.344784" lon="103.760923">
    <time>2024-01-01T00:07:06.011Z</time>
    <name>Point 431</name>
  </wpt>
  <wpt lat="1.344574" lon="103.760930">
    <time>2024-01-01T00:07:07.039Z</time>
    <name>Point 432</name>
  </wpt>
  <wpt lat="1.344363" lon="103.760936">
    <time>2024-01-01T00:07:08.067Z</time>
    <name>Point 433</name>
  </wpt>
  <wpt lat="1.344152" lon="103.760943">
    <time>2024-01-01T00:07:09.095Z</time>
    <name>Point 434</name>
  </wpt>
  <wpt lat="1.343942" lon="103.760950">
    <time>2024-01-01T00:07:10.123Z</time>
    <name>Point 435</name>
  </wpt>
  <wpt lat="1.343736" lon="103.760953">
    <time>2024-01-01T00:07:11.130Z</time>
    <name>Point 436</name>
  </wpt>
  <wpt lat="1.343529" lon="103.760955">
    <time>2024-01-01T00:07:12.137Z</time>
    <name>Point 437</name>
  </wpt>
  <wpt lat="1.343323" lon="103.760958">
    <time>2024-01-01T00:07:13.144Z</time>
    <name>Point 438</name>
  </wpt>
  <wpt lat="1.343117" lon="103.760961">
    <time>2024-01-01T00:07:14.151Z</time>
    <name>Point 439</name>
  </wpt>
  <wpt lat="1.342900" lon="103.760968">
    <time>2024-01-01T00:07:15.212Z</time>
    <name>Point 440</name>
  </wpt>
  <wpt lat="1.342683" lon="103.760975">
    <time>2024-01-01T00:07:16.273Z</time>
    <name>Point 441</name>
  </wpt>
  <wpt lat="1.342465" lon="103.760981">
    <time>2024-01-01T00:07:17.334Z</time>
    <name>Point 442</name>
  </wpt>
  <wpt lat="1.342248" lon="103.760988">
    <time>2024-01-01T00:07:18.395Z</time>
    <name>Point 443</name>
  </wpt>
  <wpt lat="1.341867" lon="103.761020">
    <time>2024-01-01T00:07:20.262Z</time>
    <name>Point 444</name>
  </wpt>
  <wpt lat="1.341703" lon="103.761045">
    <time>2024-01-01T00:07:21.073Z</time>
    <name>Point 445</name>
  </wpt>
  <wpt lat="1.341538" lon="103.761070">
    <time>2024-01-01T00:07:21.884Z</time>
    <name>Point 446</name>
  </wpt>
  <wpt lat="1.341374" lon="103.761095">
    <time>2024-01-01T00:07:22.696Z</time>
    <name>Point 447</name>
  </wpt>
  <wpt lat="1.341122" lon="103.761116">
    <time>2024-01-01T00:07:23.931Z</time>
    <name>Point 448</name>
  </wpt>
  <wpt lat="1.340966" lon="103.761052">
    <time>2024-01-01T00:07:24.754Z</time>
    <name>Point 449</name>
  </wpt>
  <wpt lat="1.340800" lon="103.760907">
    <time>2024-01-01T00:07:25.830Z</time>
    <name>Point 450</name>
  </wpt>
  <wpt lat="1.340687" lon="103.760741">
    <time>2024-01-01T00:07:26.810Z</time>
    <name>Point 451</name>
  </wpt>
  <wpt lat="1.340639" lon="103.760633">
    <time>2024-01-01T00:07:27.387Z</time>
    <name>Point 452</name>
  </wpt>
  <wpt lat="1.340532" lon="103.760532">
    <time>2024-01-01T00:07:28.105Z</time>
    <name>Point 453</name>
  </wpt>
  <wpt lat="1.340462" lon="103.760383">
    <time>2024-01-01T00:07:28.907Z</time>
    <name>Point 454</name>
  </wpt>
  <wpt lat="1.340392" lon="103.760235">
    <time>2024-01-01T00:07:29.709Z</time>
    <name>Point 455</name>
  </wpt>
  <wpt lat="1.340322" lon="103.760086">
    <time>2024-01-01T00:07:30.511Z</time>
    <name>Point 456</name>
  </wpt>
  <wpt lat="1.340258" lon="103.759958">
    <time>2024-01-01T00:07:31.209Z</time>
    <name>Point 457</name>
  </wpt>
  <wpt lat="1.340092" lon="103.759689">
    <time>2024-01-01T00:07:32.752Z</time>
    <name>Point 458</name>
  </wpt>
  <wpt lat="1.339963" lon="103.759367">
    <time>2024-01-01T00:07:34.445Z</time>
    <name>Point 459</name>
  </wpt>
  <wpt lat="1.339872" lon="103.759174">
    <time>2024-01-01T00:07:35.487Z</time>
    <name>Point 460</name>
  </wpt>
  <wpt lat="1.339781" lon="103.758981">
    <time>2024-01-01T00:07:36.529Z</time>
    <name>Point 461</name>
  </wpt>
  <wpt lat="1.339689" lon="103.758788">
    <time>2024-01-01T00:07:37.571Z</time>
    <name>Point 462</name>
  </wpt>
  <wpt lat="1.339598" lon="103.758595">
    <time>2024-01-01T00:07:38.613Z</time>
    <name>Point 463</name>
  </wpt>
  <wpt lat="1.339470" lon="103.758198">
    <time>2024-01-01T00:07:40.648Z</time>
    <name>Point 464</name>
  </wpt>
  <wpt lat="1.339459" lon="103.757962">
    <time>2024-01-01T00:07:41.802Z</time>
    <name>Point 465</name>
  </wpt>
  <wpt lat="1.339470" lon="103.757737">
    <time>2024-01-01T00:07:42.901Z</time>
    <name>Point 466</name>
  </wpt>
  <wpt lat="1.339577" lon="103.757383">
    <time>2024-01-01T00:07:44.706Z</time>
    <name>Point 467</name>
  </wpt>
  <wpt lat="1.339706" lon="103.757168">
    <time>2024-01-01T00:07:45.930Z</time>
    <name>Point 468</name>
  </wpt>
  <wpt lat="1.339819" lon="103.756974">
    <time>2024-01-01T00:07:47.026Z</time>
    <name>Point 469</name>
  </wpt>
  <wpt lat="1.339932" lon="103.756780">
    <time>2024-01-01T00:07:48.122Z</time>
    <name>Point 470</name>
  </wpt>
  <wpt lat="1.340045" lon="103.756586">
    <time>2024-01-01T00:07:49.219Z</time>
    <name>Point 471</name>
  </wpt>
  <wpt lat="1.340158" lon="103.756392">
    <time>2024-01-01T00:07:50.315Z</time>
    <name>Point 472</name>
  </wpt>
  <wpt lat="1.340271" lon="103.756198">
    <time>2024-01-01T00:07:51.411Z</time>
    <name>Point 473</name>
  </wpt>
  <wpt lat="1.340385" lon="103.756003">
    <time>2024-01-01T00:07:52.508Z</time>
    <name>Point 474</name>
  </wpt>
  <wpt lat="1.340498" lon="103.755809">
    <time>2024-01-01T00:07:53.604Z</time>
    <name>Point 475</name>
  </wpt>
  <wpt lat="1.340611" lon="103.755615">
    <time>2024-01-01T00:07:54.700Z</time>
    <name>Point 476</name>
  </wpt>
  <wpt lat="1.340724" lon="103.755421">
    <time>2024-01-01T00:07:55.797Z</time>
    <name>Point 477</name>
  </wpt>
  <wpt lat="1.340837" lon="103.755227">
    <time>2024-01-01T00:07:56.893Z</time>
    <name>Point 478</name>
  </wpt>
  <wpt lat="1.340950" lon="103.755033">
    <time>2024-01-01T00:07:57.990Z</time>
    <name>Point 479</name>
  </wpt>
  <wpt lat="1.341033" lon="103.754877">
    <time>2024-01-01T00:07:58.850Z</time>
    <name>Point 480</name>
  </wpt>
  <wpt lat="1.341116" lon="103.754722">
    <time>2024-01-01T00:07:59.710Z</time>
    <name>Point 481</name>
  </wpt>
  <wpt lat="1.341199" lon="103.754567">
    <time>2024-01-01T00:08:00.570Z</time>
    <name>Point 482</name>
  </wpt>
  <wpt lat="1.341282" lon="103.754411">
    <time>2024-01-01T00:08:01.431Z</time>
    <name>Point 483</name>
  </wpt>
  <wpt lat="1.341386" lon="103.754214">
    <time>2024-01-01T00:08:02.516Z</time>
    <name>Point 484</name>
  </wpt>
  <wpt lat="1.341489" lon="103.754018">
    <time>2024-01-01T00:08:03.601Z</time>
    <name>Point 485</name>
  </wpt>
  <wpt lat="1.341593" lon="103.753821">
    <time>2024-01-01T00:08:04.686Z</time>
    <name>Point 486</name>
  </wpt>
  <wpt lat="1.341926" lon="103.753574">
    <time>2024-01-01T00:08:06.710Z</time>
    <name>Point 487</name>
  </wpt>
  <wpt lat="1.342344" lon="103.753520">
    <time>2024-01-01T00:08:08.767Z</time>
    <name>Point 488</name>
  </wpt>
  <wpt lat="1.342559" lon="103.753681">
    <time>2024-01-01T00:08:10.079Z</time>
    <name>Point 489</name>
  </wpt>
  <wpt lat="1.342752" lon="103.753781">
    <time>2024-01-01T00:08:11.139Z</time>
    <name>Point 490</name>
  </wpt>
  <wpt lat="1.342945" lon="103.753880">
    <time>2024-01-01T00:08:12.199Z</time>
    <name>Point 491</name>
  </wpt>
  <wpt lat="1.343138" lon="103.753980">
    <time>2024-01-01T00:08:13.260Z</time>
    <name>Point 492</name>
  </wpt>
  <wpt lat="1.343331" lon="103.754080">
    <time>2024-01-01T00:08:14.320Z</time>
    <name>Point 493</name>
  </wpt>
  <wpt lat="1.343524" lon="103.754180">
    <time>2024-01-01T00:08:15.381Z</time>
    <name>Point 494</name>
  </wpt>
  <wpt lat="1.343717" lon="103.754279">
    <time>2024-01-01T00:08:16.441Z</time>
    <name>Point 495</name>
  </wpt>
  <wpt lat="1.343910" lon="103.754379">
    <time>2024-01-01T00:08:17.502Z</time>
    <name>Point 496</name>
  </wpt>
  <wpt lat="1.344125" lon="103.754454">
    <time>2024-01-01T00:08:18.613Z</time>
    <name>Point 497</name>
  </wpt>
  <wpt lat="1.344264" lon="103.754518">
    <time>2024-01-01T00:08:19.360Z</time>
    <name>Point 498</name>
  </wpt>
  <wpt lat="1.344248" lon="103.754641">
    <time>2024-01-01T00:08:19.965Z</time>
    <name>Point 499</name>
  </wpt>
  <wpt lat="1.344184" lon="103.754883">
    <time>2024-01-01T00:08:21.187Z</time>
    <name>Point 500</name>
  </wpt>
  <wpt lat="1.344114" lon="103.755264">
    <time>2024-01-01T00:08:23.078Z</time>
    <name>Point 501</name>
  </wpt>
  <wpt lat="1.344130" lon="103.755650">
    <time>2024-01-01T00:08:24.963Z</time>
    <name>Point 502</name>
  </wpt>
  <wpt lat="1.344211" lon="103.755950">
    <time>2024-01-01T00:08:26.480Z</time>
    <name>Point 503</name>
  </wpt>
  <wpt lat="1.344318" lon="103.756278">
    <time>2024-01-01T00:08:28.164Z</time>
    <name>Point 504</name>
  </wpt>
  <wpt lat="1.344484" lon="103.756557">
    <time>2024-01-01T00:08:29.748Z</time>
    <name>Point 505</name>
  </wpt>
  <wpt lat="1.344784" lon="103.756868">
    <time>2024-01-01T00:08:31.857Z</time>
    <name>Point 506</name>
  </wpt>
  <wpt lat="1.345063" lon="103.757131">
    <time>2024-01-01T00:08:33.729Z</time>
    <name>Point 507</name>
  </wpt>
  <wpt lat="1.345305" lon="103.757356">
    <time>2024-01-01T00:08:35.342Z</time>
    <name>Point 508</name>
  </wpt>
  <wpt lat="1.345423" lon="103.757431">
    <time>2024-01-01T00:08:36.024Z</time>
    <name>Point 509</name>
  </wpt>
  <wpt lat="1.345551" lon="103.757415">
    <time>2024-01-01T00:08:36.654Z</time>
    <name>Point 510</name>
  </wpt>
  <wpt lat="1.345685" lon="103.757420">
    <time>2024-01-01T00:08:37.308Z</time>
    <name>Point 511</name>
  </wpt>
  <wpt lat="1.345889" lon="103.757291">
    <time>2024-01-01T00:08:38.487Z</time>
    <name>Point 512</name>
  </wpt>
  <wpt lat="1.346069" lon="103.757172">
    <time>2024-01-01T00:08:39.540Z</time>
    <name>Point 513</name>
  </wpt>
  <wpt lat="1.346250" lon="103.757054">
    <time>2024-01-01T00:08:40.594Z</time>
    <name>Point 514</name>
  </wpt>
  <wpt lat="1.346430" lon="103.756935">
    <time>2024-01-01T00:08:41.648Z</time>
    <name>Point 515</name>
  </wpt>
  <wpt lat="1.346610" lon="103.756816">
    <time>2024-01-01T00:08:42.702Z</time>
    <name>Point 516</name>
  </wpt>
  <wpt lat="1.346791" lon="103.756698">
    <time>2024-01-01T00:08:43.755Z</time>
    <name>Point 517</name>
  </wpt>
  <wpt lat="1.346971" lon="103.756579">
    <time>2024-01-01T00:08:44.809Z</time>
    <name>Point 518</name>
  </wpt>
  <wpt lat="1.347152" lon="103.756461">
    <time>2024-01-01T00:08:45.863Z</time>
    <name>Point 519</name>
  </wpt>
  <wpt lat="1.347332" lon="103.756342">
    <time>2024-01-01T00:08:46.917Z</time>
    <name>Point 520</name>
  </wpt>
  <wpt lat="1.347407" lon="103.756267">
    <time>2024-01-01T00:08:47.435Z</time>
    <name>Point 521</name>
  </wpt>
  <wpt lat="1.347316" lon="103.756181">
    <time>2024-01-01T00:08:48.046Z</time>
    <name>Point 522</name>
  </wpt>
  <wpt lat="1.347128" lon="103.756020">
    <time>2024-01-01T00:08:49.254Z</time>
    <name>Point 523</name>
  </wpt>
  <wpt lat="1.346951" lon="103.755843">
    <time>2024-01-01T00:08:50.476Z</time>
    <name>Point 524</name>
  </wpt>
  <wpt lat="1.346710" lon="103.755634">
    <time>2024-01-01T00:08:52.033Z</time>
    <name>Point 525</name>
  </wpt>
  <wpt lat="1.346608" lon="103.755425">
    <time>2024-01-01T00:08:53.168Z</time>
    <name>Point 526</name>
  </wpt>
  <wpt lat="1.346447" lon="103.755151">
    <time>2024-01-01T00:08:54.719Z</time>
    <name>Point 527</name>
  </wpt>
  <wpt lat="1.346361" lon="103.754813">
    <time>2024-01-01T00:08:56.421Z</time>
    <name>Point 528</name>
  </wpt>
  <wpt lat="1.346324" lon="103.754545">
    <time>2024-01-01T00:08:57.742Z</time>
    <name>Point 529</name>
  </wpt>
  <wpt lat="1.346350" lon="103.754164">
    <time>2024-01-01T00:08:59.605Z</time>
    <name>Point 530</name>
  </wpt>
  <wpt lat="1.346382" lon="103.753962">
    <time>2024-01-01T00:09:00.603Z</time>
    <name>Point 531</name>
  </wpt>
  <wpt lat="1.346415" lon="103.753760">
    <time>2024-01-01T00:09:01.602Z</time>
    <name>Point 532</name>
  </wpt>
  <wpt lat="1.346447" lon="103.753558">
    <time>2024-01-01T00:09:02.601Z</time>
    <name>Point 533</name>
  </wpt>
  <wpt lat="1.346470" lon="103.753379">
    <time>2024-01-01T00:09:03.482Z</time>
    <name>Point 534</name>
  </wpt>
  <wpt lat="1.346494" lon="103.753200">
    <time>2024-01-01T00:09:04.363Z</time>
    <name>Point 535</name>
  </wpt>
  <wpt lat="1.346517" lon="103.753021">
    <time>2024-01-01T00:09:05.244Z</time>
    <name>Point 536</name>
  </wpt>
  <wpt lat="1.346517" lon="103.752673">
    <time>2024-01-01T00:09:06.942Z</time>
    <name>Point 537</name>
  </wpt>
  <wpt lat="1.346512" lon="103.752516">
    <time>2024-01-01T00:09:07.710Z</time>
    <name>Point 538</name>
  </wpt>
  <wpt lat="1.346506" lon="103.752358">
    <time>2024-01-01T00:09:08.478Z</time>
    <name>Point 539</name>
  </wpt>
  <wpt lat="1.346501" lon="103.752201">
    <time>2024-01-01T00:09:09.247Z</time>
    <name>Point 540</name>
  </wpt>
  <wpt lat="1.346501" lon="103.752029">
    <time>2024-01-01T00:09:10.085Z</time>
    <name>Point 541</name>
  </wpt>
  <wpt lat="1.346501" lon="103.751857">
    <time>2024-01-01T00:09:10.923Z</time>
    <name>Point 542</name>
  </wpt>
  <wpt lat="1.346501" lon="103.751686">
    <time>2024-01-01T00:09:11.761Z</time>
    <name>Point 543</name>
  </wpt>
  <wpt lat="1.346501" lon="103.751514">
    <time>2024-01-01T00:09:12.600Z</time>
    <name>Point 544</name>
  </wpt>
  <wpt lat="1.346495" lon="103.751310">
    <time>2024-01-01T00:09:13.596Z</time>
    <name>Point 545</name>
  </wpt>
  <wpt lat="1.346366" lon="103.751299">
    <time>2024-01-01T00:09:14.228Z</time>
    <name>Point 546</name>
  </wpt>
  <wpt lat="1.346050" lon="103.751326">
    <time>2024-01-01T00:09:15.776Z</time>
    <name>Point 547</name>
  </wpt>
  <wpt lat="1.345889" lon="103.751321">
    <time>2024-01-01T00:09:16.562Z</time>
    <name>Point 548</name>
  </wpt>
  <wpt lat="1.345728" lon="103.751315">
    <time>2024-01-01T00:09:17.348Z</time>
    <name>Point 549</name>
  </wpt>
  <wpt lat="1.345567" lon="103.751310">
    <time>2024-01-01T00:09:18.135Z</time>
    <name>Point 550</name>
  </wpt>
  <wpt lat="1.345262" lon="103.751315">
    <time>2024-01-01T00:09:19.624Z</time>
    <name>Point 551</name>
  </wpt>
  <wpt lat="1.345128" lon="103.751305">
    <time>2024-01-01T00:09:20.280Z</time>
    <name>Point 552</name>
  </wpt>
  <wpt lat="1.345036" lon="103.751165">
    <time>2024-01-01T00:09:21.098Z</time>
    <name>Point 553</name>
  </wpt>
  <wpt lat="1.345053" lon="103.750924">
    <time>2024-01-01T00:09:22.277Z</time>
    <name>Point 554</name>
  </wpt>
  <wpt lat="1.345052" lon="103.750703">
    <time>2024-01-01T00:09:23.356Z</time>
    <name>Point 555</name>
  </wpt>
  <wpt lat="1.345050" lon="103.750482">
    <time>2024-01-01T00:09:24.436Z</time>
    <name>Point 556</name>
  </wpt>
  <wpt lat="1.345049" lon="103.750260">
    <time>2024-01-01T00:09:25.516Z</time>
    <name>Point 557</name>
  </wpt>
  <wpt lat="1.345048" lon="103.750039">
    <time>2024-01-01T00:09:26.596Z</time>
    <name>Point 558</name>
  </wpt>
  <wpt lat="1.345046" lon="103.749818">
    <time>2024-01-01T00:09:27.675Z</time>
    <name>Point 559</name>
  </wpt>
  <wpt lat="1.345045" lon="103.749596">
    <time>2024-01-01T00:09:28.755Z</time>
    <name>Point 560</name>
  </wpt>
  <wpt lat="1.345043" lon="103.749375">
    <time>2024-01-01T00:09:29.835Z</time>
    <name>Point 561</name>
  </wpt>
  <wpt lat="1.345042" lon="103.749154">
    <time>2024-01-01T00:09:30.915Z</time>
    <name>Point 562</name>
  </wpt>
  <wpt lat="1.345046" lon="103.748930">
    <time>2024-01-01T00:09:32.007Z</time>
    <name>Point 563</name>
  </wpt>
  <wpt lat="1.345049" lon="103.748707">
    <time>2024-01-01T00:09:33.099Z</time>
    <name>Point 564</name>
  </wpt>
  <wpt lat="1.345053" lon="103.748483">
    <time>2024-01-01T00:09:34.191Z</time>
    <name>Point 565</name>
  </wpt>
  <wpt lat="1.345081" lon="103.748335">
    <time>2024-01-01T00:09:34.928Z</time>
    <name>Point 566</name>
  </wpt>
  <wpt lat="1.345110" lon="103.748186">
    <time>2024-01-01T00:09:35.665Z</time>
    <name>Point 567</name>
  </wpt>
  <wpt lat="1.345138" lon="103.748038">
    <time>2024-01-01T00:09:36.402Z</time>
    <name>Point 568</name>
  </wpt>
  <wpt lat="1.345267" lon="103.747748">
    <time>2024-01-01T00:09:37.951Z</time>
    <name>Point 569</name>
  </wpt>
  <wpt lat="1.345369" lon="103.747609">
    <time>2024-01-01T00:09:38.793Z</time>
    <name>Point 570</name>
  </wpt>
  <wpt lat="1.345471" lon="103.747469">
    <time>2024-01-01T00:09:39.636Z</time>
    <name>Point 571</name>
  </wpt>
  <wpt lat="1.345573" lon="103.747330">
    <time>2024-01-01T00:09:40.479Z</time>
    <name>Point 572</name>
  </wpt>
  <wpt lat="1.345701" lon="103.747185">
    <time>2024-01-01T00:09:41.423Z</time>
    <name>Point 573</name>
  </wpt>
  <wpt lat="1.345825" lon="103.746992">
    <time>2024-01-01T00:09:42.543Z</time>
    <name>Point 574</name>
  </wpt>
  <wpt lat="1.345991" lon="103.746783">
    <time>2024-01-01T00:09:43.846Z</time>
    <name>Point 575</name>
  </wpt>
  <wpt lat="1.346104" lon="103.746627">
    <time>2024-01-01T00:09:44.784Z</time>
    <name>Point 576</name>
  </wpt>
  <wpt lat="1.346216" lon="103.746471">
    <time>2024-01-01T00:09:45.723Z</time>
    <name>Point 577</name>
  </wpt>
  <wpt lat="1.346329" lon="103.746316">
    <time>2024-01-01T00:09:46.661Z</time>
    <name>Point 578</name>
  </wpt>
  <wpt lat="1.346442" lon="103.746160">
    <time>2024-01-01T00:09:47.600Z</time>
    <name>Point 579</name>
  </wpt>
  <wpt lat="1.346558" lon="103.746012">
    <time>2024-01-01T00:09:48.517Z</time>
    <name>Point 580</name>
  </wpt>
  <wpt lat="1.346674" lon="103.745864">
    <time>2024-01-01T00:09:49.434Z</time>
    <name>Point 581</name>
  </wpt>
  <wpt lat="1.346789" lon="103.745716">
    <time>2024-01-01T00:09:50.351Z</time>
    <name>Point 582</name>
  </wpt>
  <wpt lat="1.346905" lon="103.745568">
    <time>2024-01-01T00:09:51.268Z</time>
    <name>Point 583</name>
  </wpt>
  <wpt lat="1.347021" lon="103.745420">
    <time>2024-01-01T00:09:52.186Z</time>
    <name>Point 584</name>
  </wpt>
  <wpt lat="1.347257" lon="103.745044">
    <time>2024-01-01T00:09:54.352Z</time>
    <name>Point 585</name>
  </wpt>
  <wpt lat="1.347460" lon="103.744851">
    <time>2024-01-01T00:09:55.720Z</time>
    <name>Point 586</name>
  </wpt>
  <wpt lat="1.347289" lon="103.744594">
    <time>2024-01-01T00:09:57.226Z</time>
    <name>Point 587</name>
  </wpt>
  <wpt lat="1.347112" lon="103.744288">
    <time>2024-01-01T00:09:58.952Z</time>
    <name>Point 588</name>
  </wpt>
  <wpt lat="1.347049" lon="103.744130">
    <time>2024-01-01T00:09:59.783Z</time>
    <name>Point 589</name>
  </wpt>
  <wpt lat="1.346986" lon="103.743972">
    <time>2024-01-01T00:10:00.614Z</time>
    <name>Point 590</name>
  </wpt>
  <wpt lat="1.346923" lon="103.743813">
    <time>2024-01-01T00:10:01.445Z</time>
    <name>Point 591</name>
  </wpt>
  <wpt lat="1.346860" lon="103.743655">
    <time>2024-01-01T00:10:02.277Z</time>
    <name>Point 592</name>
  </wpt>
  <wpt lat="1.346794" lon="103.743474">
    <time>2024-01-01T00:10:03.216Z</time>
    <name>Point 593</name>
  </wpt>
  <wpt lat="1.346727" lon="103.743294">
    <time>2024-01-01T00:10:04.155Z</time>
    <name>Point 594</name>
  </wpt>
  <wpt lat="1.346661" lon="103.743113">
    <time>2024-01-01T00:10:05.095Z</time>
    <name>Point 595</name>
  </wpt>
  <wpt lat="1.346622" lon="103.742899">
    <time>2024-01-01T00:10:06.158Z</time>
    <name>Point 596</name>
  </wpt>
  <wpt lat="1.346582" lon="103.742684">
    <time>2024-01-01T00:10:07.221Z</time>
    <name>Point 597</name>
  </wpt>
  <wpt lat="1.346543" lon="103.742470">
    <time>2024-01-01T00:10:08.285Z</time>
    <name>Point 598</name>
  </wpt>
  <wpt lat="1.346559" lon="103.742312">
    <time>2024-01-01T00:10:09.058Z</time>
    <name>Point 599</name>
  </wpt>
  <wpt lat="1.346576" lon="103.742155">
    <time>2024-01-01T00:10:09.832Z</time>
    <name>Point 600</name>
  </wpt>
  <wpt lat="1.346592" lon="103.741997">
    <time>2024-01-01T00:10:10.606Z</time>
    <name>Point 601</name>
  </wpt>
  <wpt lat="1.346612" lon="103.741840">
    <time>2024-01-01T00:10:11.379Z</time>
    <name>Point 602</name>
  </wpt>
  <wpt lat="1.346631" lon="103.741682">
    <time>2024-01-01T00:10:12.153Z</time>
    <name>Point 603</name>
  </wpt>
  <wpt lat="1.346651" lon="103.741525">
    <time>2024-01-01T00:10:12.927Z</time>
    <name>Point 604</name>
  </wpt>
  <wpt lat="1.346715" lon="103.741371">
    <time>2024-01-01T00:10:13.740Z</time>
    <name>Point 605</name>
  </wpt>
  <wpt lat="1.346780" lon="103.741218">
    <time>2024-01-01T00:10:14.553Z</time>
    <name>Point 606</name>
  </wpt>
  <wpt lat="1.346844" lon="103.741064">
    <time>2024-01-01T00:10:15.367Z</time>
    <name>Point 607</name>
  </wpt>
  <wpt lat="1.346935" lon="103.740923">
    <time>2024-01-01T00:10:16.187Z</time>
    <name>Point 608</name>
  </wpt>
  <wpt lat="1.347026" lon="103.740781">
    <time>2024-01-01T00:10:17.007Z</time>
    <name>Point 609</name>
  </wpt>
  <wpt lat="1.347117" lon="103.740640">
    <time>2024-01-01T00:10:17.828Z</time>
    <name>Point 610</name>
  </wpt>
  <wpt lat="1.347375" lon="103.740286">
    <time>2024-01-01T00:10:19.966Z</time>
    <name>Point 611</name>
  </wpt>
  <wpt lat="1.347484" lon="103.740179">
    <time>2024-01-01T00:10:20.712Z</time>
    <name>Point 612</name>
  </wpt>
  <wpt lat="1.347593" lon="103.740071">
    <time>2024-01-01T00:10:21.459Z</time>
    <name>Point 613</name>
  </wpt>
  <wpt lat="1.347702" lon="103.739964">
    <time>2024-01-01T00:10:22.206Z</time>
    <name>Point 614</name>
  </wpt>
  <wpt lat="1.348029" lon="103.739750">
    <time>2024-01-01T00:10:24.114Z</time>
    <name>Point 615</name>
  </wpt>
  <wpt lat="1.348202" lon="103.739689">
    <time>2024-01-01T00:10:25.011Z</time>
    <name>Point 616</name>
  </wpt>
  <wpt lat="1.348376" lon="103.739628">
    <time>2024-01-01T00:10:25.908Z</time>
    <name>Point 617</name>
  </wpt>
  <wpt lat="1.348549" lon="103.739567">
    <time>2024-01-01T00:10:26.805Z</time>
    <name>Point 618</name>
  </wpt>
  <wpt lat="1.348817" lon="103.739530">
    <time>2024-01-01T00:10:28.125Z</time>
    <name>Point 619</name>
  </wpt>
  <wpt lat="1.348994" lon="103.739525">
    <time>2024-01-01T00:10:28.989Z</time>
    <name>Point 620</name>
  </wpt>
  <wpt lat="1.349171" lon="103.739519">
    <time>2024-01-01T00:10:29.854Z</time>
    <name>Point 621</name>
  </wpt>
  <wpt lat="1.349348" lon="103.739514">
    <time>2024-01-01T00:10:30.719Z</time>
    <name>Point 622</name>
  </wpt>
  <wpt lat="1.349600" lon="103.739508">
    <time>2024-01-01T00:10:31.949Z</time>
    <name>Point 623</name>
  </wpt>
  <wpt lat="1.349799" lon="103.739541">
    <time>2024-01-01T00:10:32.934Z</time>
    <name>Point 624</name>
  </wpt>
  <wpt lat="1.349852" lon="103.739707">
    <time>2024-01-01T00:10:33.784Z</time>
    <name>Point 625</name>
  </wpt>
  <wpt lat="1.349842" lon="103.740147">
    <time>2024-01-01T00:10:35.932Z</time>
    <name>Point 626</name>
  </wpt>
  <wpt lat="1.349841" lon="103.740335">
    <time>2024-01-01T00:10:36.848Z</time>
    <name>Point 627</name>
  </wpt>
  <wpt lat="1.349840" lon="103.740522">
    <time>2024-01-01T00:10:37.764Z</time>
    <name>Point 628</name>
  </wpt>
  <wpt lat="1.349839" lon="103.740710">
    <time>2024-01-01T00:10:38.680Z</time>
    <name>Point 629</name>
  </wpt>
  <wpt lat="1.349838" lon="103.740898">
    <time>2024-01-01T00:10:39.596Z</time>
    <name>Point 630</name>
  </wpt>
  <wpt lat="1.349837" lon="103.741085">
    <time>2024-01-01T00:10:40.512Z</time>
    <name>Point 631</name>
  </wpt>
  <wpt lat="1.349836" lon="103.741273">
    <time>2024-01-01T00:10:41.428Z</time>
    <name>Point 632</name>
  </wpt>
  <wpt lat="1.349858" lon="103.741493">
    <time>2024-01-01T00:10:42.507Z</time>
    <name>Point 633</name>
  </wpt>
  <wpt lat="1.349901" lon="103.741874">
    <time>2024-01-01T00:10:44.378Z</time>
    <name>Point 634</name>
  </wpt>
  <wpt lat="1.350051" lon="103.742217">
    <time>2024-01-01T00:10:46.205Z</time>
    <name>Point 635</name>
  </wpt>
  <wpt lat="1.350174" lon="103.742411">
    <time>2024-01-01T00:10:47.326Z</time>
    <name>Point 636</name>
  </wpt>
  <wpt lat="1.350399" lon="103.742657">
    <time>2024-01-01T00:10:48.953Z</time>
    <name>Point 637</name>
  </wpt>
  <wpt lat="1.350569" lon="103.742779">
    <time>2024-01-01T00:10:49.974Z</time>
    <name>Point 638</name>
  </wpt>
  <wpt lat="1.350738" lon="103.742902">
    <time>2024-01-01T00:10:50.995Z</time>
    <name>Point 639</name>
  </wpt>
  <wpt lat="1.350908" lon="103.743024">
    <time>2024-01-01T00:10:52.016Z</time>
    <name>Point 640</name>
  </wpt>
  <wpt lat="1.351077" lon="103.743147">
    <time>2024-01-01T00:10:53.037Z</time>
    <name>Point 641</name>
  </wpt>
  <wpt lat="1.351247" lon="103.743269">
    <time>2024-01-01T00:10:54.058Z</time>
    <name>Point 642</name>
  </wpt>
  <wpt lat="1.351363" lon="103.743376">
    <time>2024-01-01T00:10:54.829Z</time>
    <name>Point 643</name>
  </wpt>
  <wpt lat="1.351479" lon="103.743484">
    <time>2024-01-01T00:10:55.600Z</time>
    <name>Point 644</name>
  </wpt>
  <wpt lat="1.351595" lon="103.743591">
    <time>2024-01-01T00:10:56.372Z</time>
    <name>Point 645</name>
  </wpt>
  <wpt lat="1.351756" lon="103.743859">
    <time>2024-01-01T00:10:57.898Z</time>
    <name>Point 646</name>
  </wpt>
  <wpt lat="1.351896" lon="103.744111">
    <time>2024-01-01T00:10:59.305Z</time>
    <name>Point 647</name>
  </wpt>
  <wpt lat="1.351971" lon="103.744385">
    <time>2024-01-01T00:11:00.692Z</time>
    <name>Point 648</name>
  </wpt>
  <wpt lat="1.352067" lon="103.744739">
    <time>2024-01-01T00:11:02.482Z</time>
    <name>Point 649</name>
  </wpt>
  <wpt lat="1.352110" lon="103.744916">
    <time>2024-01-01T00:11:03.371Z</time>
    <name>Point 650</name>
  </wpt>
  <wpt lat="1.352142" lon="103.745248">
    <time>2024-01-01T00:11:04.999Z</time>
    <name>Point 651</name>
  </wpt>
  <wpt lat="1.352051" lon="103.745404">
    <time>2024-01-01T00:11:05.880Z</time>
    <name>Point 652</name>
  </wpt>
  <wpt lat="1.351810" lon="103.745420">
    <time>2024-01-01T00:11:07.059Z</time>
    <name>Point 653</name>
  </wpt>
  <wpt lat="1.351632" lon="103.745424">
    <time>2024-01-01T00:11:07.929Z</time>
    <name>Point 654</name>
  </wpt>
  <wpt lat="1.351453" lon="103.745428">
    <time>2024-01-01T00:11:08.800Z</time>
    <name>Point 655</name>
  </wpt>
  <wpt lat="1.351275" lon="103.745432">
    <time>2024-01-01T00:11:09.670Z</time>
    <name>Point 656</name>
  </wpt>
  <wpt lat="1.351097" lon="103.745436">
    <time>2024-01-01T00:11:10.541Z</time>
    <name>Point 657</name>
  </wpt>
  <wpt lat="1.350932" lon="103.745413">
    <time>2024-01-01T00:11:11.352Z</time>
    <name>Point 658</name>
  </wpt>
  <wpt lat="1.350768" lon="103.745389">
    <time>2024-01-01T00:11:12.164Z</time>
    <name>Point 659</name>
  </wpt>
  <wpt lat="1.350603" lon="103.745366">
    <time>2024-01-01T00:11:12.976Z</time>
    <name>Point 660</name>
  </wpt>
  <wpt lat="1.350417" lon="103.745291">
    <time>2024-01-01T00:11:13.955Z</time>
    <name>Point 661</name>
  </wpt>
  <wpt lat="1.350231" lon="103.745216">
    <time>2024-01-01T00:11:14.934Z</time>
    <name>Point 662</name>
  </wpt>
  <wpt lat="1.350045" lon="103.745141">
    <time>2024-01-01T00:11:15.913Z</time>
    <name>Point 663</name>
  </wpt>
  <wpt lat="1.349845" lon="103.745043">
    <time>2024-01-01T00:11:16.999Z</time>
    <name>Point 664</name>
  </wpt>
  <wpt lat="1.349645" lon="103.744945">
    <time>2024-01-01T00:11:18.085Z</time>
    <name>Point 665</name>
  </wpt>
  <wpt lat="1.349446" lon="103.744847">
    <time>2024-01-01T00:11:19.171Z</time>
    <name>Point 666</name>
  </wpt>
  <wpt lat="1.349246" lon="103.744749">
    <time>2024-01-01T00:11:20.258Z</time>
    <name>Point 667</name>
  </wpt>
  <wpt lat="1.348978" lon="103.744642">
    <time>2024-01-01T00:11:21.666Z</time>
    <name>Point 668</name>
  </wpt>
  <wpt lat="1.348560" lon="103.744562">
    <time>2024-01-01T00:11:23.744Z</time>
    <name>Point 669</name>
  </wpt>
  <wpt lat="1.348233" lon="103.744588">
    <time>2024-01-01T00:11:25.345Z</time>
    <name>Point 670</name>
  </wpt>
  <wpt lat="1.347932" lon="103.744685">
    <time>2024-01-01T00:11:26.889Z</time>
    <name>Point 671</name>
  </wpt>
  <wpt lat="1.347707" lon="103.744808">
    <time>2024-01-01T00:11:28.141Z</time>
    <name>Point 672</name>
  </wpt>
  <wpt lat="1.347455" lon="103.745007">
    <time>2024-01-01T00:11:29.708Z</time>
    <name>Point 673</name>
  </wpt>
  <wpt lat="1.347284" lon="103.745264">
    <time>2024-01-01T00:11:31.215Z</time>
    <name>Point 674</name>
  </wpt>
  <wpt lat="1.347162" lon="103.745422">
    <time>2024-01-01T00:11:32.189Z</time>
    <name>Point 675</name>
  </wpt>
  <wpt lat="1.347041" lon="103.745581">
    <time>2024-01-01T00:11:33.164Z</time>
    <name>Point 676</name>
  </wpt>
  <wpt lat="1.346919" lon="103.745739">
    <time>2024-01-01T00:11:34.139Z</time>
    <name>Point 677</name>
  </wpt>
  <wpt lat="1.346797" lon="103.745897">
    <time>2024-01-01T00:11:35.113Z</time>
    <name>Point 678</name>
  </wpt>
  <wpt lat="1.346676" lon="103.746056">
    <time>2024-01-01T00:11:36.088Z</time>
    <name>Point 679</name>
  </wpt>
  <wpt lat="1.346554" lon="103.746214">
    <time>2024-01-01T00:11:37.063Z</time>
    <name>Point 680</name>
  </wpt>
  <wpt lat="1.346422" lon="103.746395">
    <time>2024-01-01T00:11:38.156Z</time>
    <name>Point 681</name>
  </wpt>
  <wpt lat="1.346289" lon="103.746575">
    <time>2024-01-01T00:11:39.249Z</time>
    <name>Point 682</name>
  </wpt>
  <wpt lat="1.346157" lon="103.746756">
    <time>2024-01-01T00:11:40.342Z</time>
    <name>Point 683</name>
  </wpt>
  <wpt lat="1.346057" lon="103.746894">
    <time>2024-01-01T00:11:41.172Z</time>
    <name>Point 684</name>
  </wpt>
  <wpt lat="1.345957" lon="103.747031">
    <time>2024-01-01T00:11:42.002Z</time>
    <name>Point 685</name>
  </wpt>
  <wpt lat="1.345857" lon="103.747169">
    <time>2024-01-01T00:11:42.833Z</time>
    <name>Point 686</name>
  </wpt>
  <wpt lat="1.345743" lon="103.747319">
    <time>2024-01-01T00:11:43.753Z</time>
    <name>Point 687</name>
  </wpt>
  <wpt lat="1.345628" lon="103.747469">
    <time>2024-01-01T00:11:44.674Z</time>
    <name>Point 688</name>
  </wpt>
  <wpt lat="1.345514" lon="103.747619">
    <time>2024-01-01T00:11:45.595Z</time>
    <name>Point 689</name>
  </wpt>
  <wpt lat="1.345437" lon="103.747753">
    <time>2024-01-01T00:11:46.350Z</time>
    <name>Point 690</name>
  </wpt>
  <wpt lat="1.345360" lon="103.747888">
    <time>2024-01-01T00:11:47.106Z</time>
    <name>Point 691</name>
  </wpt>
  <wpt lat="1.345283" lon="103.748022">
    <time>2024-01-01T00:11:47.862Z</time>
    <name>Point 692</name>
  </wpt>
  <wpt lat="1.345247" lon="103.748181">
    <time>2024-01-01T00:11:48.657Z</time>
    <name>Point 693</name>
  </wpt>
  <wpt lat="1.345212" lon="103.748340">
    <time>2024-01-01T00:11:49.452Z</time>
    <name>Point 694</name>
  </wpt>
  <wpt lat="1.345176" lon="103.748499">
    <time>2024-01-01T00:11:50.248Z</time>
    <name>Point 695</name>
  </wpt>
  <wpt lat="1.345197" lon="103.748875">
    <time>2024-01-01T00:11:52.086Z</time>
    <name>Point 696</name>
  </wpt>
  <wpt lat="1.345195" lon="103.749043">
    <time>2024-01-01T00:11:52.906Z</time>
    <name>Point 697</name>
  </wpt>
  <wpt lat="1.345194" lon="103.749211">
    <time>2024-01-01T00:11:53.726Z</time>
    <name>Point 698</name>
  </wpt>
  <wpt lat="1.345192" lon="103.749379">
    <time>2024-01-01T00:11:54.546Z</time>
    <name>Point 699</name>
  </wpt>
  <wpt lat="1.345188" lon="103.749591">
    <time>2024-01-01T00:11:55.579Z</time>
    <name>Point 700</name>
  </wpt>
  <wpt lat="1.345185" lon="103.749803">
    <time>2024-01-01T00:11:56.613Z</time>
    <name>Point 701</name>
  </wpt>
  <wpt lat="1.345181" lon="103.750014">
    <time>2024-01-01T00:11:57.647Z</time>
    <name>Point 702</name>
  </wpt>
  <wpt lat="1.345178" lon="103.750226">
    <time>2024-01-01T00:11:58.681Z</time>
    <name>Point 703</name>
  </wpt>
  <wpt lat="1.345174" lon="103.750438">
    <time>2024-01-01T00:11:59.715Z</time>
    <name>Point 704</name>
  </wpt>
  <wpt lat="1.345171" lon="103.750650">
    <time>2024-01-01T00:12:00.749Z</time>
    <name>Point 705</name>
  </wpt>
  <wpt lat="1.345165" lon="103.751090">
    <time>2024-01-01T00:12:02.897Z</time>
    <name>Point 706</name>
  </wpt>
  <wpt lat="1.345219" lon="103.751251">
    <time>2024-01-01T00:12:03.726Z</time>
    <name>Point 707</name>
  </wpt>
  <wpt lat="1.345374" lon="103.751262">
    <time>2024-01-01T00:12:04.484Z</time>
    <name>Point 708</name>
  </wpt>
  <wpt lat="1.345744" lon="103.751246">
    <time>2024-01-01T00:12:06.292Z</time>
    <name>Point 709</name>
  </wpt>
  <wpt lat="1.346168" lon="103.751256">
    <time>2024-01-01T00:12:08.363Z</time>
    <name>Point 710</name>
  </wpt>
  <wpt lat="1.346393" lon="103.751240">
    <time>2024-01-01T00:12:09.464Z</time>
    <name>Point 711</name>
  </wpt>
  <wpt lat="1.346468" lon="103.751203">
    <time>2024-01-01T00:12:09.872Z</time>
    <name>Point 712</name>
  </wpt>
  <wpt lat="1.346474" lon="103.751031">
    <time>2024-01-01T00:12:10.712Z</time>
    <name>Point 713</name>
  </wpt>
  <wpt lat="1.346522" lon="103.750843">
    <time>2024-01-01T00:12:11.659Z</time>
    <name>Point 714</name>
  </wpt>
  <wpt lat="1.346656" lon="103.750699">
    <time>2024-01-01T00:12:12.619Z</time>
    <name>Point 715</name>
  </wpt>
  <wpt lat="1.346865" lon="103.750548">
    <time>2024-01-01T00:12:13.878Z</time>
    <name>Point 716</name>
  </wpt>
  <wpt lat="1.347048" lon="103.750522">
    <time>2024-01-01T00:12:14.780Z</time>
    <name>Point 717</name>
  </wpt>
  <wpt lat="1.347257" lon="103.750504">
    <time>2024-01-01T00:12:15.804Z</time>
    <name>Point 718</name>
  </wpt>
  <wpt lat="1.347466" lon="103.750486">
    <time>2024-01-01T00:12:16.828Z</time>
    <name>Point 719</name>
  </wpt>
  <wpt lat="1.347675" lon="103.750468">
    <time>2024-01-01T00:12:17.852Z</time>
    <name>Point 720</name>
  </wpt>
  <wpt lat="1.347766" lon="103.750484">
    <time>2024-01-01T00:12:18.303Z</time>
    <name>Point 721</name>
  </wpt>
  <wpt lat="1.347809" lon="103.750377">
    <time>2024-01-01T00:12:18.866Z</time>
    <name>Point 722</name>
  </wpt>
  <wpt lat="1.347836" lon="103.750108">
    <time>2024-01-01T00:12:20.185Z</time>
    <name>Point 723</name>
  </wpt>
  <wpt lat="1.347895" lon="103.749765">
    <time>2024-01-01T00:12:21.884Z</time>
    <name>Point 724</name>
  </wpt>
  <wpt lat="1.347981" lon="103.749459">
    <time>2024-01-01T00:12:23.435Z</time>
    <name>Point 725</name>
  </wpt>
  <wpt lat="1.348120" lon="103.749256">
    <time>2024-01-01T00:12:24.636Z</time>
    <name>Point 726</name>
  </wpt>
  <wpt lat="1.348227" lon="103.749046">
    <time>2024-01-01T00:12:25.786Z</time>
    <name>Point 727</name>
  </wpt>
  <wpt lat="1.348308" lon="103.748901">
    <time>2024-01-01T00:12:26.597Z</time>
    <name>Point 728</name>
  </wpt>
  <wpt lat="1.348270" lon="103.748783">
    <time>2024-01-01T00:12:27.202Z</time>
    <name>Point 729</name>
  </wpt>
  <wpt lat="1.348108" lon="103.748666">
    <time>2024-01-01T00:12:28.177Z</time>
    <name>Point 730</name>
  </wpt>
  <wpt lat="1.347946" lon="103.748550">
    <time>2024-01-01T00:12:29.152Z</time>
    <name>Point 731</name>
  </wpt>
  <wpt lat="1.347783" lon="103.748433">
    <time>2024-01-01T00:12:30.128Z</time>
    <name>Point 732</name>
  </wpt>
  <wpt lat="1.347621" lon="103.748317">
    <time>2024-01-01T00:12:31.103Z</time>
    <name>Point 733</name>
  </wpt>
  <wpt lat="1.347459" lon="103.748200">
    <time>2024-01-01T00:12:32.078Z</time>
    <name>Point 734</name>
  </wpt>
  <wpt lat="1.347297" lon="103.748083">
    <time>2024-01-01T00:12:33.054Z</time>
    <name>Point 735</name>
  </wpt>
  <wpt lat="1.347134" lon="103.747967">
    <time>2024-01-01T00:12:34.029Z</time>
    <name>Point 736</name>
  </wpt>
  <wpt lat="1.346972" lon="103.747850">
    <time>2024-01-01T00:12:35.005Z</time>
    <name>Point 737</name>
  </wpt>
  <wpt lat="1.346814" lon="103.747737">
    <time>2024-01-01T00:12:35.952Z</time>
    <name>Point 738</name>
  </wpt>
  <wpt lat="1.346656" lon="103.747625">
    <time>2024-01-01T00:12:36.900Z</time>
    <name>Point 739</name>
  </wpt>
  <wpt lat="1.346497" lon="103.747512">
    <time>2024-01-01T00:12:37.848Z</time>
    <name>Point 740</name>
  </wpt>
  <wpt lat="1.346339" lon="103.747399">
    <time>2024-01-01T00:12:38.796Z</time>
    <name>Point 741</name>
  </wpt>
  <wpt lat="1.346181" lon="103.747287">
    <time>2024-01-01T00:12:39.744Z</time>
    <name>Point 742</name>
  </wpt>
  <wpt lat="1.346023" lon="103.747174">
    <time>2024-01-01T00:12:40.692Z</time>
    <name>Point 743</name>
  </wpt>
  <wpt lat="1.345911" lon="103.747083">
    <time>2024-01-01T00:12:41.397Z</time>
    <name>Point 744</name>
  </wpt>
  <wpt lat="1.345777" lon="103.746938">
    <time>2024-01-01T00:12:42.360Z</time>
    <name>Point 745</name>
  </wpt>
  <wpt lat="1.345648" lon="103.746868">
    <time>2024-01-01T00:12:43.077Z</time>
    <name>Point 746</name>
  </wpt>
  <wpt lat="1.345476" lon="103.746744">
    <time>2024-01-01T00:12:44.111Z</time>
    <name>Point 747</name>
  </wpt>
  <wpt lat="1.345305" lon="103.746620">
    <time>2024-01-01T00:12:45.145Z</time>
    <name>Point 748</name>
  </wpt>
  <wpt lat="1.345133" lon="103.746496">
    <time>2024-01-01T00:12:46.179Z</time>
    <name>Point 749</name>
  </wpt>
  <wpt lat="1.344961" lon="103.746371">
    <time>2024-01-01T00:12:47.213Z</time>
    <name>Point 750</name>
  </wpt>
  <wpt lat="1.344790" lon="103.746247">
    <time>2024-01-01T00:12:48.247Z</time>
    <name>Point 751</name>
  </wpt>
  <wpt lat="1.344618" lon="103.746123">
    <time>2024-01-01T00:12:49.282Z</time>
    <name>Point 752</name>
  </wpt>
  <wpt lat="1.344441" lon="103.745986">
    <time>2024-01-01T00:12:50.373Z</time>
    <name>Point 753</name>
  </wpt>
  <wpt lat="1.344264" lon="103.745849">
    <time>2024-01-01T00:12:51.465Z</time>
    <name>Point 754</name>
  </wpt>
  <wpt lat="1.344087" lon="103.745713">
    <time>2024-01-01T00:12:52.557Z</time>
    <name>Point 755</name>
  </wpt>
  <wpt lat="1.343910" lon="103.745576">
    <time>2024-01-01T00:12:53.649Z</time>
    <name>Point 756</name>
  </wpt>
  <wpt lat="1.343782" lon="103.745500">
    <time>2024-01-01T00:12:54.376Z</time>
    <name>Point 757</name>
  </wpt>
  <wpt lat="1.343798" lon="103.745409">
    <time>2024-01-01T00:12:54.827Z</time>
    <name>Point 758</name>
  </wpt>
  <wpt lat="1.343916" lon="103.745420">
    <time>2024-01-01T00:12:55.405Z</time>
    <name>Point 759</name>
  </wpt>
  <wpt lat="1.344119" lon="103.745586">
    <time>2024-01-01T00:12:56.685Z</time>
    <name>Point 760</name>
  </wpt>
  <wpt lat="1.344293" lon="103.745712">
    <time>2024-01-01T00:12:57.732Z</time>
    <name>Point 761</name>
  </wpt>
  <wpt lat="1.344466" lon="103.745838">
    <time>2024-01-01T00:12:58.779Z</time>
    <name>Point 762</name>
  </wpt>
  <wpt lat="1.344639" lon="103.745964">
    <time>2024-01-01T00:12:59.826Z</time>
    <name>Point 763</name>
  </wpt>
  <wpt lat="1.344813" lon="103.746091">
    <time>2024-01-01T00:13:00.873Z</time>
    <name>Point 764</name>
  </wpt>
  <wpt lat="1.344986" lon="103.746217">
    <time>2024-01-01T00:13:01.920Z</time>
    <name>Point 765</name>
  </wpt>
  <wpt lat="1.345160" lon="103.746343">
    <time>2024-01-01T00:13:02.968Z</time>
    <name>Point 766</name>
  </wpt>
  <wpt lat="1.345310" lon="103.746459">
    <time>2024-01-01T00:13:03.893Z</time>
    <name>Point 767</name>
  </wpt>
  <wpt lat="1.345460" lon="103.746575">
    <time>2024-01-01T00:13:04.819Z</time>
    <name>Point 768</name>
  </wpt>
  <wpt lat="1.345610" lon="103.746691">
    <time>2024-01-01T00:13:05.745Z</time>
    <name>Point 769</name>
  </wpt>
  <wpt lat="1.345787" lon="103.746831">
    <time>2024-01-01T00:13:06.846Z</time>
    <name>Point 770</name>
  </wpt>
  <wpt lat="1.345916" lon="103.746911">
    <time>2024-01-01T00:13:07.587Z</time>
    <name>Point 771</name>
  </wpt>
  <wpt lat="1.346007" lon="103.746986">
    <time>2024-01-01T00:13:08.163Z</time>
    <name>Point 772</name>
  </wpt>
  <wpt lat="1.346114" lon="103.747061">
    <time>2024-01-01T00:13:08.801Z</time>
    <name>Point 773</name>
  </wpt>
  <wpt lat="1.346287" lon="103.747190">
    <time>2024-01-01T00:13:09.856Z</time>
    <name>Point 774</name>
  </wpt>
  <wpt lat="1.346461" lon="103.747319">
    <time>2024-01-01T00:13:10.911Z</time>
    <name>Point 775</name>
  </wpt>
  <wpt lat="1.346634" lon="103.747449">
    <time>2024-01-01T00:13:11.966Z</time>
    <name>Point 776</name>
  </wpt>
  <wpt lat="1.346807" lon="103.747578">
    <time>2024-01-01T00:13:13.021Z</time>
    <name>Point 777</name>
  </wpt>
  <wpt lat="1.346981" lon="103.747707">
    <time>2024-01-01T00:13:14.077Z</time>
    <name>Point 778</name>
  </wpt>
  <wpt lat="1.347154" lon="103.747836">
    <time>2024-01-01T00:13:15.132Z</time>
    <name>Point 779</name>
  </wpt>
  <wpt lat="1.347327" lon="103.747966">
    <time>2024-01-01T00:13:16.187Z</time>
    <name>Point 780</name>
  </wpt>
  <wpt lat="1.347500" lon="103.748095">
    <time>2024-01-01T00:13:17.242Z</time>
    <name>Point 781</name>
  </wpt>
  <wpt lat="1.347674" lon="103.748224">
    <time>2024-01-01T00:13:18.298Z</time>
    <name>Point 782</name>
  </wpt>
  <wpt lat="1.347847" lon="103.748353">
    <time>2024-01-01T00:13:19.353Z</time>
    <name>Point 783</name>
  </wpt>
  <wpt lat="1.348020" lon="103.748483">
    <time>2024-01-01T00:13:20.408Z</time>
    <name>Point 784</name>
  </wpt>
  <wpt lat="1.348194" lon="103.748612">
    <time>2024-01-01T00:13:21.463Z</time>
    <name>Point 785</name>
  </wpt>
  <wpt lat="1.348367" lon="103.748741">
    <time>2024-01-01T00:13:22.519Z</time>
    <name>Point 786</name>
  </wpt>
  <wpt lat="1.348485" lon="103.748719">
    <time>2024-01-01T00:13:23.105Z</time>
    <name>Point 787</name>
  </wpt>
  <wpt lat="1.348560" lon="103.748606">
    <time>2024-01-01T00:13:23.767Z</time>
    <name>Point 788</name>
  </wpt>
  <wpt lat="1.348673" lon="103.748446">
    <time>2024-01-01T00:13:24.723Z</time>
    <name>Point 789</name>
  </wpt>
  <wpt lat="1.348849" lon="103.748274">
    <time>2024-01-01T00:13:25.924Z</time>
    <name>Point 790</name>
  </wpt>
  <wpt lat="1.349182" lon="103.748011">
    <time>2024-01-01T00:13:27.995Z</time>
    <name>Point 791</name>
  </wpt>
  <wpt lat="1.349606" lon="103.747866">
    <time>2024-01-01T00:13:30.183Z</time>
    <name>Point 792</name>
  </wpt>
  <wpt lat="1.349874" lon="103.747834">
    <time>2024-01-01T00:13:31.501Z</time>
    <name>Point 793</name>
  </wpt>
  <wpt lat="1.350158" lon="103.747829">
    <time>2024-01-01T00:13:32.887Z</time>
    <name>Point 794</name>
  </wpt>
  <wpt lat="1.350415" lon="103.747872">
    <time>2024-01-01T00:13:34.159Z</time>
    <name>Point 795</name>
  </wpt>
  <wpt lat="1.350576" lon="103.747941">
    <time>2024-01-01T00:13:35.014Z</time>
    <name>Point 796</name>
  </wpt>
  <wpt lat="1.350750" lon="103.747999">
    <time>2024-01-01T00:13:35.911Z</time>
    <name>Point 797</name>
  </wpt>
  <wpt lat="1.350925" lon="103.748056">
    <time>2024-01-01T00:13:36.808Z</time>
    <name>Point 798</name>
  </wpt>
  <wpt lat="1.351100" lon="103.748114">
    <time>2024-01-01T00:13:37.705Z</time>
    <name>Point 799</name>
  </wpt>
  <wpt lat="1.351274" lon="103.748172">
    <time>2024-01-01T00:13:38.603Z</time>
    <name>Point 800</name>
  </wpt>
  <wpt lat="1.351510" lon="103.748279">
    <time>2024-01-01T00:13:39.868Z</time>
    <name>Point 801</name>
  </wpt>
  <wpt lat="1.351745" lon="103.748317">
    <time>2024-01-01T00:13:41.030Z</time>
    <name>Point 802</name>
  </wpt>
  <wpt lat="1.351933" lon="103.748349">
    <time>2024-01-01T00:13:41.961Z</time>
    <name>Point 803</name>
  </wpt>
  <wpt lat="1.352164" lon="103.748344">
    <time>2024-01-01T00:13:43.089Z</time>
    <name>Point 804</name>
  </wpt>
  <wpt lat="1.352282" lon="103.748333">
    <time>2024-01-01T00:13:43.668Z</time>
    <name>Point 805</name>
  </wpt>
  <wpt lat="1.352303" lon="103.748231">
    <time>2024-01-01T00:13:44.176Z</time>
    <name>Point 806</name>
  </wpt>
  <wpt lat="1.352303" lon="103.747963">
    <time>2024-01-01T00:13:45.484Z</time>
    <name>Point 807</name>
  </wpt>
  <wpt lat="1.352307" lon="103.747781">
    <time>2024-01-01T00:13:46.374Z</time>
    <name>Point 808</name>
  </wpt>
  <wpt lat="1.352312" lon="103.747598">
    <time>2024-01-01T00:13:47.264Z</time>
    <name>Point 809</name>
  </wpt>
  <wpt lat="1.352316" lon="103.747416">
    <time>2024-01-01T00:13:48.155Z</time>
    <name>Point 810</name>
  </wpt>
  <wpt lat="1.352321" lon="103.747233">
    <time>2024-01-01T00:13:49.045Z</time>
    <name>Point 811</name>
  </wpt>
  <wpt lat="1.352325" lon="103.747051">
    <time>2024-01-01T00:13:49.936Z</time>
    <name>Point 812</name>
  </wpt>
  <wpt lat="1.352239" lon="103.746654">
    <time>2024-01-01T00:13:51.919Z</time>
    <name>Point 813</name>
  </wpt>
  <wpt lat="1.352218" lon="103.746475">
    <time>2024-01-01T00:13:52.798Z</time>
    <name>Point 814</name>
  </wpt>
  <wpt lat="1.352196" lon="103.746296">
    <time>2024-01-01T00:13:53.678Z</time>
    <name>Point 815</name>
  </wpt>
  <wpt lat="1.352175" lon="103.746117">
    <time>2024-01-01T00:13:54.558Z</time>
    <name>Point 816</name>
  </wpt>
  <wpt lat="1.352132" lon="103.745677">
    <time>2024-01-01T00:13:56.716Z</time>
    <name>Point 817</name>
  </wpt>
  <wpt lat="1.352078" lon="103.745393">
    <time>2024-01-01T00:13:58.126Z</time>
    <name>Point 818</name>
  </wpt>
  <wpt lat="1.352073" lon="103.745227">
    <time>2024-01-01T00:13:58.937Z</time>
    <name>Point 819</name>
  </wpt>
  <wpt lat="1.352014" lon="103.745002">
    <time>2024-01-01T00:14:00.072Z</time>
    <name>Point 820</name>
  </wpt>
  <wpt lat="1.351980" lon="103.744807">
    <time>2024-01-01T00:14:01.038Z</time>
    <name>Point 821</name>
  </wpt>
  <wpt lat="1.351946" lon="103.744612">
    <time>2024-01-01T00:14:02.004Z</time>
    <name>Point 822</name>
  </wpt>
  <wpt lat="1.351912" lon="103.744417">
    <time>2024-01-01T00:14:02.970Z</time>
    <name>Point 823</name>
  </wpt>
  <wpt lat="1.351783" lon="103.744084">
    <time>2024-01-01T00:14:04.713Z</time>
    <name>Point 824</name>
  </wpt>
  <wpt lat="1.351552" lon="103.743714">
    <time>2024-01-01T00:14:06.842Z</time>
    <name>Point 825</name>
  </wpt>
  <wpt lat="1.351263" lon="103.743392">
    <time>2024-01-01T00:14:08.954Z</time>
    <name>Point 826</name>
  </wpt>
  <wpt lat="1.350973" lon="103.743199">
    <time>2024-01-01T00:14:10.654Z</time>
    <name>Point 827</name>
  </wpt>
  <wpt lat="1.350678" lon="103.743006">
    <time>2024-01-01T00:14:12.375Z</time>
    <name>Point 828</name>
  </wpt>
  <wpt lat="1.350448" lon="103.742818">
    <time>2024-01-01T00:14:13.825Z</time>
    <name>Point 829</name>
  </wpt>
  <wpt lat="1.350185" lon="103.742561">
    <time>2024-01-01T00:14:15.620Z</time>
    <name>Point 830</name>
  </wpt>
  <wpt lat="1.349949" lon="103.742260">
    <time>2024-01-01T00:14:17.487Z</time>
    <name>Point 831</name>
  </wpt>
  <wpt lat="1.349783" lon="103.741879">
    <time>2024-01-01T00:14:19.515Z</time>
    <name>Point 832</name>
  </wpt>
  <wpt lat="1.349750" lon="103.741482">
    <time>2024-01-01T00:14:21.459Z</time>
    <name>Point 833</name>
  </wpt>
  <wpt lat="1.349747" lon="103.741277">
    <time>2024-01-01T00:14:22.458Z</time>
    <name>Point 834</name>
  </wpt>
  <wpt lat="1.349744" lon="103.741072">
    <time>2024-01-01T00:14:23.458Z</time>
    <name>Point 835</name>
  </wpt>
  <wpt lat="1.349740" lon="103.740868">
    <time>2024-01-01T00:14:24.458Z</time>
    <name>Point 836</name>
  </wpt>
  <wpt lat="1.349737" lon="103.740663">
    <time>2024-01-01T00:14:25.458Z</time>
    <name>Point 837</name>
  </wpt>
  <wpt lat="1.349734" lon="103.740458">
    <time>2024-01-01T00:14:26.458Z</time>
    <name>Point 838</name>
  </wpt>
  <wpt lat="1.349723" lon="103.740238">
    <time>2024-01-01T00:14:27.532Z</time>
    <name>Point 839</name>
  </wpt>
  <wpt lat="1.349713" lon="103.740018">
    <time>2024-01-01T00:14:28.607Z</time>
    <name>Point 840</name>
  </wpt>
  <wpt lat="1.349702" lon="103.739798">
    <time>2024-01-01T00:14:29.682Z</time>
    <name>Point 841</name>
  </wpt>
  <wpt lat="1.349718" lon="103.739610">
    <time>2024-01-01T00:14:30.603Z</time>
    <name>Point 842</name>
  </wpt>
  <wpt lat="1.349724" lon="103.739439">
    <time>2024-01-01T00:14:31.438Z</time>
    <name>Point 843</name>
  </wpt>
  <wpt lat="1.349729" lon="103.739224">
    <time>2024-01-01T00:14:32.488Z</time>
    <name>Point 844</name>
  </wpt>
  <wpt lat="1.349718" lon="103.738891">
    <time>2024-01-01T00:14:34.114Z</time>
    <name>Point 845</name>
  </wpt>
  <wpt lat="1.349740" lon="103.738511">
    <time>2024-01-01T00:14:35.972Z</time>
    <name>Point 846</name>
  </wpt>
  <wpt lat="1.349729" lon="103.738242">
    <time>2024-01-01T00:14:37.286Z</time>
    <name>Point 847</name>
  </wpt>
  <wpt lat="1.349793" lon="103.738140">
    <time>2024-01-01T00:14:37.873Z</time>
    <name>Point 848</name>
  </wpt>
  <wpt lat="1.349976" lon="103.738039">
    <time>2024-01-01T00:14:38.894Z</time>
    <name>Point 849</name>
  </wpt>
  <wpt lat="1.350190" lon="103.738006">
    <time>2024-01-01T00:14:39.951Z</time>
    <name>Point 850</name>
  </wpt>
  <wpt lat="1.350399" lon="103.737947">
    <time>2024-01-01T00:14:41.011Z</time>
    <name>Point 851</name>
  </wpt>
  <wpt lat="1.350555" lon="103.737888">
    <time>2024-01-01T00:14:41.825Z</time>
    <name>Point 852</name>
  </wpt>
  <wpt lat="1.350710" lon="103.737803">
    <time>2024-01-01T00:14:42.688Z</time>
    <name>Point 853</name>
  </wpt>
  <wpt lat="1.350923" lon="103.737751">
    <time>2024-01-01T00:14:43.758Z</time>
    <name>Point 854</name>
  </wpt>
  <wpt lat="1.351136" lon="103.737699">
    <time>2024-01-01T00:14:44.828Z</time>
    <name>Point 855</name>
  </wpt>
  <wpt lat="1.351349" lon="103.737647">
    <time>2024-01-01T00:14:45.899Z</time>
    <name>Point 856</name>
  </wpt>
  <wpt lat="1.351554" lon="103.737561">
    <time>2024-01-01T00:14:46.984Z</time>
    <name>Point 857</name>
  </wpt>
  <wpt lat="1.351759" lon="103.737475">
    <time>2024-01-01T00:14:48.069Z</time>
    <name>Point 858</name>
  </wpt>
  <wpt lat="1.351964" lon="103.737389">
    <time>2024-01-01T00:14:49.154Z</time>
    <name>Point 859</name>
  </wpt>
  <wpt lat="1.352169" lon="103.737304">
    <time>2024-01-01T00:14:50.240Z</time>
    <name>Point 860</name>
  </wpt>
  <wpt lat="1.352374" lon="103.737218">
    <time>2024-01-01T00:14:51.325Z</time>
    <name>Point 861</name>
  </wpt>
  <wpt lat="1.352580" lon="103.737132">
    <time>2024-01-01T00:14:52.410Z</time>
    <name>Point 862</name>
  </wpt>
  <wpt lat="1.352785" lon="103.737046">
    <time>2024-01-01T00:14:53.495Z</time>
    <name>Point 863</name>
  </wpt>
  <wpt lat="1.352990" lon="103.736960">
    <time>2024-01-01T00:14:54.581Z</time>
    <name>Point 864</name>
  </wpt>
  <wpt lat="1.353195" lon="103.736874">
    <time>2024-01-01T00:14:55.666Z</time>
    <name>Point 865</name>
  </wpt>
  <wpt lat="1.353400" lon="103.736789">
    <time>2024-01-01T00:14:56.751Z</time>
    <name>Point 866</name>
  </wpt>
  <wpt lat="1.353605" lon="103.736703">
    <time>2024-01-01T00:14:57.836Z</time>
    <name>Point 867</name>
  </wpt>
  <wpt lat="1.353810" lon="103.736617">
    <time>2024-01-01T00:14:58.922Z</time>
    <name>Point 868</name>
  </wpt>
  <wpt lat="1.353984" lon="103.736580">
    <time>2024-01-01T00:14:59.792Z</time>
    <name>Point 869</name>
  </wpt>
  <wpt lat="1.354159" lon="103.736542">
    <time>2024-01-01T00:15:00.662Z</time>
    <name>Point 870</name>
  </wpt>
  <wpt lat="1.354333" lon="103.736504">
    <time>2024-01-01T00:15:01.532Z</time>
    <name>Point 871</name>
  </wpt>
  <wpt lat="1.354507" lon="103.736467">
    <time>2024-01-01T00:15:02.402Z</time>
    <name>Point 872</name>
  </wpt>
  <wpt lat="1.354936" lon="103.736386">
    <time>2024-01-01T00:15:04.534Z</time>
    <name>Point 873</name>
  </wpt>
  <wpt lat="1.355131" lon="103.736425">
    <time>2024-01-01T00:15:05.505Z</time>
    <name>Point 874</name>
  </wpt>
  <wpt lat="1.355326" lon="103.736463">
    <time>2024-01-01T00:15:06.476Z</time>
    <name>Point 875</name>
  </wpt>
  <wpt lat="1.355522" lon="103.736502">
    <time>2024-01-01T00:15:07.447Z</time>
    <name>Point 876</name>
  </wpt>
  <wpt lat="1.355717" lon="103.736540">
    <time>2024-01-01T00:15:08.418Z</time>
    <name>Point 877</name>
  </wpt>
  <wpt lat="1.355912" lon="103.736579">
    <time>2024-01-01T00:15:09.390Z</time>
    <name>Point 878</name>
  </wpt>
  <wpt lat="1.356055" lon="103.736647">
    <time>2024-01-01T00:15:10.164Z</time>
    <name>Point 879</name>
  </wpt>
  <wpt lat="1.356199" lon="103.736715">
    <time>2024-01-01T00:15:10.939Z</time>
    <name>Point 880</name>
  </wpt>
  <wpt lat="1.356342" lon="103.736783">
    <time>2024-01-01T00:15:11.714Z</time>
    <name>Point 881</name>
  </wpt>
  <wpt lat="1.356503" lon="103.736851">
    <time>2024-01-01T00:15:12.565Z</time>
    <name>Point 882</name>
  </wpt>
  <wpt lat="1.356663" lon="103.736919">
    <time>2024-01-01T00:15:13.417Z</time>
    <name>Point 883</name>
  </wpt>
  <wpt lat="1.356824" lon="103.736987">
    <time>2024-01-01T00:15:14.269Z</time>
    <name>Point 884</name>
  </wpt>
  <wpt lat="1.356963" lon="103.737119">
    <time>2024-01-01T00:15:15.207Z</time>
    <name>Point 885</name>
  </wpt>
  <wpt lat="1.357103" lon="103.737252">
    <time>2024-01-01T00:15:16.145Z</time>
    <name>Point 886</name>
  </wpt>
  <wpt lat="1.357242" lon="103.737384">
    <time>2024-01-01T00:15:17.083Z</time>
    <name>Point 887</name>
  </wpt>
  <wpt lat="1.357392" lon="103.737484">
    <time>2024-01-01T00:15:17.964Z</time>
    <name>Point 888</name>
  </wpt>
  <wpt lat="1.357543" lon="103.737584">
    <time>2024-01-01T00:15:18.845Z</time>
    <name>Point 889</name>
  </wpt>
  <wpt lat="1.357693" lon="103.737684">
    <time>2024-01-01T00:15:19.727Z</time>
    <name>Point 890</name>
  </wpt>
  <wpt lat="1.357940" lon="103.737792">
    <time>2024-01-01T00:15:21.042Z</time>
    <name>Point 891</name>
  </wpt>
  <wpt lat="1.358165" lon="103.737652">
    <time>2024-01-01T00:15:22.336Z</time>
    <name>Point 892</name>
  </wpt>
  <wpt lat="1.358303" lon="103.737497">
    <time>2024-01-01T00:15:23.346Z</time>
    <name>Point 893</name>
  </wpt>
  <wpt lat="1.358440" lon="103.737343">
    <time>2024-01-01T00:15:24.357Z</time>
    <name>Point 894</name>
  </wpt>
  <wpt lat="1.358578" lon="103.737188">
    <time>2024-01-01T00:15:25.368Z</time>
    <name>Point 895</name>
  </wpt>
  <wpt lat="1.358716" lon="103.737033">
    <time>2024-01-01T00:15:26.378Z</time>
    <name>Point 896</name>
  </wpt>
  <wpt lat="1.358853" lon="103.736879">
    <time>2024-01-01T00:15:27.389Z</time>
    <name>Point 897</name>
  </wpt>
  <wpt lat="1.358991" lon="103.736724">
    <time>2024-01-01T00:15:28.400Z</time>
    <name>Point 898</name>
  </wpt>
  <wpt lat="1.359129" lon="103.736569">
    <time>2024-01-01T00:15:29.410Z</time>
    <name>Point 899</name>
  </wpt>
  <wpt lat="1.359266" lon="103.736415">
    <time>2024-01-01T00:15:30.421Z</time>
    <name>Point 900</name>
  </wpt>
  <wpt lat="1.359404" lon="103.736260">
    <time>2024-01-01T00:15:31.432Z</time>
    <name>Point 901</name>
  </wpt>
  <wpt lat="1.359542" lon="103.736105">
    <time>2024-01-01T00:15:32.442Z</time>
    <name>Point 902</name>
  </wpt>
  <wpt lat="1.359679" lon="103.735951">
    <time>2024-01-01T00:15:33.453Z</time>
    <name>Point 903</name>
  </wpt>
  <wpt lat="1.359817" lon="103.735796">
    <time>2024-01-01T00:15:34.464Z</time>
    <name>Point 904</name>
  </wpt>
  <wpt lat="1.359961" lon="103.735651">
    <time>2024-01-01T00:15:35.463Z</time>
    <name>Point 905</name>
  </wpt>
  <wpt lat="1.360105" lon="103.735505">
    <time>2024-01-01T00:15:36.462Z</time>
    <name>Point 906</name>
  </wpt>
  <wpt lat="1.360249" lon="103.735360">
    <time>2024-01-01T00:15:37.462Z</time>
    <name>Point 907</name>
  </wpt>
  <wpt lat="1.360393" lon="103.735214">
    <time>2024-01-01T00:15:38.461Z</time>
    <name>Point 908</name>
  </wpt>
  <wpt lat="1.360538" lon="103.735069">
    <time>2024-01-01T00:15:39.460Z</time>
    <name>Point 909</name>
  </wpt>
  <wpt lat="1.360682" lon="103.734923">
    <time>2024-01-01T00:15:40.460Z</time>
    <name>Point 910</name>
  </wpt>
  <wpt lat="1.360826" lon="103.734778">
    <time>2024-01-01T00:15:41.459Z</time>
    <name>Point 911</name>
  </wpt>
  <wpt lat="1.360970" lon="103.734632">
    <time>2024-01-01T00:15:42.458Z</time>
    <name>Point 912</name>
  </wpt>
  <wpt lat="1.361114" lon="103.734487">
    <time>2024-01-01T00:15:43.458Z</time>
    <name>Point 913</name>
  </wpt>
  <wpt lat="1.361247" lon="103.734330">
    <time>2024-01-01T00:15:44.460Z</time>
    <name>Point 914</name>
  </wpt>
  <wpt lat="1.361380" lon="103.734174">
    <time>2024-01-01T00:15:45.463Z</time>
    <name>Point 915</name>
  </wpt>
  <wpt lat="1.361513" lon="103.734017">
    <time>2024-01-01T00:15:46.466Z</time>
    <name>Point 916</name>
  </wpt>
  <wpt lat="1.361646" lon="103.733861">
    <time>2024-01-01T00:15:47.469Z</time>
    <name>Point 917</name>
  </wpt>
  <wpt lat="1.361779" lon="103.733704">
    <time>2024-01-01T00:15:48.472Z</time>
    <name>Point 918</name>
  </wpt>
  <wpt lat="1.361865" lon="103.733529">
    <time>2024-01-01T00:15:49.425Z</time>
    <name>Point 919</name>
  </wpt>
  <wpt lat="1.361951" lon="103.733353">
    <time>2024-01-01T00:15:50.378Z</time>
    <name>Point 920</name>
  </wpt>
  <wpt lat="1.362037" lon="103.733178">
    <time>2024-01-01T00:15:51.332Z</time>
    <name>Point 921</name>
  </wpt>
  <wpt lat="1.362105" lon="103.733024">
    <time>2024-01-01T00:15:52.152Z</time>
    <name>Point 922</name>
  </wpt>
  <wpt lat="1.362173" lon="103.732871">
    <time>2024-01-01T00:15:52.972Z</time>
    <name>Point 923</name>
  </wpt>
  <wpt lat="1.362241" lon="103.732717">
    <time>2024-01-01T00:15:53.792Z</time>
    <name>Point 924</name>
  </wpt>
  <wpt lat="1.362236" lon="103.732534">
    <time>2024-01-01T00:15:54.683Z</time>
    <name>Point 925</name>
  </wpt>
  <wpt lat="1.362230" lon="103.732352">
    <time>2024-01-01T00:15:55.574Z</time>
    <name>Point 926</name>
  </wpt>
  <wpt lat="1.362224" lon="103.732169">
    <time>2024-01-01T00:15:56.465Z</time>
    <name>Point 927</name>
  </wpt>
  <wpt lat="1.362219" lon="103.731987">
    <time>2024-01-01T00:15:57.357Z</time>
    <name>Point 928</name>
  </wpt>
  <wpt lat="1.362225" lon="103.731788">
    <time>2024-01-01T00:15:58.329Z</time>
    <name>Point 929</name>
  </wpt>
  <wpt lat="1.362231" lon="103.731589">
    <time>2024-01-01T00:15:59.301Z</time>
    <name>Point 930</name>
  </wpt>
  <wpt lat="1.362237" lon="103.731390">
    <time>2024-01-01T00:16:00.273Z</time>
    <name>Point 931</name>
  </wpt>
  <wpt lat="1.362244" lon="103.731190">
    <time>2024-01-01T00:16:01.246Z</time>
    <name>Point 932</name>
  </wpt>
  <wpt lat="1.362250" lon="103.730991">
    <time>2024-01-01T00:16:02.218Z</time>
    <name>Point 933</name>
  </wpt>
  <wpt lat="1.362256" lon="103.730792">
    <time>2024-01-01T00:16:03.190Z</time>
    <name>Point 934</name>
  </wpt>
  <wpt lat="1.362262" lon="103.730593">
    <time>2024-01-01T00:16:04.163Z</time>
    <name>Point 935</name>
  </wpt>
  <wpt lat="1.362251" lon="103.730389">
    <time>2024-01-01T00:16:05.160Z</time>
    <name>Point 936</name>
  </wpt>
  <wpt lat="1.362241" lon="103.730185">
    <time>2024-01-01T00:16:06.157Z</time>
    <name>Point 937</name>
  </wpt>
  <wpt lat="1.362230" lon="103.729981">
    <time>2024-01-01T00:16:07.154Z</time>
    <name>Point 938</name>
  </wpt>
  <wpt lat="1.362220" lon="103.729777">
    <time>2024-01-01T00:16:08.151Z</time>
    <name>Point 939</name>
  </wpt>
  <wpt lat="1.362209" lon="103.729573">
    <time>2024-01-01T00:16:09.148Z</time>
    <name>Point 940</name>
  </wpt>
  <wpt lat="1.362205" lon="103.729384">
    <time>2024-01-01T00:16:10.072Z</time>
    <name>Point 941</name>
  </wpt>
  <wpt lat="1.362202" lon="103.729194">
    <time>2024-01-01T00:16:10.996Z</time>
    <name>Point 942</name>
  </wpt>
  <wpt lat="1.362198" lon="103.729005">
    <time>2024-01-01T00:16:11.920Z</time>
    <name>Point 943</name>
  </wpt>
  <wpt lat="1.362123" lon="103.728715">
    <time>2024-01-01T00:16:13.382Z</time>
    <name>Point 944</name>
  </wpt>
  <wpt lat="1.361951" lon="103.728533">
    <time>2024-01-01T00:16:14.604Z</time>
    <name>Point 945</name>
  </wpt>
  <wpt lat="1.361544" lon="103.728404">
    <time>2024-01-01T00:16:16.689Z</time>
    <name>Point 946</name>
  </wpt>
  <wpt lat="1.361397" lon="103.728340">
    <time>2024-01-01T00:16:17.470Z</time>
    <name>Point 947</name>
  </wpt>
  <wpt lat="1.361251" lon="103.728275">
    <time>2024-01-01T00:16:18.252Z</time>
    <name>Point 948</name>
  </wpt>
  <wpt lat="1.361104" lon="103.728211">
    <time>2024-01-01T00:16:19.034Z</time>
    <name>Point 949</name>
  </wpt>
  <wpt lat="1.360924" lon="103.728155">
    <time>2024-01-01T00:16:19.954Z</time>
    <name>Point 950</name>
  </wpt>
  <wpt lat="1.360744" lon="103.728099">
    <time>2024-01-01T00:16:20.875Z</time>
    <name>Point 951</name>
  </wpt>
  <wpt lat="1.360563" lon="103.728044">
    <time>2024-01-01T00:16:21.796Z</time>
    <name>Point 952</name>
  </wpt>
  <wpt lat="1.360383" lon="103.727988">
    <time>2024-01-01T00:16:22.717Z</time>
    <name>Point 953</name>
  </wpt>
  <wpt lat="1.360203" lon="103.727932">
    <time>2024-01-01T00:16:23.638Z</time>
    <name>Point 954</name>
  </wpt>
  <wpt lat="1.360024" lon="103.727855">
    <time>2024-01-01T00:16:24.589Z</time>
    <name>Point 955</name>
  </wpt>
  <wpt lat="1.359844" lon="103.727779">
    <time>2024-01-01T00:16:25.541Z</time>
    <name>Point 956</name>
  </wpt>
  <wpt lat="1.359665" lon="103.727702">
    <time>2024-01-01T00:16:26.493Z</time>
    <name>Point 957</name>
  </wpt>
  <wpt lat="1.359486" lon="103.727626">
    <time>2024-01-01T00:16:27.444Z</time>
    <name>Point 958</name>
  </wpt>
  <wpt lat="1.359307" lon="103.727549">
    <time>2024-01-01T00:16:28.396Z</time>
    <name>Point 959</name>
  </wpt>
  <wpt lat="1.359127" lon="103.727473">
    <time>2024-01-01T00:16:29.348Z</time>
    <name>Point 960</name>
  </wpt>
  <wpt lat="1.358948" lon="103.727396">
    <time>2024-01-01T00:16:30.300Z</time>
    <name>Point 961</name>
  </wpt>
  <wpt lat="1.358819" lon="103.727535">
    <time>2024-01-01T00:16:31.226Z</time>
    <name>Point 962</name>
  </wpt>
  <wpt lat="1.358669" lon="103.727889">
    <time>2024-01-01T00:16:33.102Z</time>
    <name>Point 963</name>
  </wpt>
  <wpt lat="1.358530" lon="103.728179">
    <time>2024-01-01T00:16:34.672Z</time>
    <name>Point 964</name>
  </wpt>
  <wpt lat="1.358444" lon="103.728393">
    <time>2024-01-01T00:16:35.797Z</time>
    <name>Point 965</name>
  </wpt>
  <wpt lat="1.358586" lon="103.728554">
    <time>2024-01-01T00:16:36.843Z</time>
    <name>Point 966</name>
  </wpt>
  <wpt lat="1.358727" lon="103.728715">
    <time>2024-01-01T00:16:37.890Z</time>
    <name>Point 967</name>
  </wpt>
  <wpt lat="1.358869" lon="103.728876">
    <time>2024-01-01T00:16:38.936Z</time>
    <name>Point 968</name>
  </wpt>
  <wpt lat="1.359010" lon="103.729037">
    <time>2024-01-01T00:16:39.983Z</time>
    <name>Point 969</name>
  </wpt>
  <wpt lat="1.359152" lon="103.729198">
    <time>2024-01-01T00:16:41.030Z</time>
    <name>Point 970</name>
  </wpt>
  <wpt lat="1.359309" lon="103.729345">
    <time>2024-01-01T00:16:42.079Z</time>
    <name>Point 971</name>
  </wpt>
  <wpt lat="1.359467" lon="103.729491">
    <time>2024-01-01T00:16:43.129Z</time>
    <name>Point 972</name>
  </wpt>
  <wpt lat="1.359624" lon="103.729638">
    <time>2024-01-01T00:16:44.179Z</time>
    <name>Point 973</name>
  </wpt>
  <wpt lat="1.359781" lon="103.729785">
    <time>2024-01-01T00:16:45.229Z</time>
    <name>Point 974</name>
  </wpt>
  <wpt lat="1.359939" lon="103.729931">
    <time>2024-01-01T00:16:46.279Z</time>
    <name>Point 975</name>
  </wpt>
  <wpt lat="1.360096" lon="103.730078">
    <time>2024-01-01T00:16:47.329Z</time>
    <name>Point 976</name>
  </wpt>
  <wpt lat="1.360240" lon="103.730235">
    <time>2024-01-01T00:16:48.366Z</time>
    <name>Point 977</name>
  </wpt>
  <wpt lat="1.360383" lon="103.730391">
    <time>2024-01-01T00:16:49.403Z</time>
    <name>Point 978</name>
  </wpt>
  <wpt lat="1.360527" lon="103.730548">
    <time>2024-01-01T00:16:50.440Z</time>
    <name>Point 979</name>
  </wpt>
  <wpt lat="1.360670" lon="103.730704">
    <time>2024-01-01T00:16:51.477Z</time>
    <name>Point 980</name>
  </wpt>
  <wpt lat="1.360814" lon="103.730861">
    <time>2024-01-01T00:16:52.515Z</time>
    <name>Point 981</name>
  </wpt>
  <wpt lat="1.360967" lon="103.731003">
    <time>2024-01-01T00:16:53.534Z</time>
    <name>Point 982</name>
  </wpt>
  <wpt lat="1.361120" lon="103.731145">
    <time>2024-01-01T00:16:54.554Z</time>
    <name>Point 983</name>
  </wpt>
  <wpt lat="1.361273" lon="103.731288">
    <time>2024-01-01T00:16:55.573Z</time>
    <name>Point 984</name>
  </wpt>
  <wpt lat="1.361426" lon="103.731430">
    <time>2024-01-01T00:16:56.593Z</time>
    <name>Point 985</name>
  </wpt>
  <wpt lat="1.361598" lon="103.731510">
    <time>2024-01-01T00:16:57.517Z</time>
    <name>Point 986</name>
  </wpt>
  <wpt lat="1.361769" lon="103.731591">
    <time>2024-01-01T00:16:58.442Z</time>
    <name>Point 987</name>
  </wpt>
  <wpt lat="1.361940" lon="103.731671">
    <time>2024-01-01T00:16:59.366Z</time>
    <name>Point 988</name>
  </wpt>
  <wpt lat="1.362112" lon="103.731751">
    <time>2024-01-01T00:17:00.291Z</time>
    <name>Point 989</name>
  </wpt>
  <wpt lat="1.362391" lon="103.731719">
    <time>2024-01-01T00:17:01.662Z</time>
    <name>Point 990</name>
  </wpt>
  <wpt lat="1.362423" lon="103.732148">
    <time>2024-01-01T00:17:03.761Z</time>
    <name>Point 991</name>
  </wpt>
  <wpt lat="1.362396" lon="103.732365">
    <time>2024-01-01T00:17:04.829Z</time>
    <name>Point 992</name>
  </wpt>
  <wpt lat="1.362370" lon="103.732583">
    <time>2024-01-01T00:17:05.897Z</time>
    <name>Point 993</name>
  </wpt>
  <wpt lat="1.362343" lon="103.732800">
    <time>2024-01-01T00:17:06.965Z</time>
    <name>Point 994</name>
  </wpt>
  <wpt lat="1.362316" lon="103.733017">
    <time>2024-01-01T00:17:08.034Z</time>
    <name>Point 995</name>
  </wpt>
  <wpt lat="1.362259" lon="103.733167">
    <time>2024-01-01T00:17:08.819Z</time>
    <name>Point 996</name>
  </wpt>
  <wpt lat="1.362201" lon="103.733318">
    <time>2024-01-01T00:17:09.604Z</time>
    <name>Point 997</name>
  </wpt>
  <wpt lat="1.362144" lon="103.733468">
    <time>2024-01-01T00:17:10.390Z</time>
    <name>Point 998</name>
  </wpt>
  <wpt lat="1.361962" lon="103.733758">
    <time>2024-01-01T00:17:12.061Z</time>
    <name>Point 999</name>
  </wpt>
  <wpt lat="1.361715" lon="103.734112">
    <time>2024-01-01T00:17:14.168Z</time>
    <name>Point 1000</name>
  </wpt>
  <wpt lat="1.361436" lon="103.734412">
    <time>2024-01-01T00:17:16.167Z</time>
    <name>Point 1001</name>
  </wpt>
  <wpt lat="1.361211" lon="103.734648">
    <time>2024-01-01T00:17:17.759Z</time>
    <name>Point 1002</name>
  </wpt>
  <wpt lat="1.361072" lon="103.734927">
    <time>2024-01-01T00:17:19.280Z</time>
    <name>Point 1003</name>
  </wpt>
  <wpt lat="1.361140" lon="103.735063">
    <time>2024-01-01T00:17:20.021Z</time>
    <name>Point 1004</name>
  </wpt>
  <wpt lat="1.361207" lon="103.735199">
    <time>2024-01-01T00:17:20.762Z</time>
    <name>Point 1005</name>
  </wpt>
  <wpt lat="1.361275" lon="103.735335">
    <time>2024-01-01T00:17:21.504Z</time>
    <name>Point 1006</name>
  </wpt>
  <wpt lat="1.361443" lon="103.735471">
    <time>2024-01-01T00:17:22.559Z</time>
    <name>Point 1007</name>
  </wpt>
  <wpt lat="1.361611" lon="103.735607">
    <time>2024-01-01T00:17:23.614Z</time>
    <name>Point 1008</name>
  </wpt>
  <wpt lat="1.361779" lon="103.735743">
    <time>2024-01-01T00:17:24.670Z</time>
    <name>Point 1009</name>
  </wpt>
  <wpt lat="1.361934" lon="103.735905">
    <time>2024-01-01T00:17:25.765Z</time>
    <name>Point 1010</name>
  </wpt>
  <wpt lat="1.362089" lon="103.736068">
    <time>2024-01-01T00:17:26.860Z</time>
    <name>Point 1011</name>
  </wpt>
  <wpt lat="1.362244" lon="103.736230">
    <time>2024-01-01T00:17:27.955Z</time>
    <name>Point 1012</name>
  </wpt>
  <wpt lat="1.362398" lon="103.736393">
    <time>2024-01-01T00:17:29.051Z</time>
    <name>Point 1013</name>
  </wpt>
  <wpt lat="1.362553" lon="103.736555">
    <time>2024-01-01T00:17:30.146Z</time>
    <name>Point 1014</name>
  </wpt>
  <wpt lat="1.362708" lon="103.736718">
    <time>2024-01-01T00:17:31.241Z</time>
    <name>Point 1015</name>
  </wpt>
  <wpt lat="1.362863" lon="103.736880">
    <time>2024-01-01T00:17:32.337Z</time>
    <name>Point 1016</name>
  </wpt>
  <wpt lat="1.363002" lon="103.737159">
    <time>2024-01-01T00:17:33.859Z</time>
    <name>Point 1017</name>
  </wpt>
  <wpt lat="1.362798" lon="103.737384">
    <time>2024-01-01T00:17:35.341Z</time>
    <name>Point 1018</name>
  </wpt>
  <wpt lat="1.362676" lon="103.737517">
    <time>2024-01-01T00:17:36.222Z</time>
    <name>Point 1019</name>
  </wpt>
  <wpt lat="1.362554" lon="103.737650">
    <time>2024-01-01T00:17:37.104Z</time>
    <name>Point 1020</name>
  </wpt>
  <wpt lat="1.362431" lon="103.737783">
    <time>2024-01-01T00:17:37.985Z</time>
    <name>Point 1021</name>
  </wpt>
  <wpt lat="1.362309" lon="103.737916">
    <time>2024-01-01T00:17:38.867Z</time>
    <name>Point 1022</name>
  </wpt>
  <wpt lat="1.362187" lon="103.738049">
    <time>2024-01-01T00:17:39.749Z</time>
    <name>Point 1023</name>
  </wpt>
  <wpt lat="1.362058" lon="103.738199">
    <time>2024-01-01T00:17:40.714Z</time>
    <name>Point 1024</name>
  </wpt>
  <wpt lat="1.361930" lon="103.738349">
    <time>2024-01-01T00:17:41.679Z</time>
    <name>Point 1025</name>
  </wpt>
  <wpt lat="1.361801" lon="103.738500">
    <time>2024-01-01T00:17:42.644Z</time>
    <name>Point 1026</name>
  </wpt>
  <wpt lat="1.361672" lon="103.738650">
    <time>2024-01-01T00:17:43.609Z</time>
    <name>Point 1027</name>
  </wpt>
  <wpt lat="1.361544" lon="103.738800">
    <time>2024-01-01T00:17:44.574Z</time>
    <name>Point 1028</name>
  </wpt>
  <wpt lat="1.361415" lon="103.738950">
    <time>2024-01-01T00:17:45.540Z</time>
    <name>Point 1029</name>
  </wpt>
  <wpt lat="1.361265" lon="103.739154">
    <time>2024-01-01T00:17:46.776Z</time>
    <name>Point 1030</name>
  </wpt>
  <wpt lat="1.361029" lon="103.739433">
    <time>2024-01-01T00:17:48.560Z</time>
    <name>Point 1031</name>
  </wpt>
  <wpt lat="1.360914" lon="103.739555">
    <time>2024-01-01T00:17:49.376Z</time>
    <name>Point 1032</name>
  </wpt>
  <wpt lat="1.360800" lon="103.739676">
    <time>2024-01-01T00:17:50.192Z</time>
    <name>Point 1033</name>
  </wpt>
  <wpt lat="1.360685" lon="103.739798">
    <time>2024-01-01T00:17:51.008Z</time>
    <name>Point 1034</name>
  </wpt>
  <wpt lat="1.360567" lon="103.740066">
    <time>2024-01-01T00:17:52.437Z</time>
    <name>Point 1035</name>
  </wpt>
  <wpt lat="1.360567" lon="103.740249">
    <time>2024-01-01T00:17:53.330Z</time>
    <name>Point 1036</name>
  </wpt>
  <wpt lat="1.360707" lon="103.740399">
    <time>2024-01-01T00:17:54.332Z</time>
    <name>Point 1037</name>
  </wpt>
  <wpt lat="1.361029" lon="103.740710">
    <time>2024-01-01T00:17:56.517Z</time>
    <name>Point 1038</name>
  </wpt>
  <wpt lat="1.361197" lon="103.740838">
    <time>2024-01-01T00:17:57.547Z</time>
    <name>Point 1039</name>
  </wpt>
  <wpt lat="1.361365" lon="103.740966">
    <time>2024-01-01T00:17:58.577Z</time>
    <name>Point 1040</name>
  </wpt>
  <wpt lat="1.361533" lon="103.741094">
    <time>2024-01-01T00:17:59.608Z</time>
    <name>Point 1041</name>
  </wpt>
  <wpt lat="1.361701" lon="103.741221">
    <time>2024-01-01T00:18:00.638Z</time>
    <name>Point 1042</name>
  </wpt>
  <wpt lat="1.361869" lon="103.741349">
    <time>2024-01-01T00:18:01.669Z</time>
    <name>Point 1043</name>
  </wpt>
  <wpt lat="1.362037" lon="103.741477">
    <time>2024-01-01T00:18:02.699Z</time>
    <name>Point 1044</name>
  </wpt>
  <wpt lat="1.362205" lon="103.741605">
    <time>2024-01-01T00:18:03.729Z</time>
    <name>Point 1045</name>
  </wpt>
  <wpt lat="1.362373" lon="103.741733">
    <time>2024-01-01T00:18:04.760Z</time>
    <name>Point 1046</name>
  </wpt>
  <wpt lat="1.362541" lon="103.741861">
    <time>2024-01-01T00:18:05.790Z</time>
    <name>Point 1047</name>
  </wpt>
  <wpt lat="1.362709" lon="103.741988">
    <time>2024-01-01T00:18:06.821Z</time>
    <name>Point 1048</name>
  </wpt>
  <wpt lat="1.362877" lon="103.742116">
    <time>2024-01-01T00:18:07.851Z</time>
    <name>Point 1049</name>
  </wpt>
  <wpt lat="1.363045" lon="103.742244">
    <time>2024-01-01T00:18:08.882Z</time>
    <name>Point 1050</name>
  </wpt>
  <wpt lat="1.363206" lon="103.742377">
    <time>2024-01-01T00:18:09.902Z</time>
    <name>Point 1051</name>
  </wpt>
  <wpt lat="1.363367" lon="103.742511">
    <time>2024-01-01T00:18:10.922Z</time>
    <name>Point 1052</name>
  </wpt>
  <wpt lat="1.363528" lon="103.742644">
    <time>2024-01-01T00:18:11.942Z</time>
    <name>Point 1053</name>
  </wpt>
  <wpt lat="1.363688" lon="103.742778">
    <time>2024-01-01T00:18:12.962Z</time>
    <name>Point 1054</name>
  </wpt>
  <wpt lat="1.363849" lon="103.742911">
    <time>2024-01-01T00:18:13.982Z</time>
    <name>Point 1055</name>
  </wpt>
  <wpt lat="1.364010" lon="103.743045">
    <time>2024-01-01T00:18:15.002Z</time>
    <name>Point 1056</name>
  </wpt>
  <wpt lat="1.364171" lon="103.743178">
    <time>2024-01-01T00:18:16.023Z</time>
    <name>Point 1057</name>
  </wpt>
  <wpt lat="1.364308" lon="103.743307">
    <time>2024-01-01T00:18:16.939Z</time>
    <name>Point 1058</name>
  </wpt>
  <wpt lat="1.364445" lon="103.743436">
    <time>2024-01-01T00:18:17.856Z</time>
    <name>Point 1059</name>
  </wpt>
  <wpt lat="1.364581" lon="103.743564">
    <time>2024-01-01T00:18:18.773Z</time>
    <name>Point 1060</name>
  </wpt>
  <wpt lat="1.364718" lon="103.743693">
    <time>2024-01-01T00:18:19.690Z</time>
    <name>Point 1061</name>
  </wpt>
  <wpt lat="1.364893" lon="103.743818">
    <time>2024-01-01T00:18:20.741Z</time>
    <name>Point 1062</name>
  </wpt>
  <wpt lat="1.365069" lon="103.743943">
    <time>2024-01-01T00:18:21.792Z</time>
    <name>Point 1063</name>
  </wpt>
  <wpt lat="1.365244" lon="103.744068">
    <time>2024-01-01T00:18:22.843Z</time>
    <name>Point 1064</name>
  </wpt>
  <wpt lat="1.365401" lon="103.744225">
    <time>2024-01-01T00:18:23.929Z</time>
    <name>Point 1065</name>
  </wpt>
  <wpt lat="1.365559" lon="103.744383">
    <time>2024-01-01T00:18:25.015Z</time>
    <name>Point 1066</name>
  </wpt>
  <wpt lat="1.365716" lon="103.744540">
    <time>2024-01-01T00:18:26.101Z</time>
    <name>Point 1067</name>
  </wpt>
  <wpt lat="1.365873" lon="103.744697">
    <time>2024-01-01T00:18:27.187Z</time>
    <name>Point 1068</name>
  </wpt>
  <wpt lat="1.366031" lon="103.744855">
    <time>2024-01-01T00:18:28.273Z</time>
    <name>Point 1069</name>
  </wpt>
  <wpt lat="1.366188" lon="103.745012">
    <time>2024-01-01T00:18:29.360Z</time>
    <name>Point 1070</name>
  </wpt>
  <wpt lat="1.366300" lon="103.745164">
    <time>2024-01-01T00:18:30.281Z</time>
    <name>Point 1071</name>
  </wpt>
  <wpt lat="1.366411" lon="103.745317">
    <time>2024-01-01T00:18:31.203Z</time>
    <name>Point 1072</name>
  </wpt>
  <wpt lat="1.366523" lon="103.745469">
    <time>2024-01-01T00:18:32.125Z</time>
    <name>Point 1073</name>
  </wpt>
  <wpt lat="1.366634" lon="103.745622">
    <time>2024-01-01T00:18:33.047Z</time>
    <name>Point 1074</name>
  </wpt>
  <wpt lat="1.366746" lon="103.745774">
    <time>2024-01-01T00:18:33.969Z</time>
    <name>Point 1075</name>
  </wpt>
  <wpt lat="1.366881" lon="103.745930">
    <time>2024-01-01T00:18:34.974Z</time>
    <name>Point 1076</name>
  </wpt>
  <wpt lat="1.367015" lon="103.746086">
    <time>2024-01-01T00:18:35.980Z</time>
    <name>Point 1077</name>
  </wpt>
  <wpt lat="1.367150" lon="103.746242">
    <time>2024-01-01T00:18:36.986Z</time>
    <name>Point 1078</name>
  </wpt>
  <wpt lat="1.367284" lon="103.746398">
    <time>2024-01-01T00:18:37.992Z</time>
    <name>Point 1079</name>
  </wpt>
  <wpt lat="1.367419" lon="103.746554">
    <time>2024-01-01T00:18:38.998Z</time>
    <name>Point 1080</name>
  </wpt>
  <wpt lat="1.367553" lon="103.746711">
    <time>2024-01-01T00:18:40.004Z</time>
    <name>Point 1081</name>
  </wpt>
  <wpt lat="1.367688" lon="103.746867">
    <time>2024-01-01T00:18:41.010Z</time>
    <name>Point 1082</name>
  </wpt>
  <wpt lat="1.367822" lon="103.747023">
    <time>2024-01-01T00:18:42.016Z</time>
    <name>Point 1083</name>
  </wpt>
  <wpt lat="1.367957" lon="103.747179">
    <time>2024-01-01T00:18:43.022Z</time>
    <name>Point 1084</name>
  </wpt>
  <wpt lat="1.368091" lon="103.747335">
    <time>2024-01-01T00:18:44.028Z</time>
    <name>Point 1085</name>
  </wpt>
  <wpt lat="1.368226" lon="103.747491">
    <time>2024-01-01T00:18:45.034Z</time>
    <name>Point 1086</name>
  </wpt>
  <wpt lat="1.368380" lon="103.747643">
    <time>2024-01-01T00:18:46.092Z</time>
    <name>Point 1087</name>
  </wpt>
  <wpt lat="1.368535" lon="103.747795">
    <time>2024-01-01T00:18:47.150Z</time>
    <name>Point 1088</name>
  </wpt>
  <wpt lat="1.368689" lon="103.747948">
    <time>2024-01-01T00:18:48.208Z</time>
    <name>Point 1089</name>
  </wpt>
  <wpt lat="1.368844" lon="103.748100">
    <time>2024-01-01T00:18:49.266Z</time>
    <name>Point 1090</name>
  </wpt>
  <wpt lat="1.368998" lon="103.748252">
    <time>2024-01-01T00:18:50.325Z</time>
    <name>Point 1091</name>
  </wpt>
  <wpt lat="1.369191" lon="103.748188">
    <time>2024-01-01T00:18:51.317Z</time>
    <name>Point 1092</name>
  </wpt>
  <wpt lat="1.369302" lon="103.748084">
    <time>2024-01-01T00:18:52.058Z</time>
    <name>Point 1093</name>
  </wpt>
  <wpt lat="1.369413" lon="103.747981">
    <time>2024-01-01T00:18:52.799Z</time>
    <name>Point 1094</name>
  </wpt>
  <wpt lat="1.369524" lon="103.747877">
    <time>2024-01-01T00:18:53.541Z</time>
    <name>Point 1095</name>
  </wpt>
  <wpt lat="1.369660" lon="103.747723">
    <time>2024-01-01T00:18:54.546Z</time>
    <name>Point 1096</name>
  </wpt>
  <wpt lat="1.369796" lon="103.747568">
    <time>2024-01-01T00:18:55.551Z</time>
    <name>Point 1097</name>
  </wpt>
  <wpt lat="1.369933" lon="103.747413">
    <time>2024-01-01T00:18:56.556Z</time>
    <name>Point 1098</name>
  </wpt>
  <wpt lat="1.370069" lon="103.747259">
    <time>2024-01-01T00:18:57.562Z</time>
    <name>Point 1099</name>
  </wpt>
  <wpt lat="1.370205" lon="103.747105">
    <time>2024-01-01T00:18:58.567Z</time>
    <name>Point 1100</name>
  </wpt>
  <wpt lat="1.370341" lon="103.746950">
    <time>2024-01-01T00:18:59.572Z</time>
    <name>Point 1101</name>
  </wpt>
  <wpt lat="1.370477" lon="103.746795">
    <time>2024-01-01T00:19:00.578Z</time>
    <name>Point 1102</name>
  </wpt>
  <wpt lat="1.370614" lon="103.746641">
    <time>2024-01-01T00:19:01.583Z</time>
    <name>Point 1103</name>
  </wpt>
  <wpt lat="1.370750" lon="103.746487">
    <time>2024-01-01T00:19:02.588Z</time>
    <name>Point 1104</name>
  </wpt>
  <wpt lat="1.370886" lon="103.746332">
    <time>2024-01-01T00:19:03.594Z</time>
    <name>Point 1105</name>
  </wpt>
  <wpt lat="1.371010" lon="103.746183">
    <time>2024-01-01T00:19:04.539Z</time>
    <name>Point 1106</name>
  </wpt>
  <wpt lat="1.371134" lon="103.746035">
    <time>2024-01-01T00:19:05.484Z</time>
    <name>Point 1107</name>
  </wpt>
  <wpt lat="1.371258" lon="103.745886">
    <time>2024-01-01T00:19:06.429Z</time>
    <name>Point 1108</name>
  </wpt>
  <wpt lat="1.371382" lon="103.745737">
    <time>2024-01-01T00:19:07.374Z</time>
    <name>Point 1109</name>
  </wpt>
  <wpt lat="1.371506" lon="103.745588">
    <time>2024-01-01T00:19:08.319Z</time>
    <name>Point 1110</name>
  </wpt>
  <wpt lat="1.371630" lon="103.745440">
    <time>2024-01-01T00:19:09.264Z</time>
    <name>Point 1111</name>
  </wpt>
  <wpt lat="1.371754" lon="103.745291">
    <time>2024-01-01T00:19:10.210Z</time>
    <name>Point 1112</name>
  </wpt>
  <wpt lat="1.371797" lon="103.745102">
    <time>2024-01-01T00:19:11.157Z</time>
    <name>Point 1113</name>
  </wpt>
  <wpt lat="1.371840" lon="103.744912">
    <time>2024-01-01T00:19:12.104Z</time>
    <name>Point 1114</name>
  </wpt>
  <wpt lat="1.371883" lon="103.744723">
    <time>2024-01-01T00:19:13.052Z</time>
    <name>Point 1115</name>
  </wpt>
  <wpt lat="1.371927" lon="103.744510">
    <time>2024-01-01T00:19:14.111Z</time>
    <name>Point 1116</name>
  </wpt>
  <wpt lat="1.371971" lon="103.744298">
    <time>2024-01-01T00:19:15.171Z</time>
    <name>Point 1117</name>
  </wpt>
  <wpt lat="1.372015" lon="103.744085">
    <time>2024-01-01T00:19:16.231Z</time>
    <name>Point 1118</name>
  </wpt>
  <wpt lat="1.372059" lon="103.743872">
    <time>2024-01-01T00:19:17.290Z</time>
    <name>Point 1119</name>
  </wpt>
  <wpt lat="1.372103" lon="103.743660">
    <time>2024-01-01T00:19:18.350Z</time>
    <name>Point 1120</name>
  </wpt>
  <wpt lat="1.372146" lon="103.743447">
    <time>2024-01-01T00:19:19.410Z</time>
    <name>Point 1121</name>
  </wpt>
  <wpt lat="1.372190" lon="103.743235">
    <time>2024-01-01T00:19:20.470Z</time>
    <name>Point 1122</name>
  </wpt>
  <wpt lat="1.372234" lon="103.743022">
    <time>2024-01-01T00:19:21.529Z</time>
    <name>Point 1123</name>
  </wpt>
  <wpt lat="1.372278" lon="103.742809">
    <time>2024-01-01T00:19:22.589Z</time>
    <name>Point 1124</name>
  </wpt>
  <wpt lat="1.372322" lon="103.742597">
    <time>2024-01-01T00:19:23.649Z</time>
    <name>Point 1125</name>
  </wpt>
  <wpt lat="1.372366" lon="103.742384">
    <time>2024-01-01T00:19:24.709Z</time>
    <name>Point 1126</name>
  </wpt>
  <wpt lat="1.372424" lon="103.742183">
    <time>2024-01-01T00:19:25.728Z</time>
    <name>Point 1127</name>
  </wpt>
  <wpt lat="1.372482" lon="103.741983">
    <time>2024-01-01T00:19:26.747Z</time>
    <name>Point 1128</name>
  </wpt>
  <wpt lat="1.372540" lon="103.741782">
    <time>2024-01-01T00:19:27.767Z</time>
    <name>Point 1129</name>
  </wpt>
  <wpt lat="1.372598" lon="103.741581">
    <time>2024-01-01T00:19:28.786Z</time>
    <name>Point 1130</name>
  </wpt>
  <wpt lat="1.372656" lon="103.741380">
    <time>2024-01-01T00:19:29.806Z</time>
    <name>Point 1131</name>
  </wpt>
  <wpt lat="1.372713" lon="103.741180">
    <time>2024-01-01T00:19:30.825Z</time>
    <name>Point 1132</name>
  </wpt>
  <wpt lat="1.372771" lon="103.740979">
    <time>2024-01-01T00:19:31.844Z</time>
    <name>Point 1133</name>
  </wpt>
  <wpt lat="1.372829" lon="103.740778">
    <time>2024-01-01T00:19:32.864Z</time>
    <name>Point 1134</name>
  </wpt>
  <wpt lat="1.372887" lon="103.740578">
    <time>2024-01-01T00:19:33.883Z</time>
    <name>Point 1135</name>
  </wpt>
  <wpt lat="1.372945" lon="103.740377">
    <time>2024-01-01T00:19:34.903Z</time>
    <name>Point 1136</name>
  </wpt>
  <wpt lat="1.372993" lon="103.740187">
    <time>2024-01-01T00:19:35.861Z</time>
    <name>Point 1137</name>
  </wpt>
  <wpt lat="1.373042" lon="103.739996">
    <time>2024-01-01T00:19:36.819Z</time>
    <name>Point 1138</name>
  </wpt>
  <wpt lat="1.373090" lon="103.739806">
    <time>2024-01-01T00:19:37.777Z</time>
    <name>Point 1139</name>
  </wpt>
  <wpt lat="1.373138" lon="103.739616">
    <time>2024-01-01T00:19:38.735Z</time>
    <name>Point 1140</name>
  </wpt>
  <wpt lat="1.373235" lon="103.739448">
    <time>2024-01-01T00:19:39.682Z</time>
    <name>Point 1141</name>
  </wpt>
  <wpt lat="1.373331" lon="103.739279">
    <time>2024-01-01T00:19:40.629Z</time>
    <name>Point 1142</name>
  </wpt>
  <wpt lat="1.373428" lon="103.739111">
    <time>2024-01-01T00:19:41.577Z</time>
    <name>Point 1143</name>
  </wpt>
  <wpt lat="1.373506" lon="103.738937">
    <time>2024-01-01T00:19:42.508Z</time>
    <name>Point 1144</name>
  </wpt>
  <wpt lat="1.373584" lon="103.738763">
    <time>2024-01-01T00:19:43.439Z</time>
    <name>Point 1145</name>
  </wpt>
  <wpt lat="1.373661" lon="103.738588">
    <time>2024-01-01T00:19:44.370Z</time>
    <name>Point 1146</name>
  </wpt>
  <wpt lat="1.373739" lon="103.738414">
    <time>2024-01-01T00:19:45.302Z</time>
    <name>Point 1147</name>
  </wpt>
  <wpt lat="1.373850" lon="103.738221">
    <time>2024-01-01T00:19:46.387Z</time>
    <name>Point 1148</name>
  </wpt>
  <wpt lat="1.373960" lon="103.738028">
    <time>2024-01-01T00:19:47.473Z</time>
    <name>Point 1149</name>
  </wpt>
  <wpt lat="1.374071" lon="103.737835">
    <time>2024-01-01T00:19:48.559Z</time>
    <name>Point 1150</name>
  </wpt>
  <wpt lat="1.374196" lon="103.737664">
    <time>2024-01-01T00:19:49.591Z</time>
    <name>Point 1151</name>
  </wpt>
  <wpt lat="1.374321" lon="103.737494">
    <time>2024-01-01T00:19:50.623Z</time>
    <name>Point 1152</name>
  </wpt>
  <wpt lat="1.374446" lon="103.737323">
    <time>2024-01-01T00:19:51.656Z</time>
    <name>Point 1153</name>
  </wpt>
  <wpt lat="1.374571" lon="103.737153">
    <time>2024-01-01T00:19:52.688Z</time>
    <name>Point 1154</name>
  </wpt>
  <wpt lat="1.374697" lon="103.736982">
    <time>2024-01-01T00:19:53.721Z</time>
    <name>Point 1155</name>
  </wpt>
  <wpt lat="1.374822" lon="103.736812">
    <time>2024-01-01T00:19:54.753Z</time>
    <name>Point 1156</name>
  </wpt>
  <wpt lat="1.374947" lon="103.736641">
    <time>2024-01-01T00:19:55.786Z</time>
    <name>Point 1157</name>
  </wpt>
  <wpt lat="1.375072" lon="103.736471">
    <time>2024-01-01T00:19:56.818Z</time>
    <name>Point 1158</name>
  </wpt>
  <wpt lat="1.375197" lon="103.736300">
    <time>2024-01-01T00:19:57.851Z</time>
    <name>Point 1159</name>
  </wpt>
  <wpt lat="1.375307" lon="103.736171">
    <time>2024-01-01T00:19:58.677Z</time>
    <name>Point 1160</name>
  </wpt>
  <wpt lat="1.375417" lon="103.736042">
    <time>2024-01-01T00:19:59.504Z</time>
    <name>Point 1161</name>
  </wpt>
  <wpt lat="1.375527" lon="103.735914">
    <time>2024-01-01T00:20:00.330Z</time>
    <name>Point 1162</name>
  </wpt>
  <wpt lat="1.375637" lon="103.735785">
    <time>2024-01-01T00:20:01.157Z</time>
    <name>Point 1163</name>
  </wpt>
  <wpt lat="1.375744" lon="103.735656">
    <time>2024-01-01T00:20:01.975Z</time>
    <name>Point 1164</name>
  </wpt>
  <wpt lat="1.375852" lon="103.735528">
    <time>2024-01-01T00:20:02.793Z</time>
    <name>Point 1165</name>
  </wpt>
  <wpt lat="1.375959" lon="103.735399">
    <time>2024-01-01T00:20:03.611Z</time>
    <name>Point 1166</name>
  </wpt>
  <wpt lat="1.376334" lon="103.735517">
    <time>2024-01-01T00:20:05.530Z</time>
    <name>Point 1167</name>
  </wpt>
  <wpt lat="1.376506" lon="103.735850">
    <time>2024-01-01T00:20:07.359Z</time>
    <name>Point 1168</name>
  </wpt>
  <wpt lat="1.376613" lon="103.736025">
    <time>2024-01-01T00:20:08.362Z</time>
    <name>Point 1169</name>
  </wpt>
  <wpt lat="1.376721" lon="103.736201">
    <time>2024-01-01T00:20:09.365Z</time>
    <name>Point 1170</name>
  </wpt>
  <wpt lat="1.376828" lon="103.736376">
    <time>2024-01-01T00:20:10.369Z</time>
    <name>Point 1171</name>
  </wpt>
  <wpt lat="1.376932" lon="103.736512">
    <time>2024-01-01T00:20:11.202Z</time>
    <name>Point 1172</name>
  </wpt>
  <wpt lat="1.377035" lon="103.736647">
    <time>2024-01-01T00:20:12.035Z</time>
    <name>Point 1173</name>
  </wpt>
  <wpt lat="1.377139" lon="103.736783">
    <time>2024-01-01T00:20:12.869Z</time>
    <name>Point 1174</name>
  </wpt>
  <wpt lat="1.377310" lon="103.736901">
    <time>2024-01-01T00:20:13.883Z</time>
    <name>Point 1175</name>
  </wpt>
  <wpt lat="1.377557" lon="103.736891">
    <time>2024-01-01T00:20:15.090Z</time>
    <name>Point 1176</name>
  </wpt>
  <wpt lat="1.377868" lon="103.736665">
    <time>2024-01-01T00:20:16.967Z</time>
    <name>Point 1177</name>
  </wpt>
  <wpt lat="1.378047" lon="103.736590">
    <time>2024-01-01T00:20:17.912Z</time>
    <name>Point 1178</name>
  </wpt>
  <wpt lat="1.378225" lon="103.736515">
    <time>2024-01-01T00:20:18.858Z</time>
    <name>Point 1179</name>
  </wpt>
  <wpt lat="1.378404" lon="103.736440">
    <time>2024-01-01T00:20:19.804Z</time>
    <name>Point 1180</name>
  </wpt>
  <wpt lat="1.378791" lon="103.736526">
    <time>2024-01-01T00:20:21.740Z</time>
    <name>Point 1181</name>
  </wpt>
  <wpt lat="1.379102" lon="103.736697">
    <time>2024-01-01T00:20:23.472Z</time>
    <name>Point 1182</name>
  </wpt>
  <wpt lat="1.379256" lon="103.736856">
    <time>2024-01-01T00:20:24.551Z</time>
    <name>Point 1183</name>
  </wpt>
  <wpt lat="1.379409" lon="103.737015">
    <time>2024-01-01T00:20:25.631Z</time>
    <name>Point 1184</name>
  </wpt>
  <wpt lat="1.379563" lon="103.737175">
    <time>2024-01-01T00:20:26.711Z</time>
    <name>Point 1185</name>
  </wpt>
  <wpt lat="1.379717" lon="103.737334">
    <time>2024-01-01T00:20:27.791Z</time>
    <name>Point 1186</name>
  </wpt>
  <wpt lat="1.379870" lon="103.737493">
    <time>2024-01-01T00:20:28.871Z</time>
    <name>Point 1187</name>
  </wpt>
  <wpt lat="1.380024" lon="103.737652">
    <time>2024-01-01T00:20:29.951Z</time>
    <name>Point 1188</name>
  </wpt>
  <wpt lat="1.380178" lon="103.737811">
    <time>2024-01-01T00:20:31.031Z</time>
    <name>Point 1189</name>
  </wpt>
  <wpt lat="1.380331" lon="103.737970">
    <time>2024-01-01T00:20:32.111Z</time>
    <name>Point 1190</name>
  </wpt>
  <wpt lat="1.380485" lon="103.738129">
    <time>2024-01-01T00:20:33.191Z</time>
    <name>Point 1191</name>
  </wpt>
  <wpt lat="1.380639" lon="103.738289">
    <time>2024-01-01T00:20:34.271Z</time>
    <name>Point 1192</name>
  </wpt>
  <wpt lat="1.380792" lon="103.738448">
    <time>2024-01-01T00:20:35.351Z</time>
    <name>Point 1193</name>
  </wpt>
  <wpt lat="1.380946" lon="103.738607">
    <time>2024-01-01T00:20:36.431Z</time>
    <name>Point 1194</name>
  </wpt>
  <wpt lat="1.381093" lon="103.738761">
    <time>2024-01-01T00:20:37.472Z</time>
    <name>Point 1195</name>
  </wpt>
  <wpt lat="1.381241" lon="103.738916">
    <time>2024-01-01T00:20:38.514Z</time>
    <name>Point 1196</name>
  </wpt>
  <wpt lat="1.381388" lon="103.739070">
    <time>2024-01-01T00:20:39.555Z</time>
    <name>Point 1197</name>
  </wpt>
  <wpt lat="1.381536" lon="103.739224">
    <time>2024-01-01T00:20:40.597Z</time>
    <name>Point 1198</name>
  </wpt>
  <wpt lat="1.381684" lon="103.739378">
    <time>2024-01-01T00:20:41.639Z</time>
    <name>Point 1199</name>
  </wpt>
  <wpt lat="1.381831" lon="103.739532">
    <time>2024-01-01T00:20:42.680Z</time>
    <name>Point 1200</name>
  </wpt>
  <wpt lat="1.381978" lon="103.739687">
    <time>2024-01-01T00:20:43.722Z</time>
    <name>Point 1201</name>
  </wpt>
  <wpt lat="1.382126" lon="103.739841">
    <time>2024-01-01T00:20:44.764Z</time>
    <name>Point 1202</name>
  </wpt>
  <wpt lat="1.382281" lon="103.739998">
    <time>2024-01-01T00:20:45.842Z</time>
    <name>Point 1203</name>
  </wpt>
  <wpt lat="1.382436" lon="103.740156">
    <time>2024-01-01T00:20:46.920Z</time>
    <name>Point 1204</name>
  </wpt>
  <wpt lat="1.382591" lon="103.740313">
    <time>2024-01-01T00:20:47.998Z</time>
    <name>Point 1205</name>
  </wpt>
  <wpt lat="1.382746" lon="103.740470">
    <time>2024-01-01T00:20:49.076Z</time>
    <name>Point 1206</name>
  </wpt>
  <wpt lat="1.382901" lon="103.740628">
    <time>2024-01-01T00:20:50.154Z</time>
    <name>Point 1207</name>
  </wpt>
  <wpt lat="1.383056" lon="103.740785">
    <time>2024-01-01T00:20:51.232Z</time>
    <name>Point 1208</name>
  </wpt>
  <wpt lat="1.383211" lon="103.740942">
    <time>2024-01-01T00:20:52.310Z</time>
    <name>Point 1209</name>
  </wpt>
  <wpt lat="1.383366" lon="103.741100">
    <time>2024-01-01T00:20:53.388Z</time>
    <name>Point 1210</name>
  </wpt>
  <wpt lat="1.383521" lon="103.741257">
    <time>2024-01-01T00:20:54.466Z</time>
    <name>Point 1211</name>
  </wpt>
  <wpt lat="1.383681" lon="103.741461">
    <time>2024-01-01T00:20:55.732Z</time>
    <name>Point 1212</name>
  </wpt>
  <wpt lat="1.383789" lon="103.741869">
    <time>2024-01-01T00:20:57.792Z</time>
    <name>Point 1213</name>
  </wpt>
  <wpt lat="1.383842" lon="103.742191">
    <time>2024-01-01T00:20:59.384Z</time>
    <name>Point 1214</name>
  </wpt>
  <wpt lat="1.383885" lon="103.742437">
    <time>2024-01-01T00:21:00.603Z</time>
    <name>Point 1215</name>
  </wpt>
  <wpt lat="1.384175" lon="103.742427">
    <time>2024-01-01T00:21:02.020Z</time>
    <name>Point 1216</name>
  </wpt>
  <wpt lat="1.384387" lon="103.742363">
    <time>2024-01-01T00:21:03.103Z</time>
    <name>Point 1217</name>
  </wpt>
  <wpt lat="1.384600" lon="103.742298">
    <time>2024-01-01T00:21:04.186Z</time>
    <name>Point 1218</name>
  </wpt>
  <wpt lat="1.384812" lon="103.742234">
    <time>2024-01-01T00:21:05.270Z</time>
    <name>Point 1219</name>
  </wpt>
  <wpt lat="1.385025" lon="103.742169">
    <time>2024-01-01T00:21:06.353Z</time>
    <name>Point 1220</name>
  </wpt>
  <wpt lat="1.385237" lon="103.742105">
    <time>2024-01-01T00:21:07.437Z</time>
    <name>Point 1221</name>
  </wpt>
  <wpt lat="1.385394" lon="103.742026">
    <time>2024-01-01T00:21:08.295Z</time>
    <name>Point 1222</name>
  </wpt>
  <wpt lat="1.385552" lon="103.741948">
    <time>2024-01-01T00:21:09.154Z</time>
    <name>Point 1223</name>
  </wpt>
  <wpt lat="1.385709" lon="103.741869">
    <time>2024-01-01T00:21:10.013Z</time>
    <name>Point 1224</name>
  </wpt>
  <wpt lat="1.385859" lon="103.741788">
    <time>2024-01-01T00:21:10.844Z</time>
    <name>Point 1225</name>
  </wpt>
  <wpt lat="1.386009" lon="103.741708">
    <time>2024-01-01T00:21:11.675Z</time>
    <name>Point 1226</name>
  </wpt>
  <wpt lat="1.386159" lon="103.741627">
    <time>2024-01-01T00:21:12.506Z</time>
    <name>Point 1227</name>
  </wpt>
  <wpt lat="1.386309" lon="103.741547">
    <time>2024-01-01T00:21:13.337Z</time>
    <name>Point 1228</name>
  </wpt>
  <wpt lat="1.386497" lon="103.741465">
    <time>2024-01-01T00:21:14.336Z</time>
    <name>Point 1229</name>
  </wpt>
  <wpt lat="1.386684" lon="103.741384">
    <time>2024-01-01T00:21:15.335Z</time>
    <name>Point 1230</name>
  </wpt>
  <wpt lat="1.386872" lon="103.741302">
    <time>2024-01-01T00:21:16.334Z</time>
    <name>Point 1231</name>
  </wpt>
  <wpt lat="1.387060" lon="103.741221">
    <time>2024-01-01T00:21:17.333Z</time>
    <name>Point 1232</name>
  </wpt>
  <wpt lat="1.387247" lon="103.741139">
    <time>2024-01-01T00:21:18.332Z</time>
    <name>Point 1233</name>
  </wpt>
  <wpt lat="1.387435" lon="103.741057">
    <time>2024-01-01T00:21:19.331Z</time>
    <name>Point 1234</name>
  </wpt>
  <wpt lat="1.387623" lon="103.740976">
    <time>2024-01-01T00:21:20.330Z</time>
    <name>Point 1235</name>
  </wpt>
  <wpt lat="1.387811" lon="103.740894">
    <time>2024-01-01T00:21:21.329Z</time>
    <name>Point 1236</name>
  </wpt>
  <wpt lat="1.387998" lon="103.740813">
    <time>2024-01-01T00:21:22.328Z</time>
    <name>Point 1237</name>
  </wpt>
  <wpt lat="1.388186" lon="103.740731">
    <time>2024-01-01T00:21:23.328Z</time>
    <name>Point 1238</name>
  </wpt>
  <wpt lat="1.388371" lon="103.740656">
    <time>2024-01-01T00:21:24.300Z</time>
    <name>Point 1239</name>
  </wpt>
  <wpt lat="1.388555" lon="103.740581">
    <time>2024-01-01T00:21:25.273Z</time>
    <name>Point 1240</name>
  </wpt>
  <wpt lat="1.388740" lon="103.740506">
    <time>2024-01-01T00:21:26.245Z</time>
    <name>Point 1241</name>
  </wpt>
  <wpt lat="1.388924" lon="103.740431">
    <time>2024-01-01T00:21:27.218Z</time>
    <name>Point 1242</name>
  </wpt>
  <wpt lat="1.389109" lon="103.740356">
    <time>2024-01-01T00:21:28.191Z</time>
    <name>Point 1243</name>
  </wpt>
  <wpt lat="1.389430" lon="103.740259">
    <time>2024-01-01T00:21:29.828Z</time>
    <name>Point 1244</name>
  </wpt>
  <wpt lat="1.389612" lon="103.740191">
    <time>2024-01-01T00:21:30.777Z</time>
    <name>Point 1245</name>
  </wpt>
  <wpt lat="1.389795" lon="103.740124">
    <time>2024-01-01T00:21:31.726Z</time>
    <name>Point 1246</name>
  </wpt>
  <wpt lat="1.389977" lon="103.740056">
    <time>2024-01-01T00:21:32.676Z</time>
    <name>Point 1247</name>
  </wpt>
  <wpt lat="1.390149" lon="103.740045">
    <time>2024-01-01T00:21:33.516Z</time>
    <name>Point 1248</name>
  </wpt>
  <wpt lat="1.390321" lon="103.740035">
    <time>2024-01-01T00:21:34.356Z</time>
    <name>Point 1249</name>
  </wpt>
  <wpt lat="1.390492" lon="103.740024">
    <time>2024-01-01T00:21:35.196Z</time>
    <name>Point 1250</name>
  </wpt>
  <wpt lat="1.390664" lon="103.740013">
    <time>2024-01-01T00:21:36.037Z</time>
    <name>Point 1251</name>
  </wpt>
  <wpt lat="1.390986" lon="103.740120">
    <time>2024-01-01T00:21:37.693Z</time>
    <name>Point 1252</name>
  </wpt>
  <wpt lat="1.391158" lon="103.740139">
    <time>2024-01-01T00:21:38.535Z</time>
    <name>Point 1253</name>
  </wpt>
  <wpt lat="1.391329" lon="103.740158">
    <time>2024-01-01T00:21:39.377Z</time>
    <name>Point 1254</name>
  </wpt>
  <wpt lat="1.391501" lon="103.740176">
    <time>2024-01-01T00:21:40.219Z</time>
    <name>Point 1255</name>
  </wpt>
  <wpt lat="1.391672" lon="103.740195">
    <time>2024-01-01T00:21:41.062Z</time>
    <name>Point 1256</name>
  </wpt>
  <wpt lat="1.391819" lon="103.740281">
    <time>2024-01-01T00:21:41.892Z</time>
    <name>Point 1257</name>
  </wpt>
  <wpt lat="1.391965" lon="103.740367">
    <time>2024-01-01T00:21:42.722Z</time>
    <name>Point 1258</name>
  </wpt>
  <wpt lat="1.392112" lon="103.740453">
    <time>2024-01-01T00:21:43.552Z</time>
    <name>Point 1259</name>
  </wpt>
  <wpt lat="1.392288" lon="103.740548">
    <time>2024-01-01T00:21:44.528Z</time>
    <name>Point 1260</name>
  </wpt>
  <wpt lat="1.392464" lon="103.740643">
    <time>2024-01-01T00:21:45.505Z</time>
    <name>Point 1261</name>
  </wpt>
  <wpt lat="1.392640" lon="103.740738">
    <time>2024-01-01T00:21:46.482Z</time>
    <name>Point 1262</name>
  </wpt>
  <wpt lat="1.392817" lon="103.740833">
    <time>2024-01-01T00:21:47.459Z</time>
    <name>Point 1263</name>
  </wpt>
  <wpt lat="1.392993" lon="103.740928">
    <time>2024-01-01T00:21:48.436Z</time>
    <name>Point 1264</name>
  </wpt>
  <wpt lat="1.393169" lon="103.741023">
    <time>2024-01-01T00:21:49.413Z</time>
    <name>Point 1265</name>
  </wpt>
  <wpt lat="1.393345" lon="103.741118">
    <time>2024-01-01T00:21:50.390Z</time>
    <name>Point 1266</name>
  </wpt>
  <wpt lat="1.393531" lon="103.741241">
    <time>2024-01-01T00:21:51.479Z</time>
    <name>Point 1267</name>
  </wpt>
  <wpt lat="1.393717" lon="103.741365">
    <time>2024-01-01T00:21:52.568Z</time>
    <name>Point 1268</name>
  </wpt>
  <wpt lat="1.393903" lon="103.741488">
    <time>2024-01-01T00:21:53.658Z</time>
    <name>Point 1269</name>
  </wpt>
  <wpt lat="1.394089" lon="103.741611">
    <time>2024-01-01T00:21:54.747Z</time>
    <name>Point 1270</name>
  </wpt>
  <wpt lat="1.394275" lon="103.741735">
    <time>2024-01-01T00:21:55.836Z</time>
    <name>Point 1271</name>
  </wpt>
  <wpt lat="1.394461" lon="103.741858">
    <time>2024-01-01T00:21:56.926Z</time>
    <name>Point 1272</name>
  </wpt>
  <wpt lat="1.394645" lon="103.741952">
    <time>2024-01-01T00:21:57.937Z</time>
    <name>Point 1273</name>
  </wpt>
  <wpt lat="1.394830" lon="103.742047">
    <time>2024-01-01T00:21:58.948Z</time>
    <name>Point 1274</name>
  </wpt>
  <wpt lat="1.395014" lon="103.742141">
    <time>2024-01-01T00:21:59.959Z</time>
    <name>Point 1275</name>
  </wpt>
  <wpt lat="1.395199" lon="103.742236">
    <time>2024-01-01T00:22:00.970Z</time>
    <name>Point 1276</name>
  </wpt>
  <wpt lat="1.395383" lon="103.742330">
    <time>2024-01-01T00:22:01.982Z</time>
    <name>Point 1277</name>
  </wpt>
  <wpt lat="1.395568" lon="103.742390">
    <time>2024-01-01T00:22:02.929Z</time>
    <name>Point 1278</name>
  </wpt>
  <wpt lat="1.395752" lon="103.742450">
    <time>2024-01-01T00:22:03.877Z</time>
    <name>Point 1279</name>
  </wpt>
  <wpt lat="1.395937" lon="103.742510">
    <time>2024-01-01T00:22:04.824Z</time>
    <name>Point 1280</name>
  </wpt>
  <wpt lat="1.396121" lon="103.742570">
    <time>2024-01-01T00:22:05.772Z</time>
    <name>Point 1281</name>
  </wpt>
  <wpt lat="1.396306" lon="103.742630">
    <time>2024-01-01T00:22:06.720Z</time>
    <name>Point 1282</name>
  </wpt>
  <wpt lat="1.396525" lon="103.742665">
    <time>2024-01-01T00:22:07.800Z</time>
    <name>Point 1283</name>
  </wpt>
  <wpt lat="1.396743" lon="103.742699">
    <time>2024-01-01T00:22:08.881Z</time>
    <name>Point 1284</name>
  </wpt>
  <wpt lat="1.396962" lon="103.742734">
    <time>2024-01-01T00:22:09.961Z</time>
    <name>Point 1285</name>
  </wpt>
  <wpt lat="1.397180" lon="103.742769">
    <time>2024-01-01T00:22:11.042Z</time>
    <name>Point 1286</name>
  </wpt>
  <wpt lat="1.397399" lon="103.742803">
    <time>2024-01-01T00:22:12.122Z</time>
    <name>Point 1287</name>
  </wpt>
  <wpt lat="1.397618" lon="103.742838">
    <time>2024-01-01T00:22:13.203Z</time>
    <name>Point 1288</name>
  </wpt>
  <wpt lat="1.397836" lon="103.742873">
    <time>2024-01-01T00:22:14.283Z</time>
    <name>Point 1289</name>
  </wpt>
  <wpt lat="1.398055" lon="103.742908">
    <time>2024-01-01T00:22:15.364Z</time>
    <name>Point 1290</name>
  </wpt>
  <wpt lat="1.398274" lon="103.742942">
    <time>2024-01-01T00:22:16.444Z</time>
    <name>Point 1291</name>
  </wpt>
  <wpt lat="1.398492" lon="103.742977">
    <time>2024-01-01T00:22:17.525Z</time>
    <name>Point 1292</name>
  </wpt>
  <wpt lat="1.398711" lon="103.743012">
    <time>2024-01-01T00:22:18.605Z</time>
    <name>Point 1293</name>
  </wpt>
  <wpt lat="1.398929" lon="103.743046">
    <time>2024-01-01T00:22:19.686Z</time>
    <name>Point 1294</name>
  </wpt>
  <wpt lat="1.399148" lon="103.743081">
    <time>2024-01-01T00:22:20.767Z</time>
    <name>Point 1295</name>
  </wpt>
  <wpt lat="1.399364" lon="103.743111">
    <time>2024-01-01T00:22:21.832Z</time>
    <name>Point 1296</name>
  </wpt>
  <wpt lat="1.399581" lon="103.743140">
    <time>2024-01-01T00:22:22.898Z</time>
    <name>Point 1297</name>
  </wpt>
  <wpt lat="1.399797" lon="103.743170">
    <time>2024-01-01T00:22:23.964Z</time>
    <name>Point 1298</name>
  </wpt>
  <wpt lat="1.400013" lon="103.743199">
    <time>2024-01-01T00:22:25.030Z</time>
    <name>Point 1299</name>
  </wpt>
  <wpt lat="1.400230" lon="103.743229">
    <time>2024-01-01T00:22:26.096Z</time>
    <name>Point 1300</name>
  </wpt>
  <wpt lat="1.400446" lon="103.743258">
    <time>2024-01-01T00:22:27.162Z</time>
    <name>Point 1301</name>
  </wpt>
  <wpt lat="1.400662" lon="103.743288">
    <time>2024-01-01T00:22:28.228Z</time>
    <name>Point 1302</name>
  </wpt>
  <wpt lat="1.400879" lon="103.743317">
    <time>2024-01-01T00:22:29.294Z</time>
    <name>Point 1303</name>
  </wpt>
  <wpt lat="1.401095" lon="103.743347">
    <time>2024-01-01T00:22:30.360Z</time>
    <name>Point 1304</name>
  </wpt>
  <wpt lat="1.401311" lon="103.743376">
    <time>2024-01-01T00:22:31.426Z</time>
    <name>Point 1305</name>
  </wpt>
  <wpt lat="1.401528" lon="103.743406">
    <time>2024-01-01T00:22:32.492Z</time>
    <name>Point 1306</name>
  </wpt>
  <wpt lat="1.401744" lon="103.743435">
    <time>2024-01-01T00:22:33.558Z</time>
    <name>Point 1307</name>
  </wpt>
  <wpt lat="1.401924" lon="103.743502">
    <time>2024-01-01T00:22:34.494Z</time>
    <name>Point 1308</name>
  </wpt>
  <wpt lat="1.402104" lon="103.743568">
    <time>2024-01-01T00:22:35.431Z</time>
    <name>Point 1309</name>
  </wpt>
  <wpt lat="1.402284" lon="103.743635">
    <time>2024-01-01T00:22:36.368Z</time>
    <name>Point 1310</name>
  </wpt>
  <wpt lat="1.402464" lon="103.743701">
    <time>2024-01-01T00:22:37.305Z</time>
    <name>Point 1311</name>
  </wpt>
  <wpt lat="1.402644" lon="103.743768">
    <time>2024-01-01T00:22:38.242Z</time>
    <name>Point 1312</name>
  </wpt>
  <wpt lat="1.402837" lon="103.743877">
    <time>2024-01-01T00:22:39.324Z</time>
    <name>Point 1313</name>
  </wpt>
  <wpt lat="1.403030" lon="103.743986">
    <time>2024-01-01T00:22:40.407Z</time>
    <name>Point 1314</name>
  </wpt>
  <wpt lat="1.403223" lon="103.744095">
    <time>2024-01-01T00:22:41.490Z</time>
    <name>Point 1315</name>
  </wpt>
  <wpt lat="1.403417" lon="103.744204">
    <time>2024-01-01T00:22:42.572Z</time>
    <name>Point 1316</name>
  </wpt>
  <wpt lat="1.403610" lon="103.744313">
    <time>2024-01-01T00:22:43.655Z</time>
    <name>Point 1317</name>
  </wpt>
  <wpt lat="1.403803" lon="103.744422">
    <time>2024-01-01T00:22:44.738Z</time>
    <name>Point 1318</name>
  </wpt>
  <wpt lat="1.403950" lon="103.744551">
    <time>2024-01-01T00:22:45.693Z</time>
    <name>Point 1319</name>
  </wpt>
  <wpt lat="1.404098" lon="103.744679">
    <time>2024-01-01T00:22:46.649Z</time>
    <name>Point 1320</name>
  </wpt>
  <wpt lat="1.404246" lon="103.744808">
    <time>2024-01-01T00:22:47.605Z</time>
    <name>Point 1321</name>
  </wpt>
  <wpt lat="1.404393" lon="103.744937">
    <time>2024-01-01T00:22:48.561Z</time>
    <name>Point 1322</name>
  </wpt>
  <wpt lat="1.404530" lon="103.745055">
    <time>2024-01-01T00:22:49.442Z</time>
    <name>Point 1323</name>
  </wpt>
  <wpt lat="1.404667" lon="103.745173">
    <time>2024-01-01T00:22:50.324Z</time>
    <name>Point 1324</name>
  </wpt>
  <wpt lat="1.404803" lon="103.745291">
    <time>2024-01-01T00:22:51.205Z</time>
    <name>Point 1325</name>
  </wpt>
  <wpt lat="1.404940" lon="103.745409">
    <time>2024-01-01T00:22:52.087Z</time>
    <name>Point 1326</name>
  </wpt>
  <wpt lat="1.405101" lon="103.745554">
    <time>2024-01-01T00:22:53.143Z</time>
    <name>Point 1327</name>
  </wpt>
  <wpt lat="1.405261" lon="103.745699">
    <time>2024-01-01T00:22:54.200Z</time>
    <name>Point 1328</name>
  </wpt>
  <wpt lat="1.405422" lon="103.745844">
    <time>2024-01-01T00:22:55.257Z</time>
    <name>Point 1329</name>
  </wpt>
  <wpt lat="1.405583" lon="103.745989">
    <time>2024-01-01T00:22:56.314Z</time>
    <name>Point 1330</name>
  </wpt>
  <wpt lat="1.405736" lon="103.746085">
    <time>2024-01-01T00:22:57.197Z</time>
    <name>Point 1331</name>
  </wpt>
  <wpt lat="1.405889" lon="103.746182">
    <time>2024-01-01T00:22:58.080Z</time>
    <name>Point 1332</name>
  </wpt>
  <wpt lat="1.406042" lon="103.746279">
    <time>2024-01-01T00:22:58.963Z</time>
    <name>Point 1333</name>
  </wpt>
  <wpt lat="1.406195" lon="103.746375">
    <time>2024-01-01T00:22:59.846Z</time>
    <name>Point 1334</name>
  </wpt>
  <wpt lat="1.406388" lon="103.746432">
    <time>2024-01-01T00:23:00.829Z</time>
    <name>Point 1335</name>
  </wpt>
  <wpt lat="1.406581" lon="103.746490">
    <time>2024-01-01T00:23:01.812Z</time>
    <name>Point 1336</name>
  </wpt>
  <wpt lat="1.406774" lon="103.746547">
    <time>2024-01-01T00:23:02.795Z</time>
    <name>Point 1337</name>
  </wpt>
  <wpt lat="1.406931" lon="103.746543">
    <time>2024-01-01T00:23:03.563Z</time>
    <name>Point 1338</name>
  </wpt>
  <wpt lat="1.407089" lon="103.746540">
    <time>2024-01-01T00:23:04.331Z</time>
    <name>Point 1339</name>
  </wpt>
  <wpt lat="1.407246" lon="103.746536">
    <time>2024-01-01T00:23:05.099Z</time>
    <name>Point 1340</name>
  </wpt>
  <wpt lat="1.407525" lon="103.746461">
    <time>2024-01-01T00:23:06.510Z</time>
    <name>Point 1341</name>
  </wpt>
  <wpt lat="1.407744" lon="103.746450">
    <time>2024-01-01T00:23:07.580Z</time>
    <name>Point 1342</name>
  </wpt>
  <wpt lat="1.407760" lon="103.746289">
    <time>2024-01-01T00:23:08.369Z</time>
    <name>Point 1343</name>
  </wpt>
  <wpt lat="1.407777" lon="103.746128">
    <time>2024-01-01T00:23:09.159Z</time>
    <name>Point 1344</name>
  </wpt>
  <wpt lat="1.407793" lon="103.745967">
    <time>2024-01-01T00:23:09.949Z</time>
    <name>Point 1345</name>
  </wpt>
  <wpt lat="1.407817" lon="103.745755">
    <time>2024-01-01T00:23:10.989Z</time>
    <name>Point 1346</name>
  </wpt>
  <wpt lat="1.407841" lon="103.745543">
    <time>2024-01-01T00:23:12.029Z</time>
    <name>Point 1347</name>
  </wpt>
  <wpt lat="1.407865" lon="103.745332">
    <time>2024-01-01T00:23:13.069Z</time>
    <name>Point 1348</name>
  </wpt>
  <wpt lat="1.407889" lon="103.745120">
    <time>2024-01-01T00:23:14.109Z</time>
    <name>Point 1349</name>
  </wpt>
  <wpt lat="1.407959" lon="103.744916">
    <time>2024-01-01T00:23:15.162Z</time>
    <name>Point 1350</name>
  </wpt>
  <wpt lat="1.407990" lon="103.744725">
    <time>2024-01-01T00:23:16.108Z</time>
    <name>Point 1351</name>
  </wpt>
  <wpt lat="1.408022" lon="103.744533">
    <time>2024-01-01T00:23:17.054Z</time>
    <name>Point 1352</name>
  </wpt>
  <wpt lat="1.408053" lon="103.744342">
    <time>2024-01-01T00:23:18.000Z</time>
    <name>Point 1353</name>
  </wpt>
  <wpt lat="1.408084" lon="103.744151">
    <time>2024-01-01T00:23:18.946Z</time>
    <name>Point 1354</name>
  </wpt>
  <wpt lat="1.408116" lon="103.743959">
    <time>2024-01-01T00:23:19.892Z</time>
    <name>Point 1355</name>
  </wpt>
  <wpt lat="1.408147" lon="103.743768">
    <time>2024-01-01T00:23:20.839Z</time>
    <name>Point 1356</name>
  </wpt>
  <wpt lat="1.408254" lon="103.743414">
    <time>2024-01-01T00:23:22.644Z</time>
    <name>Point 1357</name>
  </wpt>
  <wpt lat="1.408554" lon="103.743328">
    <time>2024-01-01T00:23:24.168Z</time>
    <name>Point 1358</name>
  </wpt>
  <wpt lat="1.408739" lon="103.743322">
    <time>2024-01-01T00:23:25.069Z</time>
    <name>Point 1359</name>
  </wpt>
  <wpt lat="1.408923" lon="103.743315">
    <time>2024-01-01T00:23:25.971Z</time>
    <name>Point 1360</name>
  </wpt>
  <wpt lat="1.409108" lon="103.743309">
    <time>2024-01-01T00:23:26.872Z</time>
    <name>Point 1361</name>
  </wpt>
  <wpt lat="1.409292" lon="103.743302">
    <time>2024-01-01T00:23:27.774Z</time>
    <name>Point 1362</name>
  </wpt>
  <wpt lat="1.409477" lon="103.743296">
    <time>2024-01-01T00:23:28.676Z</time>
    <name>Point 1363</name>
  </wpt>
  <wpt lat="1.409677" lon="103.743289">
    <time>2024-01-01T00:23:29.653Z</time>
    <name>Point 1364</name>
  </wpt>
  <wpt lat="1.409877" lon="103.743281">
    <time>2024-01-01T00:23:30.630Z</time>
    <name>Point 1365</name>
  </wpt>
  <wpt lat="1.410077" lon="103.743274">
    <time>2024-01-01T00:23:31.607Z</time>
    <name>Point 1366</name>
  </wpt>
  <wpt lat="1.410258" lon="103.743308">
    <time>2024-01-01T00:23:32.504Z</time>
    <name>Point 1367</name>
  </wpt>
  <wpt lat="1.410438" lon="103.743342">
    <time>2024-01-01T00:23:33.401Z</time>
    <name>Point 1368</name>
  </wpt>
  <wpt lat="1.410619" lon="103.743376">
    <time>2024-01-01T00:23:34.299Z</time>
    <name>Point 1369</name>
  </wpt>
  <wpt lat="1.410828" lon="103.743420">
    <time>2024-01-01T00:23:35.343Z</time>
    <name>Point 1370</name>
  </wpt>
  <wpt lat="1.411037" lon="103.743465">
    <time>2024-01-01T00:23:36.387Z</time>
    <name>Point 1371</name>
  </wpt>
  <wpt lat="1.411247" lon="103.743509">
    <time>2024-01-01T00:23:37.431Z</time>
    <name>Point 1372</name>
  </wpt>
  <wpt lat="1.411456" lon="103.743553">
    <time>2024-01-01T00:23:38.476Z</time>
    <name>Point 1373</name>
  </wpt>
  <wpt lat="1.411674" lon="103.743594">
    <time>2024-01-01T00:23:39.559Z</time>
    <name>Point 1374</name>
  </wpt>
  <wpt lat="1.411892" lon="103.743636">
    <time>2024-01-01T00:23:40.642Z</time>
    <name>Point 1375</name>
  </wpt>
  <wpt lat="1.412110" lon="103.743677">
    <time>2024-01-01T00:23:41.725Z</time>
    <name>Point 1376</name>
  </wpt>
  <wpt lat="1.412274" lon="103.743689">
    <time>2024-01-01T00:23:42.529Z</time>
    <name>Point 1377</name>
  </wpt>
  <wpt lat="1.412439" lon="103.743702">
    <time>2024-01-01T00:23:43.334Z</time>
    <name>Point 1378</name>
  </wpt>
  <wpt lat="1.412603" lon="103.743714">
    <time>2024-01-01T00:23:44.139Z</time>
    <name>Point 1379</name>
  </wpt>
  <wpt lat="1.412968" lon="103.743719">
    <time>2024-01-01T00:23:45.921Z</time>
    <name>Point 1380</name>
  </wpt>
  <wpt lat="1.413181" lon="103.743694">
    <time>2024-01-01T00:23:46.966Z</time>
    <name>Point 1381</name>
  </wpt>
  <wpt lat="1.413393" lon="103.743669">
    <time>2024-01-01T00:23:48.011Z</time>
    <name>Point 1382</name>
  </wpt>
  <wpt lat="1.413606" lon="103.743644">
    <time>2024-01-01T00:23:49.057Z</time>
    <name>Point 1383</name>
  </wpt>
  <wpt lat="1.413965" lon="103.743575">
    <time>2024-01-01T00:23:50.841Z</time>
    <name>Point 1384</name>
  </wpt>
  <wpt lat="1.414150" lon="103.743512">
    <time>2024-01-01T00:23:51.795Z</time>
    <name>Point 1385</name>
  </wpt>
  <wpt lat="1.414335" lon="103.743448">
    <time>2024-01-01T00:23:52.750Z</time>
    <name>Point 1386</name>
  </wpt>
  <wpt lat="1.414520" lon="103.743385">
    <time>2024-01-01T00:23:53.704Z</time>
    <name>Point 1387</name>
  </wpt>
  <wpt lat="1.414705" lon="103.743322">
    <time>2024-01-01T00:23:54.659Z</time>
    <name>Point 1388</name>
  </wpt>
  <wpt lat="1.414880" lon="103.743267">
    <time>2024-01-01T00:23:55.551Z</time>
    <name>Point 1389</name>
  </wpt>
  <wpt lat="1.415054" lon="103.743212">
    <time>2024-01-01T00:23:56.444Z</time>
    <name>Point 1390</name>
  </wpt>
  <wpt lat="1.415229" lon="103.743158">
    <time>2024-01-01T00:23:57.337Z</time>
    <name>Point 1391</name>
  </wpt>
  <wpt lat="1.415403" lon="103.743103">
    <time>2024-01-01T00:23:58.230Z</time>
    <name>Point 1392</name>
  </wpt>
  <wpt lat="1.415469" lon="103.743264">
    <time>2024-01-01T00:23:59.077Z</time>
    <name>Point 1393</name>
  </wpt>
  <wpt lat="1.415535" lon="103.743424">
    <time>2024-01-01T00:23:59.925Z</time>
    <name>Point 1394</name>
  </wpt>
  <wpt lat="1.415601" lon="103.743585">
    <time>2024-01-01T00:24:00.773Z</time>
    <name>Point 1395</name>
  </wpt>
  <wpt lat="1.415724" lon="103.743982">
    <time>2024-01-01T00:24:02.802Z</time>
    <name>Point 1396</name>
  </wpt>
  <wpt lat="1.415794" lon="103.744095">
    <time>2024-01-01T00:24:03.450Z</time>
    <name>Point 1397</name>
  </wpt>
  <wpt lat="1.415783" lon="103.744192">
    <time>2024-01-01T00:24:03.927Z</time>
    <name>Point 1398</name>
  </wpt>
  <wpt lat="1.415590" lon="103.744283">
    <time>2024-01-01T00:24:04.968Z</time>
    <name>Point 1399</name>
  </wpt>
  <wpt lat="1.415268" lon="103.744374">
    <time>2024-01-01T00:24:06.602Z</time>
    <name>Point 1400</name>
  </wpt>
  <wpt lat="1.415091" lon="103.744453">
    <time>2024-01-01T00:24:07.547Z</time>
    <name>Point 1401</name>
  </wpt>
  <wpt lat="1.414914" lon="103.744532">
    <time>2024-01-01T00:24:08.492Z</time>
    <name>Point 1402</name>
  </wpt>
  <wpt lat="1.414737" lon="103.744611">
    <time>2024-01-01T00:24:09.437Z</time>
    <name>Point 1403</name>
  </wpt>
  <wpt lat="1.414561" lon="103.744689">
    <time>2024-01-01T00:24:10.383Z</time>
    <name>Point 1404</name>
  </wpt>
  <wpt lat="1.414384" lon="103.744768">
    <time>2024-01-01T00:24:11.328Z</time>
    <name>Point 1405</name>
  </wpt>
  <wpt lat="1.414207" lon="103.744847">
    <time>2024-01-01T00:24:12.273Z</time>
    <name>Point 1406</name>
  </wpt>
  <wpt lat="1.414030" lon="103.744926">
    <time>2024-01-01T00:24:13.219Z</time>
    <name>Point 1407</name>
  </wpt>
  <wpt lat="1.413841" lon="103.745006">
    <time>2024-01-01T00:24:14.218Z</time>
    <name>Point 1408</name>
  </wpt>
  <wpt lat="1.413653" lon="103.745085">
    <time>2024-01-01T00:24:15.218Z</time>
    <name>Point 1409</name>
  </wpt>
  <wpt lat="1.413464" lon="103.745165">
    <time>2024-01-01T00:24:16.218Z</time>
    <name>Point 1410</name>
  </wpt>
  <wpt lat="1.413275" lon="103.745245">
    <time>2024-01-01T00:24:17.217Z</time>
    <name>Point 1411</name>
  </wpt>
  <wpt lat="1.413087" lon="103.745324">
    <time>2024-01-01T00:24:18.217Z</time>
    <name>Point 1412</name>
  </wpt>
  <wpt lat="1.412898" lon="103.745404">
    <time>2024-01-01T00:24:19.217Z</time>
    <name>Point 1413</name>
  </wpt>
  <wpt lat="1.412693" lon="103.745482">
    <time>2024-01-01T00:24:20.287Z</time>
    <name>Point 1414</name>
  </wpt>
  <wpt lat="1.412488" lon="103.745559">
    <time>2024-01-01T00:24:21.357Z</time>
    <name>Point 1415</name>
  </wpt>
  <wpt lat="1.412283" lon="103.745637">
    <time>2024-01-01T00:24:22.427Z</time>
    <name>Point 1416</name>
  </wpt>
  <wpt lat="1.412078" lon="103.745715">
    <time>2024-01-01T00:24:23.498Z</time>
    <name>Point 1417</name>
  </wpt>
  <wpt lat="1.411670" lon="103.745817">
    <time>2024-01-01T00:24:25.551Z</time>
    <name>Point 1418</name>
  </wpt>
  <wpt lat="1.411471" lon="103.745860">
    <time>2024-01-01T00:24:26.546Z</time>
    <name>Point 1419</name>
  </wpt>
  <wpt lat="1.411271" lon="103.745903">
    <time>2024-01-01T00:24:27.542Z</time>
    <name>Point 1420</name>
  </wpt>
  <wpt lat="1.411072" lon="103.745946">
    <time>2024-01-01T00:24:28.538Z</time>
    <name>Point 1421</name>
  </wpt>
  <wpt lat="1.410872" lon="103.745989">
    <time>2024-01-01T00:24:29.534Z</time>
    <name>Point 1422</name>
  </wpt>
  <wpt lat="1.410673" lon="103.746032">
    <time>2024-01-01T00:24:30.530Z</time>
    <name>Point 1423</name>
  </wpt>
  <wpt lat="1.410457" lon="103.746072">
    <time>2024-01-01T00:24:31.600Z</time>
    <name>Point 1424</name>
  </wpt>
  <wpt lat="1.410242" lon="103.746111">
    <time>2024-01-01T00:24:32.670Z</time>
    <name>Point 1425</name>
  </wpt>
  <wpt lat="1.410026" lon="103.746151">
    <time>2024-01-01T00:24:33.740Z</time>
    <name>Point 1426</name>
  </wpt>
  <wpt lat="1.409811" lon="103.746190">
    <time>2024-01-01T00:24:34.810Z</time>
    <name>Point 1427</name>
  </wpt>
  <wpt lat="1.409595" lon="103.746230">
    <time>2024-01-01T00:24:35.880Z</time>
    <name>Point 1428</name>
  </wpt>
  <wpt lat="1.409409" lon="103.746269">
    <time>2024-01-01T00:24:36.810Z</time>
    <name>Point 1429</name>
  </wpt>
  <wpt lat="1.409222" lon="103.746308">
    <time>2024-01-01T00:24:37.740Z</time>
    <name>Point 1430</name>
  </wpt>
  <wpt lat="1.409035" lon="103.746347">
    <time>2024-01-01T00:24:38.670Z</time>
    <name>Point 1431</name>
  </wpt>
  <wpt lat="1.408849" lon="103.746386">
    <time>2024-01-01T00:24:39.601Z</time>
    <name>Point 1432</name>
  </wpt>
  <wpt lat="1.408648" lon="103.746413">
    <time>2024-01-01T00:24:40.590Z</time>
    <name>Point 1433</name>
  </wpt>
  <wpt lat="1.408447" lon="103.746440">
    <time>2024-01-01T00:24:41.580Z</time>
    <name>Point 1434</name>
  </wpt>
  <wpt lat="1.408246" lon="103.746466">
    <time>2024-01-01T00:24:42.570Z</time>
    <name>Point 1435</name>
  </wpt>
  <wpt lat="1.408045" lon="103.746493">
    <time>2024-01-01T00:24:43.560Z</time>
    <name>Point 1436</name>
  </wpt>
  <wpt lat="1.407809" lon="103.746573">
    <time>2024-01-01T00:24:44.777Z</time>
    <name>Point 1437</name>
  </wpt>
  <wpt lat="1.407498" lon="103.746616">
    <time>2024-01-01T00:24:46.309Z</time>
    <name>Point 1438</name>
  </wpt>
  <wpt lat="1.407299" lon="103.746627">
    <time>2024-01-01T00:24:47.282Z</time>
    <name>Point 1439</name>
  </wpt>
  <wpt lat="1.407116" lon="103.746635">
    <time>2024-01-01T00:24:48.178Z</time>
    <name>Point 1440</name>
  </wpt>
  <wpt lat="1.406932" lon="103.746643">
    <time>2024-01-01T00:24:49.075Z</time>
    <name>Point 1441</name>
  </wpt>
  <wpt lat="1.406748" lon="103.746651">
    <time>2024-01-01T00:24:49.972Z</time>
    <name>Point 1442</name>
  </wpt>
  <wpt lat="1.406565" lon="103.746659">
    <time>2024-01-01T00:24:50.869Z</time>
    <name>Point 1443</name>
  </wpt>
  <wpt lat="1.406200" lon="103.746520">
    <time>2024-01-01T00:24:52.776Z</time>
    <name>Point 1444</name>
  </wpt>
  <wpt lat="1.405921" lon="103.746418">
    <time>2024-01-01T00:24:54.226Z</time>
    <name>Point 1445</name>
  </wpt>
  <wpt lat="1.405615" lon="103.746209">
    <time>2024-01-01T00:24:56.034Z</time>
    <name>Point 1446</name>
  </wpt>
  <wpt lat="1.405481" lon="103.746087">
    <time>2024-01-01T00:24:56.917Z</time>
    <name>Point 1447</name>
  </wpt>
  <wpt lat="1.405347" lon="103.745966">
    <time>2024-01-01T00:24:57.801Z</time>
    <name>Point 1448</name>
  </wpt>
  <wpt lat="1.405213" lon="103.745844">
    <time>2024-01-01T00:24:58.685Z</time>
    <name>Point 1449</name>
  </wpt>
  <wpt lat="1.405064" lon="103.745706">
    <time>2024-01-01T00:24:59.677Z</time>
    <name>Point 1450</name>
  </wpt>
  <wpt lat="1.404915" lon="103.745567">
    <time>2024-01-01T00:25:00.670Z</time>
    <name>Point 1451</name>
  </wpt>
  <wpt lat="1.404766" lon="103.745429">
    <time>2024-01-01T00:25:01.662Z</time>
    <name>Point 1452</name>
  </wpt>
  <wpt lat="1.404617" lon="103.745290">
    <time>2024-01-01T00:25:02.655Z</time>
    <name>Point 1453</name>
  </wpt>
  <wpt lat="1.404468" lon="103.745152">
    <time>2024-01-01T00:25:03.648Z</time>
    <name>Point 1454</name>
  </wpt>
  <wpt lat="1.404299" lon="103.745007">
    <time>2024-01-01T00:25:04.735Z</time>
    <name>Point 1455</name>
  </wpt>
  <wpt lat="1.404130" lon="103.744862">
    <time>2024-01-01T00:25:05.822Z</time>
    <name>Point 1456</name>
  </wpt>
  <wpt lat="1.403961" lon="103.744717">
    <time>2024-01-01T00:25:06.909Z</time>
    <name>Point 1457</name>
  </wpt>
  <wpt lat="1.403792" lon="103.744572">
    <time>2024-01-01T00:25:07.996Z</time>
    <name>Point 1458</name>
  </wpt>
  <wpt lat="1.403626" lon="103.744472">
    <time>2024-01-01T00:25:08.941Z</time>
    <name>Point 1459</name>
  </wpt>
  <wpt lat="1.403460" lon="103.744373">
    <time>2024-01-01T00:25:09.887Z</time>
    <name>Point 1460</name>
  </wpt>
  <wpt lat="1.403293" lon="103.744273">
    <time>2024-01-01T00:25:10.833Z</time>
    <name>Point 1461</name>
  </wpt>
  <wpt lat="1.403127" lon="103.744174">
    <time>2024-01-01T00:25:11.779Z</time>
    <name>Point 1462</name>
  </wpt>
  <wpt lat="1.402961" lon="103.744074">
    <time>2024-01-01T00:25:12.725Z</time>
    <name>Point 1463</name>
  </wpt>
  <wpt lat="1.402783" lon="103.744006">
    <time>2024-01-01T00:25:13.657Z</time>
    <name>Point 1464</name>
  </wpt>
  <wpt lat="1.402604" lon="103.743937">
    <time>2024-01-01T00:25:14.589Z</time>
    <name>Point 1465</name>
  </wpt>
  <wpt lat="1.402426" lon="103.743868">
    <time>2024-01-01T00:25:15.521Z</time>
    <name>Point 1466</name>
  </wpt>
  <wpt lat="1.402248" lon="103.743800">
    <time>2024-01-01T00:25:16.453Z</time>
    <name>Point 1467</name>
  </wpt>
  <wpt lat="1.401947" lon="103.743703">
    <time>2024-01-01T00:25:17.997Z</time>
    <name>Point 1468</name>
  </wpt>
  <wpt lat="1.401599" lon="103.743591">
    <time>2024-01-01T00:25:19.782Z</time>
    <name>Point 1469</name>
  </wpt>
  <wpt lat="1.401502" lon="103.743526">
    <time>2024-01-01T00:25:20.352Z</time>
    <name>Point 1470</name>
  </wpt>
  <wpt lat="1.401282" lon="103.743489">
    <time>2024-01-01T00:25:21.441Z</time>
    <name>Point 1471</name>
  </wpt>
  <wpt lat="1.400891" lon="103.743424">
    <time>2024-01-01T00:25:23.376Z</time>
    <name>Point 1472</name>
  </wpt>
  <wpt lat="1.400686" lon="103.743403">
    <time>2024-01-01T00:25:24.383Z</time>
    <name>Point 1473</name>
  </wpt>
  <wpt lat="1.400481" lon="103.743381">
    <time>2024-01-01T00:25:25.390Z</time>
    <name>Point 1474</name>
  </wpt>
  <wpt lat="1.400275" lon="103.743360">
    <time>2024-01-01T00:25:26.397Z</time>
    <name>Point 1475</name>
  </wpt>
  <wpt lat="1.400070" lon="103.743339">
    <time>2024-01-01T00:25:27.405Z</time>
    <name>Point 1476</name>
  </wpt>
  <wpt lat="1.399854" lon="103.743309">
    <time>2024-01-01T00:25:28.470Z</time>
    <name>Point 1477</name>
  </wpt>
  <wpt lat="1.399637" lon="103.743279">
    <time>2024-01-01T00:25:29.536Z</time>
    <name>Point 1478</name>
  </wpt>
  <wpt lat="1.399421" lon="103.743249">
    <time>2024-01-01T00:25:30.602Z</time>
    <name>Point 1479</name>
  </wpt>
  <wpt lat="1.399205" lon="103.743219">
    <time>2024-01-01T00:25:31.668Z</time>
    <name>Point 1480</name>
  </wpt>
  <wpt lat="1.398989" lon="103.743189">
    <time>2024-01-01T00:25:32.734Z</time>
    <name>Point 1481</name>
  </wpt>
  <wpt lat="1.398772" lon="103.743159">
    <time>2024-01-01T00:25:33.800Z</time>
    <name>Point 1482</name>
  </wpt>
  <wpt lat="1.398556" lon="103.743129">
    <time>2024-01-01T00:25:34.866Z</time>
    <name>Point 1483</name>
  </wpt>
  <wpt lat="1.398340" lon="103.743098">
    <time>2024-01-01T00:25:35.931Z</time>
    <name>Point 1484</name>
  </wpt>
  <wpt lat="1.398124" lon="103.743068">
    <time>2024-01-01T00:25:36.997Z</time>
    <name>Point 1485</name>
  </wpt>
  <wpt lat="1.397907" lon="103.743038">
    <time>2024-01-01T00:25:38.063Z</time>
    <name>Point 1486</name>
  </wpt>
  <wpt lat="1.397691" lon="103.743008">
    <time>2024-01-01T00:25:39.129Z</time>
    <name>Point 1487</name>
  </wpt>
  <wpt lat="1.397475" lon="103.742978">
    <time>2024-01-01T00:25:40.195Z</time>
    <name>Point 1488</name>
  </wpt>
  <wpt lat="1.397259" lon="103.742948">
    <time>2024-01-01T00:25:41.261Z</time>
    <name>Point 1489</name>
  </wpt>
  <wpt lat="1.397042" lon="103.742918">
    <time>2024-01-01T00:25:42.327Z</time>
    <name>Point 1490</name>
  </wpt>
  <wpt lat="1.396826" lon="103.742888">
    <time>2024-01-01T00:25:43.393Z</time>
    <name>Point 1491</name>
  </wpt>
  <wpt lat="1.396678" lon="103.742852">
    <time>2024-01-01T00:25:44.138Z</time>
    <name>Point 1492</name>
  </wpt>
  <wpt lat="1.396529" lon="103.742817">
    <time>2024-01-01T00:25:44.883Z</time>
    <name>Point 1493</name>
  </wpt>
  <wpt lat="1.396381" lon="103.742781">
    <time>2024-01-01T00:25:45.628Z</time>
    <name>Point 1494</name>
  </wpt>
  <wpt lat="1.396155" lon="103.742743">
    <time>2024-01-01T00:25:46.746Z</time>
    <name>Point 1495</name>
  </wpt>
  <wpt lat="1.395753" lon="103.742647">
    <time>2024-01-01T00:25:48.764Z</time>
    <name>Point 1496</name>
  </wpt>
  <wpt lat="1.395389" lon="103.742486">
    <time>2024-01-01T00:25:50.707Z</time>
    <name>Point 1497</name>
  </wpt>
  <wpt lat="1.395208" lon="103.742393">
    <time>2024-01-01T00:25:51.699Z</time>
    <name>Point 1498</name>
  </wpt>
  <wpt lat="1.395027" lon="103.742300">
    <time>2024-01-01T00:25:52.692Z</time>
    <name>Point 1499</name>
  </wpt>
  <wpt lat="1.394846" lon="103.742208">
    <time>2024-01-01T00:25:53.685Z</time>
    <name>Point 1500</name>
  </wpt>
  <wpt lat="1.394665" lon="103.742115">
    <time>2024-01-01T00:25:54.678Z</time>
    <name>Point 1501</name>
  </wpt>
  <wpt lat="1.394507" lon="103.742020">
    <time>2024-01-01T00:25:55.578Z</time>
    <name>Point 1502</name>
  </wpt>
  <wpt lat="1.394349" lon="103.741924">
    <time>2024-01-01T00:25:56.478Z</time>
    <name>Point 1503</name>
  </wpt>
  <wpt lat="1.394192" lon="103.741829">
    <time>2024-01-01T00:25:57.378Z</time>
    <name>Point 1504</name>
  </wpt>
  <wpt lat="1.394034" lon="103.741733">
    <time>2024-01-01T00:25:58.278Z</time>
    <name>Point 1505</name>
  </wpt>
  <wpt lat="1.393876" lon="103.741638">
    <time>2024-01-01T00:25:59.179Z</time>
    <name>Point 1506</name>
  </wpt>
  <wpt lat="1.393699" lon="103.741527">
    <time>2024-01-01T00:26:00.198Z</time>
    <name>Point 1507</name>
  </wpt>
  <wpt lat="1.393522" lon="103.741416">
    <time>2024-01-01T00:26:01.217Z</time>
    <name>Point 1508</name>
  </wpt>
  <wpt lat="1.393345" lon="103.741305">
    <time>2024-01-01T00:26:02.237Z</time>
    <name>Point 1509</name>
  </wpt>
  <wpt lat="1.393168" lon="103.741195">
    <time>2024-01-01T00:26:03.256Z</time>
    <name>Point 1510</name>
  </wpt>
  <wpt lat="1.392991" lon="103.741084">
    <time>2024-01-01T00:26:04.275Z</time>
    <name>Point 1511</name>
  </wpt>
  <wpt lat="1.392814" lon="103.740973">
    <time>2024-01-01T00:26:05.295Z</time>
    <name>Point 1512</name>
  </wpt>
  <wpt lat="1.392624" lon="103.740875">
    <time>2024-01-01T00:26:06.336Z</time>
    <name>Point 1513</name>
  </wpt>
  <wpt lat="1.392434" lon="103.740778">
    <time>2024-01-01T00:26:07.378Z</time>
    <name>Point 1514</name>
  </wpt>
  <wpt lat="1.392245" lon="103.740680">
    <time>2024-01-01T00:26:08.420Z</time>
    <name>Point 1515</name>
  </wpt>
  <wpt lat="1.392055" lon="103.740583">
    <time>2024-01-01T00:26:09.462Z</time>
    <name>Point 1516</name>
  </wpt>
  <wpt lat="1.391865" lon="103.740485">
    <time>2024-01-01T00:26:10.504Z</time>
    <name>Point 1517</name>
  </wpt>
  <wpt lat="1.391506" lon="103.740367">
    <time>2024-01-01T00:26:12.349Z</time>
    <name>Point 1518</name>
  </wpt>
  <wpt lat="1.391310" lon="103.740334">
    <time>2024-01-01T00:26:13.318Z</time>
    <name>Point 1519</name>
  </wpt>
  <wpt lat="1.391115" lon="103.740300">
    <time>2024-01-01T00:26:14.288Z</time>
    <name>Point 1520</name>
  </wpt>
  <wpt lat="1.390919" lon="103.740267">
    <time>2024-01-01T00:26:15.257Z</time>
    <name>Point 1521</name>
  </wpt>
  <wpt lat="1.390723" lon="103.740233">
    <time>2024-01-01T00:26:16.227Z</time>
    <name>Point 1522</name>
  </wpt>
  <wpt lat="1.390535" lon="103.740238">
    <time>2024-01-01T00:26:17.143Z</time>
    <name>Point 1523</name>
  </wpt>
  <wpt lat="1.390348" lon="103.740244">
    <time>2024-01-01T00:26:18.059Z</time>
    <name>Point 1524</name>
  </wpt>
  <wpt lat="1.390160" lon="103.740249">
    <time>2024-01-01T00:26:18.976Z</time>
    <name>Point 1525</name>
  </wpt>
  <wpt lat="1.389985" lon="103.740278">
    <time>2024-01-01T00:26:19.843Z</time>
    <name>Point 1526</name>
  </wpt>
  <wpt lat="1.389809" lon="103.740306">
    <time>2024-01-01T00:26:20.710Z</time>
    <name>Point 1527</name>
  </wpt>
  <wpt lat="1.389634" lon="103.740335">
    <time>2024-01-01T00:26:21.578Z</time>
    <name>Point 1528</name>
  </wpt>
  <wpt lat="1.389447" lon="103.740372">
    <time>2024-01-01T00:26:22.509Z</time>
    <name>Point 1529</name>
  </wpt>
  <wpt lat="1.389082" lon="103.740495">
    <time>2024-01-01T00:26:24.389Z</time>
    <name>Point 1530</name>
  </wpt>
  <wpt lat="1.388888" lon="103.740583">
    <time>2024-01-01T00:26:25.432Z</time>
    <name>Point 1531</name>
  </wpt>
  <wpt lat="1.388693" lon="103.740672">
    <time>2024-01-01T00:26:26.475Z</time>
    <name>Point 1532</name>
  </wpt>
  <wpt lat="1.388498" lon="103.740760">
    <time>2024-01-01T00:26:27.518Z</time>
    <name>Point 1533</name>
  </wpt>
  <wpt lat="1.388304" lon="103.740849">
    <time>2024-01-01T00:26:28.561Z</time>
    <name>Point 1534</name>
  </wpt>
  <wpt lat="1.388134" lon="103.740926">
    <time>2024-01-01T00:26:29.470Z</time>
    <name>Point 1535</name>
  </wpt>
  <wpt lat="1.387965" lon="103.741003">
    <time>2024-01-01T00:26:30.380Z</time>
    <name>Point 1536</name>
  </wpt>
  <wpt lat="1.387795" lon="103.741080">
    <time>2024-01-01T00:26:31.290Z</time>
    <name>Point 1537</name>
  </wpt>
  <wpt lat="1.387661" lon="103.741153">
    <time>2024-01-01T00:26:32.035Z</time>
    <name>Point 1538</name>
  </wpt>
  <wpt lat="1.387527" lon="103.741227">
    <time>2024-01-01T00:26:32.781Z</time>
    <name>Point 1539</name>
  </wpt>
  <wpt lat="1.387393" lon="103.741300">
    <time>2024-01-01T00:26:33.527Z</time>
    <name>Point 1540</name>
  </wpt>
  <wpt lat="1.387044" lon="103.741456">
    <time>2024-01-01T00:26:35.393Z</time>
    <name>Point 1541</name>
  </wpt>
  <wpt lat="1.386840" lon="103.741525">
    <time>2024-01-01T00:26:36.444Z</time>
    <name>Point 1542</name>
  </wpt>
  <wpt lat="1.386594" lon="103.741670">
    <time>2024-01-01T00:26:37.838Z</time>
    <name>Point 1543</name>
  </wpt>
  <wpt lat="1.386384" lon="103.741745">
    <time>2024-01-01T00:26:38.927Z</time>
    <name>Point 1544</name>
  </wpt>
  <wpt lat="1.386079" lon="103.741901">
    <time>2024-01-01T00:26:40.599Z</time>
    <name>Point 1545</name>
  </wpt>
  <wpt lat="1.385709" lon="103.742067">
    <time>2024-01-01T00:26:42.579Z</time>
    <name>Point 1546</name>
  </wpt>
  <wpt lat="1.385532" lon="103.742148">
    <time>2024-01-01T00:26:43.528Z</time>
    <name>Point 1547</name>
  </wpt>
  <wpt lat="1.385355" lon="103.742228">
    <time>2024-01-01T00:26:44.477Z</time>
    <name>Point 1548</name>
  </wpt>
  <wpt lat="1.385178" lon="103.742309">
    <time>2024-01-01T00:26:45.427Z</time>
    <name>Point 1549</name>
  </wpt>
  <wpt lat="1.384818" lon="103.742405">
    <time>2024-01-01T00:26:47.246Z</time>
    <name>Point 1550</name>
  </wpt>
  <wpt lat="1.384613" lon="103.742455">
    <time>2024-01-01T00:26:48.275Z</time>
    <name>Point 1551</name>
  </wpt>
  <wpt lat="1.384408" lon="103.742504">
    <time>2024-01-01T00:26:49.305Z</time>
    <name>Point 1552</name>
  </wpt>
  <wpt lat="1.384203" lon="103.742554">
    <time>2024-01-01T00:26:50.335Z</time>
    <name>Point 1553</name>
  </wpt>
  <wpt lat="1.383998" lon="103.742604">
    <time>2024-01-01T00:26:51.365Z</time>
    <name>Point 1554</name>
  </wpt>
  <wpt lat="1.383834" lon="103.742632">
    <time>2024-01-01T00:26:52.179Z</time>
    <name>Point 1555</name>
  </wpt>
  <wpt lat="1.383669" lon="103.742661">
    <time>2024-01-01T00:26:52.993Z</time>
    <name>Point 1556</name>
  </wpt>
  <wpt lat="1.383505" lon="103.742689">
    <time>2024-01-01T00:26:53.807Z</time>
    <name>Point 1557</name>
  </wpt>
  <wpt lat="1.383297" lon="103.742727">
    <time>2024-01-01T00:26:54.837Z</time>
    <name>Point 1558</name>
  </wpt>
  <wpt lat="1.383090" lon="103.742764">
    <time>2024-01-01T00:26:55.867Z</time>
    <name>Point 1559</name>
  </wpt>
  <wpt lat="1.382882" lon="103.742802">
    <time>2024-01-01T00:26:56.898Z</time>
    <name>Point 1560</name>
  </wpt>
  <wpt lat="1.382507" lon="103.742931">
    <time>2024-01-01T00:26:58.834Z</time>
    <name>Point 1561</name>
  </wpt>
  <wpt lat="1.382298" lon="103.743001">
    <time>2024-01-01T00:26:59.909Z</time>
    <name>Point 1562</name>
  </wpt>
  <wpt lat="1.382089" lon="103.743070">
    <time>2024-01-01T00:27:00.984Z</time>
    <name>Point 1563</name>
  </wpt>
  <wpt lat="1.381880" lon="103.743140">
    <time>2024-01-01T00:27:02.060Z</time>
    <name>Point 1564</name>
  </wpt>
  <wpt lat="1.381735" lon="103.743194">
    <time>2024-01-01T00:27:02.816Z</time>
    <name>Point 1565</name>
  </wpt>
  <wpt lat="1.381692" lon="103.743296">
    <time>2024-01-01T00:27:03.356Z</time>
    <name>Point 1566</name>
  </wpt>
  <wpt lat="1.381692" lon="103.743408">
    <time>2024-01-01T00:27:03.903Z</time>
    <name>Point 1567</name>
  </wpt>
  <wpt lat="1.381713" lon="103.743510">
    <time>2024-01-01T00:27:04.411Z</time>
    <name>Point 1568</name>
  </wpt>
  <wpt lat="1.381751" lon="103.743682">
    <time>2024-01-01T00:27:05.270Z</time>
    <name>Point 1569</name>
  </wpt>
  <wpt lat="1.381865" lon="103.743848">
    <time>2024-01-01T00:27:06.254Z</time>
    <name>Point 1570</name>
  </wpt>
  <wpt lat="1.381979" lon="103.744015">
    <time>2024-01-01T00:27:07.238Z</time>
    <name>Point 1571</name>
  </wpt>
  <wpt lat="1.382093" lon="103.744181">
    <time>2024-01-01T00:27:08.223Z</time>
    <name>Point 1572</name>
  </wpt>
  <wpt lat="1.382208" lon="103.744347">
    <time>2024-01-01T00:27:09.207Z</time>
    <name>Point 1573</name>
  </wpt>
  <wpt lat="1.382322" lon="103.744513">
    <time>2024-01-01T00:27:10.192Z</time>
    <name>Point 1574</name>
  </wpt>
  <wpt lat="1.382436" lon="103.744680">
    <time>2024-01-01T00:27:11.176Z</time>
    <name>Point 1575</name>
  </wpt>
  <wpt lat="1.382550" lon="103.744846">
    <time>2024-01-01T00:27:12.161Z</time>
    <name>Point 1576</name>
  </wpt>
  <wpt lat="1.382666" lon="103.745011">
    <time>2024-01-01T00:27:13.145Z</time>
    <name>Point 1577</name>
  </wpt>
  <wpt lat="1.382782" lon="103.745176">
    <time>2024-01-01T00:27:14.130Z</time>
    <name>Point 1578</name>
  </wpt>
  <wpt lat="1.382898" lon="103.745341">
    <time>2024-01-01T00:27:15.114Z</time>
    <name>Point 1579</name>
  </wpt>
  <wpt lat="1.383014" lon="103.745506">
    <time>2024-01-01T00:27:16.099Z</time>
    <name>Point 1580</name>
  </wpt>
  <wpt lat="1.383130" lon="103.745671">
    <time>2024-01-01T00:27:17.083Z</time>
    <name>Point 1581</name>
  </wpt>
  <wpt lat="1.383246" lon="103.745836">
    <time>2024-01-01T00:27:18.068Z</time>
    <name>Point 1582</name>
  </wpt>
  <wpt lat="1.383362" lon="103.746001">
    <time>2024-01-01T00:27:19.052Z</time>
    <name>Point 1583</name>
  </wpt>
  <wpt lat="1.383478" lon="103.746166">
    <time>2024-01-01T00:27:20.037Z</time>
    <name>Point 1584</name>
  </wpt>
  <wpt lat="1.383603" lon="103.746338">
    <time>2024-01-01T00:27:21.073Z</time>
    <name>Point 1585</name>
  </wpt>
  <wpt lat="1.383728" lon="103.746509">
    <time>2024-01-01T00:27:22.109Z</time>
    <name>Point 1586</name>
  </wpt>
  <wpt lat="1.383853" lon="103.746681">
    <time>2024-01-01T00:27:23.146Z</time>
    <name>Point 1587</name>
  </wpt>
  <wpt lat="1.383939" lon="103.746793">
    <time>2024-01-01T00:27:23.835Z</time>
    <name>Point 1588</name>
  </wpt>
  <wpt lat="1.384062" lon="103.746825">
    <time>2024-01-01T00:27:24.456Z</time>
    <name>Point 1589</name>
  </wpt>
  <wpt lat="1.384228" lon="103.746761">
    <time>2024-01-01T00:27:25.324Z</time>
    <name>Point 1590</name>
  </wpt>
  <wpt lat="1.384416" lon="103.746642">
    <time>2024-01-01T00:27:26.409Z</time>
    <name>Point 1591</name>
  </wpt>
  <wpt lat="1.384603" lon="103.746522">
    <time>2024-01-01T00:27:27.495Z</time>
    <name>Point 1592</name>
  </wpt>
  <wpt lat="1.384791" lon="103.746403">
    <time>2024-01-01T00:27:28.581Z</time>
    <name>Point 1593</name>
  </wpt>
  <wpt lat="1.384979" lon="103.746284">
    <time>2024-01-01T00:27:29.667Z</time>
    <name>Point 1594</name>
  </wpt>
  <wpt lat="1.385156" lon="103.746219">
    <time>2024-01-01T00:27:30.588Z</time>
    <name>Point 1595</name>
  </wpt>
  <wpt lat="1.385521" lon="103.746096">
    <time>2024-01-01T00:27:32.468Z</time>
    <name>Point 1596</name>
  </wpt>
  <wpt lat="1.385880" lon="103.746058">
    <time>2024-01-01T00:27:34.230Z</time>
    <name>Point 1597</name>
  </wpt>
  <wpt lat="1.386059" lon="103.746073">
    <time>2024-01-01T00:27:35.104Z</time>
    <name>Point 1598</name>
  </wpt>
  <wpt lat="1.386237" lon="103.746088">
    <time>2024-01-01T00:27:35.979Z</time>
    <name>Point 1599</name>
  </wpt>
  <wpt lat="1.386416" lon="103.746102">
    <time>2024-01-01T00:27:36.853Z</time>
    <name>Point 1600</name>
  </wpt>
  <wpt lat="1.386594" lon="103.746117">
    <time>2024-01-01T00:27:37.728Z</time>
    <name>Point 1601</name>
  </wpt>
  <wpt lat="1.386888" lon="103.746144">
    <time>2024-01-01T00:27:39.169Z</time>
    <name>Point 1602</name>
  </wpt>
  <wpt lat="1.387312" lon="103.746091">
    <time>2024-01-01T00:27:41.255Z</time>
    <name>Point 1603</name>
  </wpt>
  <wpt lat="1.387693" lon="103.745989">
    <time>2024-01-01T00:27:43.180Z</time>
    <name>Point 1604</name>
  </wpt>
  <wpt lat="1.387888" lon="103.745951">
    <time>2024-01-01T00:27:44.150Z</time>
    <name>Point 1605</name>
  </wpt>
  <wpt lat="1.388083" lon="103.745914">
    <time>2024-01-01T00:27:45.120Z</time>
    <name>Point 1606</name>
  </wpt>
  <wpt lat="1.388279" lon="103.745876">
    <time>2024-01-01T00:27:46.091Z</time>
    <name>Point 1607</name>
  </wpt>
  <wpt lat="1.388474" lon="103.745839">
    <time>2024-01-01T00:27:47.061Z</time>
    <name>Point 1608</name>
  </wpt>
  <wpt lat="1.388669" lon="103.745801">
    <time>2024-01-01T00:27:48.032Z</time>
    <name>Point 1609</name>
  </wpt>
  <wpt lat="1.389007" lon="103.745672">
    <time>2024-01-01T00:27:49.798Z</time>
    <name>Point 1610</name>
  </wpt>
  <wpt lat="1.389177" lon="103.745620">
    <time>2024-01-01T00:27:50.667Z</time>
    <name>Point 1611</name>
  </wpt>
  <wpt lat="1.389347" lon="103.745567">
    <time>2024-01-01T00:27:51.537Z</time>
    <name>Point 1612</name>
  </wpt>
  <wpt lat="1.389518" lon="103.745515">
    <time>2024-01-01T00:27:52.406Z</time>
    <name>Point 1613</name>
  </wpt>
  <wpt lat="1.389688" lon="103.745463">
    <time>2024-01-01T00:27:53.276Z</time>
    <name>Point 1614</name>
  </wpt>
  <wpt lat="1.389861" lon="103.745405">
    <time>2024-01-01T00:27:54.166Z</time>
    <name>Point 1615</name>
  </wpt>
  <wpt lat="1.390034" lon="103.745348">
    <time>2024-01-01T00:27:55.056Z</time>
    <name>Point 1616</name>
  </wpt>
  <wpt lat="1.390207" lon="103.745290">
    <time>2024-01-01T00:27:55.946Z</time>
    <name>Point 1617</name>
  </wpt>
  <wpt lat="1.390380" lon="103.745232">
    <time>2024-01-01T00:27:56.837Z</time>
    <name>Point 1618</name>
  </wpt>
  <wpt lat="1.390544" lon="103.745184">
    <time>2024-01-01T00:27:57.673Z</time>
    <name>Point 1619</name>
  </wpt>
  <wpt lat="1.390709" lon="103.745135">
    <time>2024-01-01T00:27:58.509Z</time>
    <name>Point 1620</name>
  </wpt>
  <wpt lat="1.390873" lon="103.745087">
    <time>2024-01-01T00:27:59.346Z</time>
    <name>Point 1621</name>
  </wpt>
  <wpt lat="1.391034" lon="103.745061">
    <time>2024-01-01T00:28:00.142Z</time>
    <name>Point 1622</name>
  </wpt>
  <wpt lat="1.391318" lon="103.744985">
    <time>2024-01-01T00:28:01.577Z</time>
    <name>Point 1623</name>
  </wpt>
  <wpt lat="1.391656" lon="103.744959">
    <time>2024-01-01T00:28:03.232Z</time>
    <name>Point 1624</name>
  </wpt>
  <wpt lat="1.391994" lon="103.744996">
    <time>2024-01-01T00:28:04.892Z</time>
    <name>Point 1625</name>
  </wpt>
  <wpt lat="1.392176" lon="103.745055">
    <time>2024-01-01T00:28:05.826Z</time>
    <name>Point 1626</name>
  </wpt>
  <wpt lat="1.392396" lon="103.745093">
    <time>2024-01-01T00:28:06.915Z</time>
    <name>Point 1627</name>
  </wpt>
  <wpt lat="1.392686" lon="103.745211">
    <time>2024-01-01T00:28:08.444Z</time>
    <name>Point 1628</name>
  </wpt>
  <wpt lat="1.392906" lon="103.745356">
    <time>2024-01-01T00:28:09.730Z</time>
    <name>Point 1629</name>
  </wpt>
  <wpt lat="1.393163" lon="103.745533">
    <time>2024-01-01T00:28:11.253Z</time>
    <name>Point 1630</name>
  </wpt>
  <wpt lat="1.393339" lon="103.745666">
    <time>2024-01-01T00:28:12.328Z</time>
    <name>Point 1631</name>
  </wpt>
  <wpt lat="1.393514" lon="103.745799">
    <time>2024-01-01T00:28:13.403Z</time>
    <name>Point 1632</name>
  </wpt>
  <wpt lat="1.393690" lon="103.745931">
    <time>2024-01-01T00:28:14.478Z</time>
    <name>Point 1633</name>
  </wpt>
  <wpt lat="1.393866" lon="103.746064">
    <time>2024-01-01T00:28:15.554Z</time>
    <name>Point 1634</name>
  </wpt>
  <wpt lat="1.394012" lon="103.746169">
    <time>2024-01-01T00:28:16.430Z</time>
    <name>Point 1635</name>
  </wpt>
  <wpt lat="1.394158" lon="103.746273">
    <time>2024-01-01T00:28:17.306Z</time>
    <name>Point 1636</name>
  </wpt>
  <wpt lat="1.394304" lon="103.746377">
    <time>2024-01-01T00:28:18.182Z</time>
    <name>Point 1637</name>
  </wpt>
  <wpt lat="1.394450" lon="103.746482">
    <time>2024-01-01T00:28:19.059Z</time>
    <name>Point 1638</name>
  </wpt>
  <wpt lat="1.394788" lon="103.746675">
    <time>2024-01-01T00:28:20.959Z</time>
    <name>Point 1639</name>
  </wpt>
  <wpt lat="1.395153" lon="103.746852">
    <time>2024-01-01T00:28:22.939Z</time>
    <name>Point 1640</name>
  </wpt>
  <wpt lat="1.395341" lon="103.746933">
    <time>2024-01-01T00:28:23.937Z</time>
    <name>Point 1641</name>
  </wpt>
  <wpt lat="1.395528" lon="103.747015">
    <time>2024-01-01T00:28:24.936Z</time>
    <name>Point 1642</name>
  </wpt>
  <wpt lat="1.395716" lon="103.747096">
    <time>2024-01-01T00:28:25.934Z</time>
    <name>Point 1643</name>
  </wpt>
  <wpt lat="1.395904" lon="103.747177">
    <time>2024-01-01T00:28:26.933Z</time>
    <name>Point 1644</name>
  </wpt>
  <wpt lat="1.396091" lon="103.747259">
    <time>2024-01-01T00:28:27.931Z</time>
    <name>Point 1645</name>
  </wpt>
  <wpt lat="1.396279" lon="103.747340">
    <time>2024-01-01T00:28:28.930Z</time>
    <name>Point 1646</name>
  </wpt>
  <wpt lat="1.396490" lon="103.747408">
    <time>2024-01-01T00:28:30.011Z</time>
    <name>Point 1647</name>
  </wpt>
  <wpt lat="1.396701" lon="103.747476">
    <time>2024-01-01T00:28:31.092Z</time>
    <name>Point 1648</name>
  </wpt>
  <wpt lat="1.396911" lon="103.747544">
    <time>2024-01-01T00:28:32.174Z</time>
    <name>Point 1649</name>
  </wpt>
  <wpt lat="1.397122" lon="103.747612">
    <time>2024-01-01T00:28:33.255Z</time>
    <name>Point 1650</name>
  </wpt>
  <wpt lat="1.397333" lon="103.747680">
    <time>2024-01-01T00:28:34.336Z</time>
    <name>Point 1651</name>
  </wpt>
  <wpt lat="1.397544" lon="103.747748">
    <time>2024-01-01T00:28:35.418Z</time>
    <name>Point 1652</name>
  </wpt>
  <wpt lat="1.397721" lon="103.747786">
    <time>2024-01-01T00:28:36.301Z</time>
    <name>Point 1653</name>
  </wpt>
  <wpt lat="1.397898" lon="103.747823">
    <time>2024-01-01T00:28:37.185Z</time>
    <name>Point 1654</name>
  </wpt>
  <wpt lat="1.398075" lon="103.747861">
    <time>2024-01-01T00:28:38.069Z</time>
    <name>Point 1655</name>
  </wpt>
  <wpt lat="1.398270" lon="103.747915">
    <time>2024-01-01T00:28:39.057Z</time>
    <name>Point 1656</name>
  </wpt>
  <wpt lat="1.398465" lon="103.747968">
    <time>2024-01-01T00:28:40.045Z</time>
    <name>Point 1657</name>
  </wpt>
  <wpt lat="1.398661" lon="103.748022">
    <time>2024-01-01T00:28:41.033Z</time>
    <name>Point 1658</name>
  </wpt>
  <wpt lat="1.398856" lon="103.748075">
    <time>2024-01-01T00:28:42.021Z</time>
    <name>Point 1659</name>
  </wpt>
  <wpt lat="1.399051" lon="103.748129">
    <time>2024-01-01T00:28:43.009Z</time>
    <name>Point 1660</name>
  </wpt>
  <wpt lat="1.399251" lon="103.748186">
    <time>2024-01-01T00:28:44.023Z</time>
    <name>Point 1661</name>
  </wpt>
  <wpt lat="1.399451" lon="103.748242">
    <time>2024-01-01T00:28:45.038Z</time>
    <name>Point 1662</name>
  </wpt>
  <wpt lat="1.399651" lon="103.748299">
    <time>2024-01-01T00:28:46.053Z</time>
    <name>Point 1663</name>
  </wpt>
  <wpt lat="1.399851" lon="103.748356">
    <time>2024-01-01T00:28:47.068Z</time>
    <name>Point 1664</name>
  </wpt>
  <wpt lat="1.400051" lon="103.748413">
    <time>2024-01-01T00:28:48.083Z</time>
    <name>Point 1665</name>
  </wpt>
  <wpt lat="1.400251" lon="103.748469">
    <time>2024-01-01T00:28:49.098Z</time>
    <name>Point 1666</name>
  </wpt>
  <wpt lat="1.400451" lon="103.748526">
    <time>2024-01-01T00:28:50.113Z</time>
    <name>Point 1667</name>
  </wpt>
  <wpt lat="1.400648" lon="103.748578">
    <time>2024-01-01T00:28:51.106Z</time>
    <name>Point 1668</name>
  </wpt>
  <wpt lat="1.400844" lon="103.748630">
    <time>2024-01-01T00:28:52.099Z</time>
    <name>Point 1669</name>
  </wpt>
  <wpt lat="1.401041" lon="103.748682">
    <time>2024-01-01T00:28:53.092Z</time>
    <name>Point 1670</name>
  </wpt>
  <wpt lat="1.401238" lon="103.748736">
    <time>2024-01-01T00:28:54.087Z</time>
    <name>Point 1671</name>
  </wpt>
  <wpt lat="1.401434" lon="103.748789">
    <time>2024-01-01T00:28:55.082Z</time>
    <name>Point 1672</name>
  </wpt>
  <wpt lat="1.401631" lon="103.748843">
    <time>2024-01-01T00:28:56.077Z</time>
    <name>Point 1673</name>
  </wpt>
  <wpt lat="1.401828" lon="103.748896">
    <time>2024-01-01T00:28:57.072Z</time>
    <name>Point 1674</name>
  </wpt>
  <wpt lat="1.402024" lon="103.748950">
    <time>2024-01-01T00:28:58.067Z</time>
    <name>Point 1675</name>
  </wpt>
  <wpt lat="1.402221" lon="103.749003">
    <time>2024-01-01T00:28:59.062Z</time>
    <name>Point 1676</name>
  </wpt>
  <wpt lat="1.402418" lon="103.749057">
    <time>2024-01-01T00:29:00.057Z</time>
    <name>Point 1677</name>
  </wpt>
  <wpt lat="1.402614" lon="103.749110">
    <time>2024-01-01T00:29:01.052Z</time>
    <name>Point 1678</name>
  </wpt>
  <wpt lat="1.402811" lon="103.749164">
    <time>2024-01-01T00:29:02.047Z</time>
    <name>Point 1679</name>
  </wpt>
  <wpt lat="1.402939" lon="103.749127">
    <time>2024-01-01T00:29:02.698Z</time>
    <name>Point 1680</name>
  </wpt>
  <wpt lat="1.403014" lon="103.749068">
    <time>2024-01-01T00:29:03.164Z</time>
    <name>Point 1681</name>
  </wpt>
  <wpt lat="1.403090" lon="103.748955">
    <time>2024-01-01T00:29:03.828Z</time>
    <name>Point 1682</name>
  </wpt>
  <wpt lat="1.403116" lon="103.748773">
    <time>2024-01-01T00:29:04.725Z</time>
    <name>Point 1683</name>
  </wpt>
  <wpt lat="1.403149" lon="103.748590">
    <time>2024-01-01T00:29:05.633Z</time>
    <name>Point 1684</name>
  </wpt>
  <wpt lat="1.403190" lon="103.748445">
    <time>2024-01-01T00:29:06.366Z</time>
    <name>Point 1685</name>
  </wpt>
  <wpt lat="1.403231" lon="103.748301">
    <time>2024-01-01T00:29:07.100Z</time>
    <name>Point 1686</name>
  </wpt>
  <wpt lat="1.403272" lon="103.748156">
    <time>2024-01-01T00:29:07.834Z</time>
    <name>Point 1687</name>
  </wpt>
  <wpt lat="1.403322" lon="103.747975">
    <time>2024-01-01T00:29:08.753Z</time>
    <name>Point 1688</name>
  </wpt>
  <wpt lat="1.403373" lon="103.747793">
    <time>2024-01-01T00:29:09.672Z</time>
    <name>Point 1689</name>
  </wpt>
  <wpt lat="1.403423" lon="103.747612">
    <time>2024-01-01T00:29:10.591Z</time>
    <name>Point 1690</name>
  </wpt>
  <wpt lat="1.403474" lon="103.747430">
    <time>2024-01-01T00:29:11.510Z</time>
    <name>Point 1691</name>
  </wpt>
  <wpt lat="1.403524" lon="103.747249">
    <time>2024-01-01T00:29:12.429Z</time>
    <name>Point 1692</name>
  </wpt>
  <wpt lat="1.403604" lon="103.746874">
    <time>2024-01-01T00:29:14.300Z</time>
    <name>Point 1693</name>
  </wpt>
  <wpt lat="1.403594" lon="103.746632">
    <time>2024-01-01T00:29:15.482Z</time>
    <name>Point 1694</name>
  </wpt>
  <wpt lat="1.403492" lon="103.746412">
    <time>2024-01-01T00:29:16.665Z</time>
    <name>Point 1695</name>
  </wpt>
  <wpt lat="1.403374" lon="103.746262">
    <time>2024-01-01T00:29:17.597Z</time>
    <name>Point 1696</name>
  </wpt>
  <wpt lat="1.403250" lon="103.746160">
    <time>2024-01-01T00:29:18.381Z</time>
    <name>Point 1697</name>
  </wpt>
  <wpt lat="1.403090" lon="103.746128">
    <time>2024-01-01T00:29:19.177Z</time>
    <name>Point 1698</name>
  </wpt>
  <wpt lat="1.402875" lon="103.746048">
    <time>2024-01-01T00:29:20.297Z</time>
    <name>Point 1699</name>
  </wpt>
  <wpt lat="1.402659" lon="103.746010">
    <time>2024-01-01T00:29:21.366Z</time>
    <name>Point 1700</name>
  </wpt>
  <wpt lat="1.402443" lon="103.745972">
    <time>2024-01-01T00:29:22.435Z</time>
    <name>Point 1701</name>
  </wpt>
  <wpt lat="1.402228" lon="103.745935">
    <time>2024-01-01T00:29:23.504Z</time>
    <name>Point 1702</name>
  </wpt>
  <wpt lat="1.402012" lon="103.745897">
    <time>2024-01-01T00:29:24.574Z</time>
    <name>Point 1703</name>
  </wpt>
  <wpt lat="1.401838" lon="103.745861">
    <time>2024-01-01T00:29:25.443Z</time>
    <name>Point 1704</name>
  </wpt>
  <wpt lat="1.401663" lon="103.745825">
    <time>2024-01-01T00:29:26.313Z</time>
    <name>Point 1705</name>
  </wpt>
  <wpt lat="1.401488" lon="103.745789">
    <time>2024-01-01T00:29:27.183Z</time>
    <name>Point 1706</name>
  </wpt>
  <wpt lat="1.401314" lon="103.745753">
    <time>2024-01-01T00:29:28.053Z</time>
    <name>Point 1707</name>
  </wpt>
  <wpt lat="1.401132" lon="103.745710">
    <time>2024-01-01T00:29:28.966Z</time>
    <name>Point 1708</name>
  </wpt>
  <wpt lat="1.401084" lon="103.745817">
    <time>2024-01-01T00:29:29.538Z</time>
    <name>Point 1709</name>
  </wpt>
  <wpt lat="1.401042" lon="103.746002">
    <time>2024-01-01T00:29:30.463Z</time>
    <name>Point 1710</name>
  </wpt>
  <wpt lat="1.401001" lon="103.746187">
    <time>2024-01-01T00:29:31.389Z</time>
    <name>Point 1711</name>
  </wpt>
  <wpt lat="1.400960" lon="103.746372">
    <time>2024-01-01T00:29:32.314Z</time>
    <name>Point 1712</name>
  </wpt>
  <wpt lat="1.400918" lon="103.746557">
    <time>2024-01-01T00:29:33.240Z</time>
    <name>Point 1713</name>
  </wpt>
  <wpt lat="1.400885" lon="103.746754">
    <time>2024-01-01T00:29:34.216Z</time>
    <name>Point 1714</name>
  </wpt>
  <wpt lat="1.400851" lon="103.746952">
    <time>2024-01-01T00:29:35.193Z</time>
    <name>Point 1715</name>
  </wpt>
  <wpt lat="1.400818" lon="103.747149">
    <time>2024-01-01T00:29:36.170Z</time>
    <name>Point 1716</name>
  </wpt>
  <wpt lat="1.400784" lon="103.747346">
    <time>2024-01-01T00:29:37.147Z</time>
    <name>Point 1717</name>
  </wpt>
  <wpt lat="1.400751" lon="103.747544">
    <time>2024-01-01T00:29:38.123Z</time>
    <name>Point 1718</name>
  </wpt>
  <wpt lat="1.400717" lon="103.747741">
    <time>2024-01-01T00:29:39.100Z</time>
    <name>Point 1719</name>
  </wpt>
  <wpt lat="1.400684" lon="103.747938">
    <time>2024-01-01T00:29:40.077Z</time>
    <name>Point 1720</name>
  </wpt>
  <wpt lat="1.400650" lon="103.748136">
    <time>2024-01-01T00:29:41.054Z</time>
    <name>Point 1721</name>
  </wpt>
  <wpt lat="1.400617" lon="103.748333">
    <time>2024-01-01T00:29:42.031Z</time>
    <name>Point 1722</name>
  </wpt>
  <wpt lat="1.400558" lon="103.748596">
    <time>2024-01-01T00:29:43.346Z</time>
    <name>Point 1723</name>
  </wpt>
  <wpt lat="1.400435" lon="103.748633">
    <time>2024-01-01T00:29:43.973Z</time>
    <name>Point 1724</name>
  </wpt>
  <wpt lat="1.400194" lon="103.748542">
    <time>2024-01-01T00:29:45.231Z</time>
    <name>Point 1725</name>
  </wpt>
  <wpt lat="1.399987" lon="103.748485">
    <time>2024-01-01T00:29:46.278Z</time>
    <name>Point 1726</name>
  </wpt>
  <wpt lat="1.399780" lon="103.748428">
    <time>2024-01-01T00:29:47.326Z</time>
    <name>Point 1727</name>
  </wpt>
  <wpt lat="1.399573" lon="103.748371">
    <time>2024-01-01T00:29:48.374Z</time>
    <name>Point 1728</name>
  </wpt>
  <wpt lat="1.399366" lon="103.748314">
    <time>2024-01-01T00:29:49.422Z</time>
    <name>Point 1729</name>
  </wpt>
  <wpt lat="1.399159" lon="103.748257">
    <time>2024-01-01T00:29:50.470Z</time>
    <name>Point 1730</name>
  </wpt>
  <wpt lat="1.398952" lon="103.748201">
    <time>2024-01-01T00:29:51.518Z</time>
    <name>Point 1731</name>
  </wpt>
  <wpt lat="1.398745" lon="103.748144">
    <time>2024-01-01T00:29:52.566Z</time>
    <name>Point 1732</name>
  </wpt>
  <wpt lat="1.398538" lon="103.748087">
    <time>2024-01-01T00:29:53.614Z</time>
    <name>Point 1733</name>
  </wpt>
  <wpt lat="1.398331" lon="103.748030">
    <time>2024-01-01T00:29:54.662Z</time>
    <name>Point 1734</name>
  </wpt>
  <wpt lat="1.398124" lon="103.747973">
    <time>2024-01-01T00:29:55.710Z</time>
    <name>Point 1735</name>
  </wpt>
  <wpt lat="1.397914" lon="103.747916">
    <time>2024-01-01T00:29:56.773Z</time>
    <name>Point 1736</name>
  </wpt>
  <wpt lat="1.397704" lon="103.747859">
    <time>2024-01-01T00:29:57.836Z</time>
    <name>Point 1737</name>
  </wpt>
  <wpt lat="1.397493" lon="103.747802">
    <time>2024-01-01T00:29:58.900Z</time>
    <name>Point 1738</name>
  </wpt>
  <wpt lat="1.397283" lon="103.747744">
    <time>2024-01-01T00:29:59.963Z</time>
    <name>Point 1739</name>
  </wpt>
  <wpt lat="1.397073" lon="103.747687">
    <time>2024-01-01T00:30:01.026Z</time>
    <name>Point 1740</name>
  </wpt>
  <wpt lat="1.396863" lon="103.747630">
    <time>2024-01-01T00:30:02.090Z</time>
    <name>Point 1741</name>
  </wpt>
  <wpt lat="1.396686" lon="103.747582">
    <time>2024-01-01T00:30:02.985Z</time>
    <name>Point 1742</name>
  </wpt>
  <wpt lat="1.396509" lon="103.747534">
    <time>2024-01-01T00:30:03.881Z</time>
    <name>Point 1743</name>
  </wpt>
  <wpt lat="1.396332" lon="103.747485">
    <time>2024-01-01T00:30:04.776Z</time>
    <name>Point 1744</name>
  </wpt>
  <wpt lat="1.396155" lon="103.747437">
    <time>2024-01-01T00:30:05.672Z</time>
    <name>Point 1745</name>
  </wpt>
  <wpt lat="1.395953" lon="103.747348">
    <time>2024-01-01T00:30:06.750Z</time>
    <name>Point 1746</name>
  </wpt>
  <wpt lat="1.395751" lon="103.747258">
    <time>2024-01-01T00:30:07.828Z</time>
    <name>Point 1747</name>
  </wpt>
  <wpt lat="1.395549" lon="103.747169">
    <time>2024-01-01T00:30:08.907Z</time>
    <name>Point 1748</name>
  </wpt>
  <wpt lat="1.395391" lon="103.747081">
    <time>2024-01-01T00:30:09.788Z</time>
    <name>Point 1749</name>
  </wpt>
  <wpt lat="1.395234" lon="103.746993">
    <time>2024-01-01T00:30:10.669Z</time>
    <name>Point 1750</name>
  </wpt>
  <wpt lat="1.395076" lon="103.746905">
    <time>2024-01-01T00:30:11.550Z</time>
    <name>Point 1751</name>
  </wpt>
  <wpt lat="1.394919" lon="103.746817">
    <time>2024-01-01T00:30:12.431Z</time>
    <name>Point 1752</name>
  </wpt>
  <wpt lat="1.394761" lon="103.746729">
    <time>2024-01-01T00:30:13.312Z</time>
    <name>Point 1753</name>
  </wpt>
  <wpt lat="1.394582" lon="103.746625">
    <time>2024-01-01T00:30:14.320Z</time>
    <name>Point 1754</name>
  </wpt>
  <wpt lat="1.394404" lon="103.746522">
    <time>2024-01-01T00:30:15.328Z</time>
    <name>Point 1755</name>
  </wpt>
  <wpt lat="1.394225" lon="103.746418">
    <time>2024-01-01T00:30:16.337Z</time>
    <name>Point 1756</name>
  </wpt>
  <wpt lat="1.394045" lon="103.746293">
    <time>2024-01-01T00:30:17.406Z</time>
    <name>Point 1757</name>
  </wpt>
  <wpt lat="1.393865" lon="103.746169">
    <time>2024-01-01T00:30:18.475Z</time>
    <name>Point 1758</name>
  </wpt>
  <wpt lat="1.393684" lon="103.746044">
    <time>2024-01-01T00:30:19.545Z</time>
    <name>Point 1759</name>
  </wpt>
  <wpt lat="1.393504" lon="103.745920">
    <time>2024-01-01T00:30:20.614Z</time>
    <name>Point 1760</name>
  </wpt>
  <wpt lat="1.393324" lon="103.745795">
    <time>2024-01-01T00:30:21.684Z</time>
    <name>Point 1761</name>
  </wpt>
  <wpt lat="1.393156" lon="103.745670">
    <time>2024-01-01T00:30:22.706Z</time>
    <name>Point 1762</name>
  </wpt>
  <wpt lat="1.392988" lon="103.745545">
    <time>2024-01-01T00:30:23.728Z</time>
    <name>Point 1763</name>
  </wpt>
  <wpt lat="1.392820" lon="103.745420">
    <time>2024-01-01T00:30:24.751Z</time>
    <name>Point 1764</name>
  </wpt>
  <wpt lat="1.392428" lon="103.745248">
    <time>2024-01-01T00:30:26.840Z</time>
    <name>Point 1765</name>
  </wpt>
  <wpt lat="1.392203" lon="103.745168">
    <time>2024-01-01T00:30:28.006Z</time>
    <name>Point 1766</name>
  </wpt>
  <wpt lat="1.391956" lon="103.745130">
    <time>2024-01-01T00:30:29.226Z</time>
    <name>Point 1767</name>
  </wpt>
  <wpt lat="1.391783" lon="103.745121">
    <time>2024-01-01T00:30:30.073Z</time>
    <name>Point 1768</name>
  </wpt>
  <wpt lat="1.391609" lon="103.745112">
    <time>2024-01-01T00:30:30.920Z</time>
    <name>Point 1769</name>
  </wpt>
  <wpt lat="1.391436" lon="103.745103">
    <time>2024-01-01T00:30:31.768Z</time>
    <name>Point 1770</name>
  </wpt>
  <wpt lat="1.391157" lon="103.745125">
    <time>2024-01-01T00:30:33.134Z</time>
    <name>Point 1771</name>
  </wpt>
  <wpt lat="1.390982" lon="103.745184">
    <time>2024-01-01T00:30:34.037Z</time>
    <name>Point 1772</name>
  </wpt>
  <wpt lat="1.390806" lon="103.745243">
    <time>2024-01-01T00:30:34.941Z</time>
    <name>Point 1773</name>
  </wpt>
  <wpt lat="1.390630" lon="103.745302">
    <time>2024-01-01T00:30:35.845Z</time>
    <name>Point 1774</name>
  </wpt>
  <wpt lat="1.390455" lon="103.745361">
    <time>2024-01-01T00:30:36.749Z</time>
    <name>Point 1775</name>
  </wpt>
  <wpt lat="1.390112" lon="103.745447">
    <time>2024-01-01T00:30:38.476Z</time>
    <name>Point 1776</name>
  </wpt>
  <wpt lat="1.389904" lon="103.745515">
    <time>2024-01-01T00:30:39.544Z</time>
    <name>Point 1777</name>
  </wpt>
  <wpt lat="1.389696" lon="103.745582">
    <time>2024-01-01T00:30:40.612Z</time>
    <name>Point 1778</name>
  </wpt>
  <wpt lat="1.389487" lon="103.745650">
    <time>2024-01-01T00:30:41.681Z</time>
    <name>Point 1779</name>
  </wpt>
  <wpt lat="1.389279" lon="103.745717">
    <time>2024-01-01T00:30:42.749Z</time>
    <name>Point 1780</name>
  </wpt>
  <wpt lat="1.389071" lon="103.745785">
    <time>2024-01-01T00:30:43.818Z</time>
    <name>Point 1781</name>
  </wpt>
  <wpt lat="1.388897" lon="103.745836">
    <time>2024-01-01T00:30:44.704Z</time>
    <name>Point 1782</name>
  </wpt>
  <wpt lat="1.388723" lon="103.745887">
    <time>2024-01-01T00:30:45.591Z</time>
    <name>Point 1783</name>
  </wpt>
  <wpt lat="1.388548" lon="103.745938">
    <time>2024-01-01T00:30:46.477Z</time>
    <name>Point 1784</name>
  </wpt>
  <wpt lat="1.388374" lon="103.745989">
    <time>2024-01-01T00:30:47.364Z</time>
    <name>Point 1785</name>
  </wpt>
  <wpt lat="1.388165" lon="103.746028">
    <time>2024-01-01T00:30:48.402Z</time>
    <name>Point 1786</name>
  </wpt>
  <wpt lat="1.387956" lon="103.746066">
    <time>2024-01-01T00:30:49.440Z</time>
    <name>Point 1787</name>
  </wpt>
  <wpt lat="1.387746" lon="103.746105">
    <time>2024-01-01T00:30:50.479Z</time>
    <name>Point 1788</name>
  </wpt>
  <wpt lat="1.387537" lon="103.746143">
    <time>2024-01-01T00:30:51.517Z</time>
    <name>Point 1789</name>
  </wpt>
  <wpt lat="1.387328" lon="103.746182">
    <time>2024-01-01T00:30:52.556Z</time>
    <name>Point 1790</name>
  </wpt>
  <wpt lat="1.387156" lon="103.746200">
    <time>2024-01-01T00:30:53.398Z</time>
    <name>Point 1791</name>
  </wpt>
  <wpt lat="1.386985" lon="103.746217">
    <time>2024-01-01T00:30:54.240Z</time>
    <name>Point 1792</name>
  </wpt>
  <wpt lat="1.386813" lon="103.746235">
    <time>2024-01-01T00:30:55.083Z</time>
    <name>Point 1793</name>
  </wpt>
  <wpt lat="1.386438" lon="103.746230">
    <time>2024-01-01T00:30:56.914Z</time>
    <name>Point 1794</name>
  </wpt>
  <wpt lat="1.386265" lon="103.746216">
    <time>2024-01-01T00:30:57.763Z</time>
    <name>Point 1795</name>
  </wpt>
  <wpt lat="1.386091" lon="103.746201">
    <time>2024-01-01T00:30:58.612Z</time>
    <name>Point 1796</name>
  </wpt>
  <wpt lat="1.385918" lon="103.746187">
    <time>2024-01-01T00:30:59.461Z</time>
    <name>Point 1797</name>
  </wpt>
  <wpt lat="1.385634" lon="103.746198">
    <time>2024-01-01T00:31:00.849Z</time>
    <name>Point 1798</name>
  </wpt>
  <wpt lat="1.385312" lon="103.746273">
    <time>2024-01-01T00:31:02.463Z</time>
    <name>Point 1799</name>
  </wpt>
  <wpt lat="1.385135" lon="103.746343">
    <time>2024-01-01T00:31:03.392Z</time>
    <name>Point 1800</name>
  </wpt>
  <wpt lat="1.384958" lon="103.746386">
    <time>2024-01-01T00:31:04.281Z</time>
    <name>Point 1801</name>
  </wpt>
  <wpt lat="1.384856" lon="103.746166">
    <time>2024-01-01T00:31:05.465Z</time>
    <name>Point 1802</name>
  </wpt>
  <wpt lat="1.384792" lon="103.745983">
    <time>2024-01-01T00:31:06.410Z</time>
    <name>Point 1803</name>
  </wpt>
  <wpt lat="1.384727" lon="103.745801">
    <time>2024-01-01T00:31:07.355Z</time>
    <name>Point 1804</name>
  </wpt>
  <wpt lat="1.384663" lon="103.745618">
    <time>2024-01-01T00:31:08.300Z</time>
    <name>Point 1805</name>
  </wpt>
  <wpt lat="1.384599" lon="103.745412">
    <time>2024-01-01T00:31:09.354Z</time>
    <name>Point 1806</name>
  </wpt>
  <wpt lat="1.384534" lon="103.745206">
    <time>2024-01-01T00:31:10.408Z</time>
    <name>Point 1807</name>
  </wpt>
  <wpt lat="1.384470" lon="103.745000">
    <time>2024-01-01T00:31:11.462Z</time>
    <name>Point 1808</name>
  </wpt>
  <wpt lat="1.384405" lon="103.744793">
    <time>2024-01-01T00:31:12.516Z</time>
    <name>Point 1809</name>
  </wpt>
  <wpt lat="1.384341" lon="103.744587">
    <time>2024-01-01T00:31:13.570Z</time>
    <name>Point 1810</name>
  </wpt>
  <wpt lat="1.384276" lon="103.744381">
    <time>2024-01-01T00:31:14.624Z</time>
    <name>Point 1811</name>
  </wpt>
  <wpt lat="1.384212" lon="103.744175">
    <time>2024-01-01T00:31:15.679Z</time>
    <name>Point 1812</name>
  </wpt>
  <wpt lat="1.384150" lon="103.743963">
    <time>2024-01-01T00:31:16.759Z</time>
    <name>Point 1813</name>
  </wpt>
  <wpt lat="1.384088" lon="103.743750">
    <time>2024-01-01T00:31:17.839Z</time>
    <name>Point 1814</name>
  </wpt>
  <wpt lat="1.384025" lon="103.743538">
    <time>2024-01-01T00:31:18.919Z</time>
    <name>Point 1815</name>
  </wpt>
  <wpt lat="1.383963" lon="103.743325">
    <time>2024-01-01T00:31:19.999Z</time>
    <name>Point 1816</name>
  </wpt>
  <wpt lat="1.383901" lon="103.743113">
    <time>2024-01-01T00:31:21.079Z</time>
    <name>Point 1817</name>
  </wpt>
  <wpt lat="1.383821" lon="103.742743">
    <time>2024-01-01T00:31:22.927Z</time>
    <name>Point 1818</name>
  </wpt>
  <wpt lat="1.383789" lon="103.742545">
    <time>2024-01-01T00:31:23.906Z</time>
    <name>Point 1819</name>
  </wpt>
  <wpt lat="1.383746" lon="103.742330">
    <time>2024-01-01T00:31:24.976Z</time>
    <name>Point 1820</name>
  </wpt>
  <wpt lat="1.383692" lon="103.741981">
    <time>2024-01-01T00:31:26.699Z</time>
    <name>Point 1821</name>
  </wpt>
  <wpt lat="1.383655" lon="103.741778">
    <time>2024-01-01T00:31:27.706Z</time>
    <name>Point 1822</name>
  </wpt>
  <wpt lat="1.383526" lon="103.741456">
    <time>2024-01-01T00:31:29.399Z</time>
    <name>Point 1823</name>
  </wpt>
  <wpt lat="1.383413" lon="103.741305">
    <time>2024-01-01T00:31:30.320Z</time>
    <name>Point 1824</name>
  </wpt>
  <wpt lat="1.383263" lon="103.741161">
    <time>2024-01-01T00:31:31.335Z</time>
    <name>Point 1825</name>
  </wpt>
  <wpt lat="1.383114" lon="103.741012">
    <time>2024-01-01T00:31:32.362Z</time>
    <name>Point 1826</name>
  </wpt>
  <wpt lat="1.382965" lon="103.740863">
    <time>2024-01-01T00:31:33.390Z</time>
    <name>Point 1827</name>
  </wpt>
  <wpt lat="1.382816" lon="103.740714">
    <time>2024-01-01T00:31:34.417Z</time>
    <name>Point 1828</name>
  </wpt>
  <wpt lat="1.382668" lon="103.740565">
    <time>2024-01-01T00:31:35.445Z</time>
    <name>Point 1829</name>
  </wpt>
  <wpt lat="1.382519" lon="103.740416">
    <time>2024-01-01T00:31:36.472Z</time>
    <name>Point 1830</name>
  </wpt>
  <wpt lat="1.382370" lon="103.740268">
    <time>2024-01-01T00:31:37.500Z</time>
    <name>Point 1831</name>
  </wpt>
  <wpt lat="1.382221" lon="103.740119">
    <time>2024-01-01T00:31:38.528Z</time>
    <name>Point 1832</name>
  </wpt>
  <wpt lat="1.382072" lon="103.739970">
    <time>2024-01-01T00:31:39.555Z</time>
    <name>Point 1833</name>
  </wpt>
  <wpt lat="1.381924" lon="103.739821">
    <time>2024-01-01T00:31:40.583Z</time>
    <name>Point 1834</name>
  </wpt>
  <wpt lat="1.381775" lon="103.739672">
    <time>2024-01-01T00:31:41.610Z</time>
    <name>Point 1835</name>
  </wpt>
  <wpt lat="1.381626" lon="103.739523">
    <time>2024-01-01T00:31:42.638Z</time>
    <name>Point 1836</name>
  </wpt>
  <wpt lat="1.381477" lon="103.739374">
    <time>2024-01-01T00:31:43.666Z</time>
    <name>Point 1837</name>
  </wpt>
  <wpt lat="1.381327" lon="103.739214">
    <time>2024-01-01T00:31:44.736Z</time>
    <name>Point 1838</name>
  </wpt>
  <wpt lat="1.381177" lon="103.739054">
    <time>2024-01-01T00:31:45.806Z</time>
    <name>Point 1839</name>
  </wpt>
  <wpt lat="1.381027" lon="103.738895">
    <time>2024-01-01T00:31:46.876Z</time>
    <name>Point 1840</name>
  </wpt>
  <wpt lat="1.380876" lon="103.738735">
    <time>2024-01-01T00:31:47.946Z</time>
    <name>Point 1841</name>
  </wpt>
  <wpt lat="1.380726" lon="103.738575">
    <time>2024-01-01T00:31:49.017Z</time>
    <name>Point 1842</name>
  </wpt>
  <wpt lat="1.380576" lon="103.738415">
    <time>2024-01-01T00:31:50.087Z</time>
    <name>Point 1843</name>
  </wpt>
  <wpt lat="1.380426" lon="103.738256">
    <time>2024-01-01T00:31:51.157Z</time>
    <name>Point 1844</name>
  </wpt>
  <wpt lat="1.380276" lon="103.738096">
    <time>2024-01-01T00:31:52.227Z</time>
    <name>Point 1845</name>
  </wpt>
  <wpt lat="1.380126" lon="103.737936">
    <time>2024-01-01T00:31:53.297Z</time>
    <name>Point 1846</name>
  </wpt>
  <wpt lat="1.379976" lon="103.737776">
    <time>2024-01-01T00:31:54.368Z</time>
    <name>Point 1847</name>
  </wpt>
  <wpt lat="1.379825" lon="103.737616">
    <time>2024-01-01T00:31:55.438Z</time>
    <name>Point 1848</name>
  </wpt>
  <wpt lat="1.379675" lon="103.737457">
    <time>2024-01-01T00:31:56.508Z</time>
    <name>Point 1849</name>
  </wpt>
  <wpt lat="1.379525" lon="103.737297">
    <time>2024-01-01T00:31:57.578Z</time>
    <name>Point 1850</name>
  </wpt>
  <wpt lat="1.379375" lon="103.737137">
    <time>2024-01-01T00:31:58.649Z</time>
    <name>Point 1851</name>
  </wpt>
  <wpt lat="1.379107" lon="103.736869">
    <time>2024-01-01T00:32:00.499Z</time>
    <name>Point 1852</name>
  </wpt>
  <wpt lat="1.378882" lon="103.736671">
    <time>2024-01-01T00:32:01.962Z</time>
    <name>Point 1853</name>
  </wpt>
  <wpt lat="1.378667" lon="103.736596">
    <time>2024-01-01T00:32:03.074Z</time>
    <name>Point 1854</name>
  </wpt>
  <wpt lat="1.378469" lon="103.736590">
    <time>2024-01-01T00:32:04.041Z</time>
    <name>Point 1855</name>
  </wpt>
  <wpt lat="1.378297" lon="103.736617">
    <time>2024-01-01T00:32:04.891Z</time>
    <name>Point 1856</name>
  </wpt>
  <wpt lat="1.378029" lon="103.736692">
    <time>2024-01-01T00:32:06.249Z</time>
    <name>Point 1857</name>
  </wpt>
  <wpt lat="1.377857" lon="103.736767">
    <time>2024-01-01T00:32:07.165Z</time>
    <name>Point 1858</name>
  </wpt>
  <wpt lat="1.377605" lon="103.736982">
    <time>2024-01-01T00:32:08.782Z</time>
    <name>Point 1859</name>
  </wpt>
  <wpt lat="1.377461" lon="103.737041">
    <time>2024-01-01T00:32:09.542Z</time>
    <name>Point 1860</name>
  </wpt>
  <wpt lat="1.377402" lon="103.737148">
    <time>2024-01-01T00:32:10.138Z</time>
    <name>Point 1861</name>
  </wpt>
  <wpt lat="1.377552" lon="103.737406">
    <time>2024-01-01T00:32:11.595Z</time>
    <name>Point 1862</name>
  </wpt>
  <wpt lat="1.377669" lon="103.737578">
    <time>2024-01-01T00:32:12.610Z</time>
    <name>Point 1863</name>
  </wpt>
  <wpt lat="1.377786" lon="103.737750">
    <time>2024-01-01T00:32:13.626Z</time>
    <name>Point 1864</name>
  </wpt>
  <wpt lat="1.377903" lon="103.737923">
    <time>2024-01-01T00:32:14.642Z</time>
    <name>Point 1865</name>
  </wpt>
  <wpt lat="1.378020" lon="103.738095">
    <time>2024-01-01T00:32:15.658Z</time>
    <name>Point 1866</name>
  </wpt>
  <wpt lat="1.378137" lon="103.738267">
    <time>2024-01-01T00:32:16.674Z</time>
    <name>Point 1867</name>
  </wpt>
  <wpt lat="1.378253" lon="103.738439">
    <time>2024-01-01T00:32:17.689Z</time>
    <name>Point 1868</name>
  </wpt>
  <wpt lat="1.378370" lon="103.738611">
    <time>2024-01-01T00:32:18.705Z</time>
    <name>Point 1869</name>
  </wpt>
  <wpt lat="1.378487" lon="103.738784">
    <time>2024-01-01T00:32:19.721Z</time>
    <name>Point 1870</name>
  </wpt>
  <wpt lat="1.378604" lon="103.738956">
    <time>2024-01-01T00:32:20.737Z</time>
    <name>Point 1871</name>
  </wpt>
  <wpt lat="1.378721" lon="103.739128">
    <time>2024-01-01T00:32:21.753Z</time>
    <name>Point 1872</name>
  </wpt>
  <wpt lat="1.378807" lon="103.739283">
    <time>2024-01-01T00:32:22.618Z</time>
    <name>Point 1873</name>
  </wpt>
  <wpt lat="1.378931" lon="103.739464">
    <time>2024-01-01T00:32:23.691Z</time>
    <name>Point 1874</name>
  </wpt>
  <wpt lat="1.379056" lon="103.739645">
    <time>2024-01-01T00:32:24.764Z</time>
    <name>Point 1875</name>
  </wpt>
  <wpt lat="1.379180" lon="103.739827">
    <time>2024-01-01T00:32:25.837Z</time>
    <name>Point 1876</name>
  </wpt>
  <wpt lat="1.379305" lon="103.740008">
    <time>2024-01-01T00:32:26.910Z</time>
    <name>Point 1877</name>
  </wpt>
  <wpt lat="1.379429" lon="103.740189">
    <time>2024-01-01T00:32:27.983Z</time>
    <name>Point 1878</name>
  </wpt>
  <wpt lat="1.379554" lon="103.740370">
    <time>2024-01-01T00:32:29.056Z</time>
    <name>Point 1879</name>
  </wpt>
  <wpt lat="1.379678" lon="103.740552">
    <time>2024-01-01T00:32:30.129Z</time>
    <name>Point 1880</name>
  </wpt>
  <wpt lat="1.379803" lon="103.740733">
    <time>2024-01-01T00:32:31.202Z</time>
    <name>Point 1881</name>
  </wpt>
  <wpt lat="1.379927" lon="103.740914">
    <time>2024-01-01T00:32:32.275Z</time>
    <name>Point 1882</name>
  </wpt>
  <wpt lat="1.380044" lon="103.741090">
    <time>2024-01-01T00:32:33.306Z</time>
    <name>Point 1883</name>
  </wpt>
  <wpt lat="1.380161" lon="103.741266">
    <time>2024-01-01T00:32:34.337Z</time>
    <name>Point 1884</name>
  </wpt>
  <wpt lat="1.380278" lon="103.741442">
    <time>2024-01-01T00:32:35.369Z</time>
    <name>Point 1885</name>
  </wpt>
  <wpt lat="1.380395" lon="103.741618">
    <time>2024-01-01T00:32:36.400Z</time>
    <name>Point 1886</name>
  </wpt>
  <wpt lat="1.380512" lon="103.741794">
    <time>2024-01-01T00:32:37.432Z</time>
    <name>Point 1887</name>
  </wpt>
  <wpt lat="1.380634" lon="103.741967">
    <time>2024-01-01T00:32:38.461Z</time>
    <name>Point 1888</name>
  </wpt>
  <wpt lat="1.380755" lon="103.742139">
    <time>2024-01-01T00:32:39.491Z</time>
    <name>Point 1889</name>
  </wpt>
  <wpt lat="1.380876" lon="103.742311">
    <time>2024-01-01T00:32:40.521Z</time>
    <name>Point 1890</name>
  </wpt>
  <wpt lat="1.380998" lon="103.742484">
    <time>2024-01-01T00:32:41.551Z</time>
    <name>Point 1891</name>
  </wpt>
  <wpt lat="1.381120" lon="103.742656">
    <time>2024-01-01T00:32:42.581Z</time>
    <name>Point 1892</name>
  </wpt>
  <wpt lat="1.381241" lon="103.742829">
    <time>2024-01-01T00:32:43.611Z</time>
    <name>Point 1893</name>
  </wpt>
  <wpt lat="1.381408" lon="103.743103">
    <time>2024-01-01T00:32:45.177Z</time>
    <name>Point 1894</name>
  </wpt>
  <wpt lat="1.381520" lon="103.743253">
    <time>2024-01-01T00:32:46.091Z</time>
    <name>Point 1895</name>
  </wpt>
  <wpt lat="1.381547" lon="103.743349">
    <time>2024-01-01T00:32:46.578Z</time>
    <name>Point 1896</name>
  </wpt>
  <wpt lat="1.381413" lon="103.743451">
    <time>2024-01-01T00:32:47.400Z</time>
    <name>Point 1897</name>
  </wpt>
  <wpt lat="1.381161" lon="103.743618">
    <time>2024-01-01T00:32:48.875Z</time>
    <name>Point 1898</name>
  </wpt>
  <wpt lat="1.381027" lon="103.743789">
    <time>2024-01-01T00:32:49.937Z</time>
    <name>Point 1899</name>
  </wpt>
  <wpt lat="1.380893" lon="103.743961">
    <time>2024-01-01T00:32:51.000Z</time>
    <name>Point 1900</name>
  </wpt>
  <wpt lat="1.380759" lon="103.744133">
    <time>2024-01-01T00:32:52.062Z</time>
    <name>Point 1901</name>
  </wpt>
  <wpt lat="1.380625" lon="103.744304">
    <time>2024-01-01T00:32:53.125Z</time>
    <name>Point 1902</name>
  </wpt>
  <wpt lat="1.380530" lon="103.744481">
    <time>2024-01-01T00:32:54.105Z</time>
    <name>Point 1903</name>
  </wpt>
  <wpt lat="1.380435" lon="103.744658">
    <time>2024-01-01T00:32:55.085Z</time>
    <name>Point 1904</name>
  </wpt>
  <wpt lat="1.380340" lon="103.744835">
    <time>2024-01-01T00:32:56.066Z</time>
    <name>Point 1905</name>
  </wpt>
  <wpt lat="1.380260" lon="103.745019">
    <time>2024-01-01T00:32:57.044Z</time>
    <name>Point 1906</name>
  </wpt>
  <wpt lat="1.380179" lon="103.745203">
    <time>2024-01-01T00:32:58.023Z</time>
    <name>Point 1907</name>
  </wpt>
  <wpt lat="1.380099" lon="103.745386">
    <time>2024-01-01T00:32:59.002Z</time>
    <name>Point 1908</name>
  </wpt>
  <wpt lat="1.380018" lon="103.745570">
    <time>2024-01-01T00:32:59.981Z</time>
    <name>Point 1909</name>
  </wpt>
  <wpt lat="1.379938" lon="103.745754">
    <time>2024-01-01T00:33:00.960Z</time>
    <name>Point 1910</name>
  </wpt>
  <wpt lat="1.379858" lon="103.745937">
    <time>2024-01-01T00:33:01.939Z</time>
    <name>Point 1911</name>
  </wpt>
  <wpt lat="1.379777" lon="103.746121">
    <time>2024-01-01T00:33:02.918Z</time>
    <name>Point 1912</name>
  </wpt>
  <wpt lat="1.379697" lon="103.746305">
    <time>2024-01-01T00:33:03.897Z</time>
    <name>Point 1913</name>
  </wpt>
  <wpt lat="1.379618" lon="103.746493">
    <time>2024-01-01T00:33:04.891Z</time>
    <name>Point 1914</name>
  </wpt>
  <wpt lat="1.379539" lon="103.746680">
    <time>2024-01-01T00:33:05.886Z</time>
    <name>Point 1915</name>
  </wpt>
  <wpt lat="1.379459" lon="103.746868">
    <time>2024-01-01T00:33:06.880Z</time>
    <name>Point 1916</name>
  </wpt>
  <wpt lat="1.379380" lon="103.747056">
    <time>2024-01-01T00:33:07.875Z</time>
    <name>Point 1917</name>
  </wpt>
  <wpt lat="1.379292" lon="103.747255">
    <time>2024-01-01T00:33:08.938Z</time>
    <name>Point 1918</name>
  </wpt>
  <wpt lat="1.379204" lon="103.747455">
    <time>2024-01-01T00:33:10.001Z</time>
    <name>Point 1919</name>
  </wpt>
  <wpt lat="1.379116" lon="103.747654">
    <time>2024-01-01T00:33:11.064Z</time>
    <name>Point 1920</name>
  </wpt>
  <wpt lat="1.379028" lon="103.747853">
    <time>2024-01-01T00:33:12.128Z</time>
    <name>Point 1921</name>
  </wpt>
  <wpt lat="1.378940" lon="103.748052">
    <time>2024-01-01T00:33:13.191Z</time>
    <name>Point 1922</name>
  </wpt>
  <wpt lat="1.378852" lon="103.748252">
    <time>2024-01-01T00:33:14.254Z</time>
    <name>Point 1923</name>
  </wpt>
  <wpt lat="1.378764" lon="103.748451">
    <time>2024-01-01T00:33:15.318Z</time>
    <name>Point 1924</name>
  </wpt>
  <wpt lat="1.378918" lon="103.748557">
    <time>2024-01-01T00:33:16.230Z</time>
    <name>Point 1925</name>
  </wpt>
  <wpt lat="1.379072" lon="103.748663">
    <time>2024-01-01T00:33:17.143Z</time>
    <name>Point 1926</name>
  </wpt>
  <wpt lat="1.379226" lon="103.748769">
    <time>2024-01-01T00:33:18.055Z</time>
    <name>Point 1927</name>
  </wpt>
  <wpt lat="1.379380" lon="103.748875">
    <time>2024-01-01T00:33:18.968Z</time>
    <name>Point 1928</name>
  </wpt>
  <wpt lat="1.379558" lon="103.748958">
    <time>2024-01-01T00:33:19.925Z</time>
    <name>Point 1929</name>
  </wpt>
  <wpt lat="1.379736" lon="103.749040">
    <time>2024-01-01T00:33:20.882Z</time>
    <name>Point 1930</name>
  </wpt>
  <wpt lat="1.379914" lon="103.749123">
    <time>2024-01-01T00:33:21.840Z</time>
    <name>Point 1931</name>
  </wpt>
  <wpt lat="1.380091" lon="103.749206">
    <time>2024-01-01T00:33:22.797Z</time>
    <name>Point 1932</name>
  </wpt>
  <wpt lat="1.380269" lon="103.749289">
    <time>2024-01-01T00:33:23.755Z</time>
    <name>Point 1933</name>
  </wpt>
  <wpt lat="1.380447" lon="103.749371">
    <time>2024-01-01T00:33:24.712Z</time>
    <name>Point 1934</name>
  </wpt>
  <wpt lat="1.380625" lon="103.749454">
    <time>2024-01-01T00:33:25.670Z</time>
    <name>Point 1935</name>
  </wpt>
  <wpt lat="1.380809" lon="103.749540">
    <time>2024-01-01T00:33:26.660Z</time>
    <name>Point 1936</name>
  </wpt>
  <wpt lat="1.380993" lon="103.749626">
    <time>2024-01-01T00:33:27.651Z</time>
    <name>Point 1937</name>
  </wpt>
  <wpt lat="1.381177" lon="103.749712">
    <time>2024-01-01T00:33:28.641Z</time>
    <name>Point 1938</name>
  </wpt>
  <wpt lat="1.381360" lon="103.749797">
    <time>2024-01-01T00:33:29.632Z</time>
    <name>Point 1939</name>
  </wpt>
  <wpt lat="1.381544" lon="103.749883">
    <time>2024-01-01T00:33:30.622Z</time>
    <name>Point 1940</name>
  </wpt>
  <wpt lat="1.381728" lon="103.749969">
    <time>2024-01-01T00:33:31.613Z</time>
    <name>Point 1941</name>
  </wpt>
  <wpt lat="1.381912" lon="103.750055">
    <time>2024-01-01T00:33:32.604Z</time>
    <name>Point 1942</name>
  </wpt>
  <wpt lat="1.382148" lon="103.750312">
    <time>2024-01-01T00:33:34.307Z</time>
    <name>Point 1943</name>
  </wpt>
  <wpt lat="1.382062" lon="103.750492">
    <time>2024-01-01T00:33:35.279Z</time>
    <name>Point 1944</name>
  </wpt>
  <wpt lat="1.381976" lon="103.750671">
    <time>2024-01-01T00:33:36.252Z</time>
    <name>Point 1945</name>
  </wpt>
  <wpt lat="1.381890" lon="103.750851">
    <time>2024-01-01T00:33:37.224Z</time>
    <name>Point 1946</name>
  </wpt>
  <wpt lat="1.381804" lon="103.751031">
    <time>2024-01-01T00:33:38.197Z</time>
    <name>Point 1947</name>
  </wpt>
  <wpt lat="1.381765" lon="103.751185">
    <time>2024-01-01T00:33:38.972Z</time>
    <name>Point 1948</name>
  </wpt>
  <wpt lat="1.381726" lon="103.751339">
    <time>2024-01-01T00:33:39.747Z</time>
    <name>Point 1949</name>
  </wpt>
  <wpt lat="1.381687" lon="103.751493">
    <time>2024-01-01T00:33:40.523Z</time>
    <name>Point 1950</name>
  </wpt>
  <wpt lat="1.381676" lon="103.751879">
    <time>2024-01-01T00:33:42.408Z</time>
    <name>Point 1951</name>
  </wpt>
  <wpt lat="1.381751" lon="103.752201">
    <time>2024-01-01T00:33:44.021Z</time>
    <name>Point 1952</name>
  </wpt>
  <wpt lat="1.381783" lon="103.752544">
    <time>2024-01-01T00:33:45.703Z</time>
    <name>Point 1953</name>
  </wpt>
  <wpt lat="1.381697" lon="103.752812">
    <time>2024-01-01T00:33:47.076Z</time>
    <name>Point 1954</name>
  </wpt>
  <wpt lat="1.381638" lon="103.752978">
    <time>2024-01-01T00:33:47.937Z</time>
    <name>Point 1955</name>
  </wpt>
  <wpt lat="1.381579" lon="103.753145">
    <time>2024-01-01T00:33:48.798Z</time>
    <name>Point 1956</name>
  </wpt>
  <wpt lat="1.381520" lon="103.753311">
    <time>2024-01-01T00:33:49.659Z</time>
    <name>Point 1957</name>
  </wpt>
  <wpt lat="1.381461" lon="103.753477">
    <time>2024-01-01T00:33:50.520Z</time>
    <name>Point 1958</name>
  </wpt>
  <wpt lat="1.381390" lon="103.753674">
    <time>2024-01-01T00:33:51.543Z</time>
    <name>Point 1959</name>
  </wpt>
  <wpt lat="1.381319" lon="103.753872">
    <time>2024-01-01T00:33:52.566Z</time>
    <name>Point 1960</name>
  </wpt>
  <wpt lat="1.381249" lon="103.754069">
    <time>2024-01-01T00:33:53.590Z</time>
    <name>Point 1961</name>
  </wpt>
  <wpt lat="1.381178" lon="103.754267">
    <time>2024-01-01T00:33:54.613Z</time>
    <name>Point 1962</name>
  </wpt>
  <wpt lat="1.381107" lon="103.754464">
    <time>2024-01-01T00:33:55.637Z</time>
    <name>Point 1963</name>
  </wpt>
  <wpt lat="1.381040" lon="103.754668">
    <time>2024-01-01T00:33:56.685Z</time>
    <name>Point 1964</name>
  </wpt>
  <wpt lat="1.380973" lon="103.754872">
    <time>2024-01-01T00:33:57.733Z</time>
    <name>Point 1965</name>
  </wpt>
  <wpt lat="1.380906" lon="103.755076">
    <time>2024-01-01T00:33:58.781Z</time>
    <name>Point 1966</name>
  </wpt>
  <wpt lat="1.380839" lon="103.755280">
    <time>2024-01-01T00:33:59.829Z</time>
    <name>Point 1967</name>
  </wpt>
  <wpt lat="1.380750" lon="103.755409">
    <time>2024-01-01T00:34:00.593Z</time>
    <name>Point 1968</name>
  </wpt>
  <wpt lat="1.380660" lon="103.755537">
    <time>2024-01-01T00:34:01.358Z</time>
    <name>Point 1969</name>
  </wpt>
  <wpt lat="1.380571" lon="103.755666">
    <time>2024-01-01T00:34:02.123Z</time>
    <name>Point 1970</name>
  </wpt>
  <wpt lat="1.380239" lon="103.755913">
    <time>2024-01-01T00:34:04.143Z</time>
    <name>Point 1971</name>
  </wpt>
  <wpt lat="1.379885" lon="103.756084">
    <time>2024-01-01T00:34:06.062Z</time>
    <name>Point 1972</name>
  </wpt>
  <wpt lat="1.379563" lon="103.756192">
    <time>2024-01-01T00:34:07.720Z</time>
    <name>Point 1973</name>
  </wpt>
  <wpt lat="1.379391" lon="103.756221">
    <time>2024-01-01T00:34:08.569Z</time>
    <name>Point 1974</name>
  </wpt>
  <wpt lat="1.379220" lon="103.756249">
    <time>2024-01-01T00:34:09.419Z</time>
    <name>Point 1975</name>
  </wpt>
  <wpt lat="1.379048" lon="103.756278">
    <time>2024-01-01T00:34:10.269Z</time>
    <name>Point 1976</name>
  </wpt>
  <wpt lat="1.378884" lon="103.756281">
    <time>2024-01-01T00:34:11.071Z</time>
    <name>Point 1977</name>
  </wpt>
  <wpt lat="1.378719" lon="103.756285">
    <time>2024-01-01T00:34:11.873Z</time>
    <name>Point 1978</name>
  </wpt>
  <wpt lat="1.378555" lon="103.756288">
    <time>2024-01-01T00:34:12.676Z</time>
    <name>Point 1979</name>
  </wpt>
  <wpt lat="1.378308" lon="103.756192">
    <time>2024-01-01T00:34:13.969Z</time>
    <name>Point 1980</name>
  </wpt>
  <wpt lat="1.378072" lon="103.756149">
    <time>2024-01-01T00:34:15.140Z</time>
    <name>Point 1981</name>
  </wpt>
  <wpt lat="1.377782" lon="103.756160">
    <time>2024-01-01T00:34:16.557Z</time>
    <name>Point 1982</name>
  </wpt>
  <wpt lat="1.377536" lon="103.756213">
    <time>2024-01-01T00:34:17.786Z</time>
    <name>Point 1983</name>
  </wpt>
  <wpt lat="1.377557" lon="103.756438">
    <time>2024-01-01T00:34:18.888Z</time>
    <name>Point 1984</name>
  </wpt>
  <wpt lat="1.377646" lon="103.756610">
    <time>2024-01-01T00:34:19.832Z</time>
    <name>Point 1985</name>
  </wpt>
  <wpt lat="1.377736" lon="103.756781">
    <time>2024-01-01T00:34:20.777Z</time>
    <name>Point 1986</name>
  </wpt>
  <wpt lat="1.377825" lon="103.756953">
    <time>2024-01-01T00:34:21.722Z</time>
    <name>Point 1987</name>
  </wpt>
  <wpt lat="1.377915" lon="103.757110">
    <time>2024-01-01T00:34:22.604Z</time>
    <name>Point 1988</name>
  </wpt>
  <wpt lat="1.378005" lon="103.757267">
    <time>2024-01-01T00:34:23.487Z</time>
    <name>Point 1989</name>
  </wpt>
  <wpt lat="1.378096" lon="103.757423">
    <time>2024-01-01T00:34:24.370Z</time>
    <name>Point 1990</name>
  </wpt>
  <wpt lat="1.378186" lon="103.757580">
    <time>2024-01-01T00:34:25.253Z</time>
    <name>Point 1991</name>
  </wpt>
  <wpt lat="1.378276" lon="103.757737">
    <time>2024-01-01T00:34:26.136Z</time>
    <name>Point 1992</name>
  </wpt>
  <wpt lat="1.378349" lon="103.757924">
    <time>2024-01-01T00:34:27.113Z</time>
    <name>Point 1993</name>
  </wpt>
  <wpt lat="1.378422" lon="103.758110">
    <time>2024-01-01T00:34:28.091Z</time>
    <name>Point 1994</name>
  </wpt>
  <wpt lat="1.378494" lon="103.758297">
    <time>2024-01-01T00:34:29.068Z</time>
    <name>Point 1995</name>
  </wpt>
  <wpt lat="1.378567" lon="103.758483">
    <time>2024-01-01T00:34:30.046Z</time>
    <name>Point 1996</name>
  </wpt>
  <wpt lat="1.378640" lon="103.758670">
    <time>2024-01-01T00:34:31.024Z</time>
    <name>Point 1997</name>
  </wpt>
  <wpt lat="1.378721" lon="103.758877">
    <time>2024-01-01T00:34:32.110Z</time>
    <name>Point 1998</name>
  </wpt>
  <wpt lat="1.378801" lon="103.759085">
    <time>2024-01-01T00:34:33.196Z</time>
    <name>Point 1999</name>
  </wpt>
  <wpt lat="1.378882" lon="103.759293">
    <time>2024-01-01T00:34:34.283Z</time>
    <name>Point 2000</name>
  </wpt>
  <wpt lat="1.378962" lon="103.759500">
    <time>2024-01-01T00:34:35.369Z</time>
    <name>Point 2001</name>
  </wpt>
  <wpt lat="1.379043" lon="103.759708">
    <time>2024-01-01T00:34:36.455Z</time>
    <name>Point 2002</name>
  </wpt>
  <wpt lat="1.379123" lon="103.759915">
    <time>2024-01-01T00:34:37.542Z</time>
    <name>Point 2003</name>
  </wpt>
  <wpt lat="1.379220" lon="103.760117">
    <time>2024-01-01T00:34:38.633Z</time>
    <name>Point 2004</name>
  </wpt>
  <wpt lat="1.379316" lon="103.760318">
    <time>2024-01-01T00:34:39.724Z</time>
    <name>Point 2005</name>
  </wpt>
  <wpt lat="1.379413" lon="103.760520">
    <time>2024-01-01T00:34:40.815Z</time>
    <name>Point 2006</name>
  </wpt>
  <wpt lat="1.379509" lon="103.760721">
    <time>2024-01-01T00:34:41.906Z</time>
    <name>Point 2007</name>
  </wpt>
  <wpt lat="1.379606" lon="103.760923">
    <time>2024-01-01T00:34:42.997Z</time>
    <name>Point 2008</name>
  </wpt>
  <wpt lat="1.379713" lon="103.761148">
    <time>2024-01-01T00:34:44.213Z</time>
    <name>Point 2009</name>
  </wpt>
  <wpt lat="1.379788" lon="103.761352">
    <time>2024-01-01T00:34:45.273Z</time>
    <name>Point 2010</name>
  </wpt>
  <wpt lat="1.379885" lon="103.761549">
    <time>2024-01-01T00:34:46.342Z</time>
    <name>Point 2011</name>
  </wpt>
  <wpt lat="1.379981" lon="103.761745">
    <time>2024-01-01T00:34:47.412Z</time>
    <name>Point 2012</name>
  </wpt>
  <wpt lat="1.380078" lon="103.761942">
    <time>2024-01-01T00:34:48.482Z</time>
    <name>Point 2013</name>
  </wpt>
  <wpt lat="1.380155" lon="103.762114">
    <time>2024-01-01T00:34:49.401Z</time>
    <name>Point 2014</name>
  </wpt>
  <wpt lat="1.380232" lon="103.762286">
    <time>2024-01-01T00:34:50.320Z</time>
    <name>Point 2015</name>
  </wpt>
  <wpt lat="1.380310" lon="103.762457">
    <time>2024-01-01T00:34:51.239Z</time>
    <name>Point 2016</name>
  </wpt>
  <wpt lat="1.380387" lon="103.762629">
    <time>2024-01-01T00:34:52.158Z</time>
    <name>Point 2017</name>
  </wpt>
  <wpt lat="1.380464" lon="103.762801">
    <time>2024-01-01T00:34:53.078Z</time>
    <name>Point 2018</name>
  </wpt>
  <wpt lat="1.380678" lon="103.763123">
    <time>2024-01-01T00:34:54.965Z</time>
    <name>Point 2019</name>
  </wpt>
  <wpt lat="1.380914" lon="103.763241">
    <time>2024-01-01T00:34:56.253Z</time>
    <name>Point 2020</name>
  </wpt>
  <wpt lat="1.381129" lon="103.763294">
    <time>2024-01-01T00:34:57.334Z</time>
    <name>Point 2021</name>
  </wpt>
  <wpt lat="1.381318" lon="103.763180">
    <time>2024-01-01T00:34:58.413Z</time>
    <name>Point 2022</name>
  </wpt>
  <wpt lat="1.381508" lon="103.763065">
    <time>2024-01-01T00:34:59.493Z</time>
    <name>Point 2023</name>
  </wpt>
  <wpt lat="1.381697" lon="103.762951">
    <time>2024-01-01T00:35:00.573Z</time>
    <name>Point 2024</name>
  </wpt>
  <wpt lat="1.381890" lon="103.762859">
    <time>2024-01-01T00:35:01.618Z</time>
    <name>Point 2025</name>
  </wpt>
  <wpt lat="1.382083" lon="103.762767">
    <time>2024-01-01T00:35:02.663Z</time>
    <name>Point 2026</name>
  </wpt>
  <wpt lat="1.382277" lon="103.762674">
    <time>2024-01-01T00:35:03.708Z</time>
    <name>Point 2027</name>
  </wpt>
  <wpt lat="1.382470" lon="103.762582">
    <time>2024-01-01T00:35:04.753Z</time>
    <name>Point 2028</name>
  </wpt>
  <wpt lat="1.382663" lon="103.762490">
    <time>2024-01-01T00:35:05.798Z</time>
    <name>Point 2029</name>
  </wpt>
  <wpt lat="1.383092" lon="103.762361">
    <time>2024-01-01T00:35:07.985Z</time>
    <name>Point 2030</name>
  </wpt>
  <wpt lat="1.383260" lon="103.762336">
    <time>2024-01-01T00:35:08.814Z</time>
    <name>Point 2031</name>
  </wpt>
  <wpt lat="1.383428" lon="103.762311">
    <time>2024-01-01T00:35:09.643Z</time>
    <name>Point 2032</name>
  </wpt>
  <wpt lat="1.383596" lon="103.762286">
    <time>2024-01-01T00:35:10.472Z</time>
    <name>Point 2033</name>
  </wpt>
  <wpt lat="1.383782" lon="103.762311">
    <time>2024-01-01T00:35:11.386Z</time>
    <name>Point 2034</name>
  </wpt>
  <wpt lat="1.383967" lon="103.762336">
    <time>2024-01-01T00:35:12.301Z</time>
    <name>Point 2035</name>
  </wpt>
  <wpt lat="1.384153" lon="103.762361">
    <time>2024-01-01T00:35:13.216Z</time>
    <name>Point 2036</name>
  </wpt>
  <wpt lat="1.384346" lon="103.762407">
    <time>2024-01-01T00:35:14.186Z</time>
    <name>Point 2037</name>
  </wpt>
  <wpt lat="1.384540" lon="103.762454">
    <time>2024-01-01T00:35:15.157Z</time>
    <name>Point 2038</name>
  </wpt>
  <wpt lat="1.384733" lon="103.762500">
    <time>2024-01-01T00:35:16.128Z</time>
    <name>Point 2039</name>
  </wpt>
  <wpt lat="1.384899" lon="103.762640">
    <time>2024-01-01T00:35:17.187Z</time>
    <name>Point 2040</name>
  </wpt>
  <wpt lat="1.385066" lon="103.762779">
    <time>2024-01-01T00:35:18.246Z</time>
    <name>Point 2041</name>
  </wpt>
  <wpt lat="1.385232" lon="103.762918">
    <time>2024-01-01T00:35:19.305Z</time>
    <name>Point 2042</name>
  </wpt>
  <wpt lat="1.385398" lon="103.763058">
    <time>2024-01-01T00:35:20.365Z</time>
    <name>Point 2043</name>
  </wpt>
  <wpt lat="1.385644" lon="103.763316">
    <time>2024-01-01T00:35:22.105Z</time>
    <name>Point 2044</name>
  </wpt>
  <wpt lat="1.385848" lon="103.763627">
    <time>2024-01-01T00:35:23.920Z</time>
    <name>Point 2045</name>
  </wpt>
  <wpt lat="1.385950" lon="103.763788">
    <time>2024-01-01T00:35:24.850Z</time>
    <name>Point 2046</name>
  </wpt>
  <wpt lat="1.386052" lon="103.763949">
    <time>2024-01-01T00:35:25.780Z</time>
    <name>Point 2047</name>
  </wpt>
  <wpt lat="1.386154" lon="103.764110">
    <time>2024-01-01T00:35:26.710Z</time>
    <name>Point 2048</name>
  </wpt>
  <wpt lat="1.386256" lon="103.764271">
    <time>2024-01-01T00:35:27.641Z</time>
    <name>Point 2049</name>
  </wpt>
  <wpt lat="1.386388" lon="103.764396">
    <time>2024-01-01T00:35:28.529Z</time>
    <name>Point 2050</name>
  </wpt>
  <wpt lat="1.386521" lon="103.764521">
    <time>2024-01-01T00:35:29.418Z</time>
    <name>Point 2051</name>
  </wpt>
  <wpt lat="1.386653" lon="103.764646">
    <time>2024-01-01T00:35:30.307Z</time>
    <name>Point 2052</name>
  </wpt>
  <wpt lat="1.386974" lon="103.764925">
    <time>2024-01-01T00:35:32.383Z</time>
    <name>Point 2053</name>
  </wpt>
  <wpt lat="1.387135" lon="103.765046">
    <time>2024-01-01T00:35:33.365Z</time>
    <name>Point 2054</name>
  </wpt>
  <wpt lat="1.387296" lon="103.765166">
    <time>2024-01-01T00:35:34.347Z</time>
    <name>Point 2055</name>
  </wpt>
  <wpt lat="1.387457" lon="103.765287">
    <time>2024-01-01T00:35:35.329Z</time>
    <name>Point 2056</name>
  </wpt>
  <wpt lat="1.387618" lon="103.765408">
    <time>2024-01-01T00:35:36.312Z</time>
    <name>Point 2057</name>
  </wpt>
  <wpt lat="1.387765" lon="103.765530">
    <time>2024-01-01T00:35:37.242Z</time>
    <name>Point 2058</name>
  </wpt>
  <wpt lat="1.387911" lon="103.765651">
    <time>2024-01-01T00:35:38.172Z</time>
    <name>Point 2059</name>
  </wpt>
  <wpt lat="1.388058" lon="103.765773">
    <time>2024-01-01T00:35:39.103Z</time>
    <name>Point 2060</name>
  </wpt>
  <wpt lat="1.388179" lon="103.765873">
    <time>2024-01-01T00:35:39.870Z</time>
    <name>Point 2061</name>
  </wpt>
  <wpt lat="1.388301" lon="103.765973">
    <time>2024-01-01T00:35:40.637Z</time>
    <name>Point 2062</name>
  </wpt>
  <wpt lat="1.388422" lon="103.766073">
    <time>2024-01-01T00:35:41.405Z</time>
    <name>Point 2063</name>
  </wpt>
  <wpt lat="1.388658" lon="103.766384">
    <time>2024-01-01T00:35:43.310Z</time>
    <name>Point 2064</name>
  </wpt>
  <wpt lat="1.388765" lon="103.766695">
    <time>2024-01-01T00:35:44.916Z</time>
    <name>Point 2065</name>
  </wpt>
  <wpt lat="1.388819" lon="103.767049">
    <time>2024-01-01T00:35:46.663Z</time>
    <name>Point 2066</name>
  </wpt>
  <wpt lat="1.388744" lon="103.767403">
    <time>2024-01-01T00:35:48.429Z</time>
    <name>Point 2067</name>
  </wpt>
  <wpt lat="1.388647" lon="103.767704">
    <time>2024-01-01T00:35:49.973Z</time>
    <name>Point 2068</name>
  </wpt>
  <wpt lat="1.388551" lon="103.767893">
    <time>2024-01-01T00:35:51.007Z</time>
    <name>Point 2069</name>
  </wpt>
  <wpt lat="1.388454" lon="103.768082">
    <time>2024-01-01T00:35:52.042Z</time>
    <name>Point 2070</name>
  </wpt>
  <wpt lat="1.388358" lon="103.768270">
    <time>2024-01-01T00:35:53.076Z</time>
    <name>Point 2071</name>
  </wpt>
  <wpt lat="1.388261" lon="103.768459">
    <time>2024-01-01T00:35:54.111Z</time>
    <name>Point 2072</name>
  </wpt>
  <wpt lat="1.388165" lon="103.768648">
    <time>2024-01-01T00:35:55.146Z</time>
    <name>Point 2073</name>
  </wpt>
  <wpt lat="1.388061" lon="103.768836">
    <time>2024-01-01T00:35:56.196Z</time>
    <name>Point 2074</name>
  </wpt>
  <wpt lat="1.387956" lon="103.769025">
    <time>2024-01-01T00:35:57.247Z</time>
    <name>Point 2075</name>
  </wpt>
  <wpt lat="1.387852" lon="103.769213">
    <time>2024-01-01T00:35:58.297Z</time>
    <name>Point 2076</name>
  </wpt>
  <wpt lat="1.387748" lon="103.769401">
    <time>2024-01-01T00:35:59.348Z</time>
    <name>Point 2077</name>
  </wpt>
  <wpt lat="1.387643" lon="103.769589">
    <time>2024-01-01T00:36:00.399Z</time>
    <name>Point 2078</name>
  </wpt>
  <wpt lat="1.387539" lon="103.769778">
    <time>2024-01-01T00:36:01.449Z</time>
    <name>Point 2079</name>
  </wpt>
  <wpt lat="1.387434" lon="103.769966">
    <time>2024-01-01T00:36:02.500Z</time>
    <name>Point 2080</name>
  </wpt>
  <wpt lat="1.387330" lon="103.770154">
    <time>2024-01-01T00:36:03.551Z</time>
    <name>Point 2081</name>
  </wpt>
  <wpt lat="1.387226" lon="103.770342">
    <time>2024-01-01T00:36:04.601Z</time>
    <name>Point 2082</name>
  </wpt>
  <wpt lat="1.387121" lon="103.770531">
    <time>2024-01-01T00:36:05.652Z</time>
    <name>Point 2083</name>
  </wpt>
  <wpt lat="1.387017" lon="103.770719">
    <time>2024-01-01T00:36:06.703Z</time>
    <name>Point 2084</name>
  </wpt>
  <wpt lat="1.386913" lon="103.770887">
    <time>2024-01-01T00:36:07.666Z</time>
    <name>Point 2085</name>
  </wpt>
  <wpt lat="1.386810" lon="103.771055">
    <time>2024-01-01T00:36:08.630Z</time>
    <name>Point 2086</name>
  </wpt>
  <wpt lat="1.386706" lon="103.771223">
    <time>2024-01-01T00:36:09.593Z</time>
    <name>Point 2087</name>
  </wpt>
  <wpt lat="1.386602" lon="103.771391">
    <time>2024-01-01T00:36:10.557Z</time>
    <name>Point 2088</name>
  </wpt>
  <wpt lat="1.386499" lon="103.771559">
    <time>2024-01-01T00:36:11.520Z</time>
    <name>Point 2089</name>
  </wpt>
  <wpt lat="1.386395" lon="103.771727">
    <time>2024-01-01T00:36:12.484Z</time>
    <name>Point 2090</name>
  </wpt>
  <wpt lat="1.386306" lon="103.771859">
    <time>2024-01-01T00:36:13.263Z</time>
    <name>Point 2091</name>
  </wpt>
  <wpt lat="1.386216" lon="103.771992">
    <time>2024-01-01T00:36:14.042Z</time>
    <name>Point 2092</name>
  </wpt>
  <wpt lat="1.386127" lon="103.772124">
    <time>2024-01-01T00:36:14.821Z</time>
    <name>Point 2093</name>
  </wpt>
  <wpt lat="1.385993" lon="103.772274">
    <time>2024-01-01T00:36:15.803Z</time>
    <name>Point 2094</name>
  </wpt>
  <wpt lat="1.385859" lon="103.772424">
    <time>2024-01-01T00:36:16.786Z</time>
    <name>Point 2095</name>
  </wpt>
  <wpt lat="1.385725" lon="103.772575">
    <time>2024-01-01T00:36:17.769Z</time>
    <name>Point 2096</name>
  </wpt>
  <wpt lat="1.385591" lon="103.772725">
    <time>2024-01-01T00:36:18.752Z</time>
    <name>Point 2097</name>
  </wpt>
  <wpt lat="1.385423" lon="103.772811">
    <time>2024-01-01T00:36:19.672Z</time>
    <name>Point 2098</name>
  </wpt>
  <wpt lat="1.385255" lon="103.772896">
    <time>2024-01-01T00:36:20.593Z</time>
    <name>Point 2099</name>
  </wpt>
  <wpt lat="1.385087" lon="103.772982">
    <time>2024-01-01T00:36:21.514Z</time>
    <name>Point 2100</name>
  </wpt>
  <wpt lat="1.384894" lon="103.773000">
    <time>2024-01-01T00:36:22.461Z</time>
    <name>Point 2101</name>
  </wpt>
  <wpt lat="1.384700" lon="103.773018">
    <time>2024-01-01T00:36:23.409Z</time>
    <name>Point 2102</name>
  </wpt>
  <wpt lat="1.384507" lon="103.773036">
    <time>2024-01-01T00:36:24.357Z</time>
    <name>Point 2103</name>
  </wpt>
  <wpt lat="1.384305" lon="103.773066">
    <time>2024-01-01T00:36:25.352Z</time>
    <name>Point 2104</name>
  </wpt>
  <wpt lat="1.384104" lon="103.773096">
    <time>2024-01-01T00:36:26.347Z</time>
    <name>Point 2105</name>
  </wpt>
  <wpt lat="1.383902" lon="103.773126">
    <time>2024-01-01T00:36:27.342Z</time>
    <name>Point 2106</name>
  </wpt>
  <wpt lat="1.383701" lon="103.773156">
    <time>2024-01-01T00:36:28.337Z</time>
    <name>Point 2107</name>
  </wpt>
  <wpt lat="1.383499" lon="103.773186">
    <time>2024-01-01T00:36:29.332Z</time>
    <name>Point 2108</name>
  </wpt>
  <wpt lat="1.383288" lon="103.773157">
    <time>2024-01-01T00:36:30.371Z</time>
    <name>Point 2109</name>
  </wpt>
  <wpt lat="1.383077" lon="103.773129">
    <time>2024-01-01T00:36:31.411Z</time>
    <name>Point 2110</name>
  </wpt>
  <wpt lat="1.382866" lon="103.773100">
    <time>2024-01-01T00:36:32.451Z</time>
    <name>Point 2111</name>
  </wpt>
  <wpt lat="1.382658" lon="103.773049">
    <time>2024-01-01T00:36:33.496Z</time>
    <name>Point 2112</name>
  </wpt>
  <wpt lat="1.382450" lon="103.772997">
    <time>2024-01-01T00:36:34.542Z</time>
    <name>Point 2113</name>
  </wpt>
  <wpt lat="1.382242" lon="103.772946">
    <time>2024-01-01T00:36:35.588Z</time>
    <name>Point 2114</name>
  </wpt>
  <wpt lat="1.382034" lon="103.772894">
    <time>2024-01-01T00:36:36.634Z</time>
    <name>Point 2115</name>
  </wpt>
  <wpt lat="1.381826" lon="103.772843">
    <time>2024-01-01T00:36:37.680Z</time>
    <name>Point 2116</name>
  </wpt>
  <wpt lat="1.381654" lon="103.772785">
    <time>2024-01-01T00:36:38.564Z</time>
    <name>Point 2117</name>
  </wpt>
  <wpt lat="1.381483" lon="103.772727">
    <time>2024-01-01T00:36:39.448Z</time>
    <name>Point 2118</name>
  </wpt>
  <wpt lat="1.381311" lon="103.772669">
    <time>2024-01-01T00:36:40.332Z</time>
    <name>Point 2119</name>
  </wpt>
  <wpt lat="1.381140" lon="103.772611">
    <time>2024-01-01T00:36:41.216Z</time>
    <name>Point 2120</name>
  </wpt>
  <wpt lat="1.380968" lon="103.772553">
    <time>2024-01-01T00:36:42.101Z</time>
    <name>Point 2121</name>
  </wpt>
  <wpt lat="1.380767" lon="103.772540">
    <time>2024-01-01T00:36:43.085Z</time>
    <name>Point 2122</name>
  </wpt>
  <wpt lat="1.380565" lon="103.772526">
    <time>2024-01-01T00:36:44.070Z</time>
    <name>Point 2123</name>
  </wpt>
  <wpt lat="1.380364" lon="103.772513">
    <time>2024-01-01T00:36:45.055Z</time>
    <name>Point 2124</name>
  </wpt>
  <wpt lat="1.380163" lon="103.772500">
    <time>2024-01-01T00:36:46.040Z</time>
    <name>Point 2125</name>
  </wpt>
  <wpt lat="1.379949" lon="103.772513">
    <time>2024-01-01T00:36:47.089Z</time>
    <name>Point 2126</name>
  </wpt>
  <wpt lat="1.379734" lon="103.772526">
    <time>2024-01-01T00:36:48.138Z</time>
    <name>Point 2127</name>
  </wpt>
  <wpt lat="1.379520" lon="103.772540">
    <time>2024-01-01T00:36:49.187Z</time>
    <name>Point 2128</name>
  </wpt>
  <wpt lat="1.379305" lon="103.772553">
    <time>2024-01-01T00:36:50.236Z</time>
    <name>Point 2129</name>
  </wpt>
  <wpt lat="1.379134" lon="103.772549">
    <time>2024-01-01T00:36:51.072Z</time>
    <name>Point 2130</name>
  </wpt>
  <wpt lat="1.378962" lon="103.772546">
    <time>2024-01-01T00:36:51.909Z</time>
    <name>Point 2131</name>
  </wpt>
  <wpt lat="1.378791" lon="103.772542">
    <time>2024-01-01T00:36:52.746Z</time>
    <name>Point 2132</name>
  </wpt>
  <wpt lat="1.378490" lon="103.772500">
    <time>2024-01-01T00:36:54.230Z</time>
    <name>Point 2133</name>
  </wpt>
  <wpt lat="1.378313" lon="103.772424">
    <time>2024-01-01T00:36:55.171Z</time>
    <name>Point 2134</name>
  </wpt>
  <wpt lat="1.378136" lon="103.772347">
    <time>2024-01-01T00:36:56.112Z</time>
    <name>Point 2135</name>
  </wpt>
  <wpt lat="1.377959" lon="103.772270">
    <time>2024-01-01T00:36:57.053Z</time>
    <name>Point 2136</name>
  </wpt>
  <wpt lat="1.377782" lon="103.772194">
    <time>2024-01-01T00:36:57.995Z</time>
    <name>Point 2137</name>
  </wpt>
  <wpt lat="1.377503" lon="103.772044">
    <time>2024-01-01T00:36:59.541Z</time>
    <name>Point 2138</name>
  </wpt>
  <wpt lat="1.377343" lon="103.771909">
    <time>2024-01-01T00:37:00.563Z</time>
    <name>Point 2139</name>
  </wpt>
  <wpt lat="1.377375" lon="103.771684">
    <time>2024-01-01T00:37:01.672Z</time>
    <name>Point 2140</name>
  </wpt>
  <wpt lat="1.377476" lon="103.771527">
    <time>2024-01-01T00:37:02.581Z</time>
    <name>Point 2141</name>
  </wpt>
  <wpt lat="1.377577" lon="103.771371">
    <time>2024-01-01T00:37:03.490Z</time>
    <name>Point 2142</name>
  </wpt>
  <wpt lat="1.377677" lon="103.771214">
    <time>2024-01-01T00:37:04.399Z</time>
    <name>Point 2143</name>
  </wpt>
  <wpt lat="1.377778" lon="103.771058">
    <time>2024-01-01T00:37:05.308Z</time>
    <name>Point 2144</name>
  </wpt>
  <wpt lat="1.377879" lon="103.770901">
    <time>2024-01-01T00:37:06.217Z</time>
    <name>Point 2145</name>
  </wpt>
  <wpt lat="1.377996" lon="103.770715">
    <time>2024-01-01T00:37:07.291Z</time>
    <name>Point 2146</name>
  </wpt>
  <wpt lat="1.378113" lon="103.770528">
    <time>2024-01-01T00:37:08.366Z</time>
    <name>Point 2147</name>
  </wpt>
  <wpt lat="1.378231" lon="103.770342">
    <time>2024-01-01T00:37:09.440Z</time>
    <name>Point 2148</name>
  </wpt>
  <wpt lat="1.378348" lon="103.770155">
    <time>2024-01-01T00:37:10.515Z</time>
    <name>Point 2149</name>
  </wpt>
  <wpt lat="1.378465" lon="103.769969">
    <time>2024-01-01T00:37:11.590Z</time>
    <name>Point 2150</name>
  </wpt>
  <wpt lat="1.378583" lon="103.769783">
    <time>2024-01-01T00:37:12.664Z</time>
    <name>Point 2151</name>
  </wpt>
  <wpt lat="1.378700" lon="103.769596">
    <time>2024-01-01T00:37:13.739Z</time>
    <name>Point 2152</name>
  </wpt>
  <wpt lat="1.378817" lon="103.769410">
    <time>2024-01-01T00:37:14.814Z</time>
    <name>Point 2153</name>
  </wpt>
  <wpt lat="1.378928" lon="103.769231">
    <time>2024-01-01T00:37:15.840Z</time>
    <name>Point 2154</name>
  </wpt>
  <wpt lat="1.379039" lon="103.769053">
    <time>2024-01-01T00:37:16.867Z</time>
    <name>Point 2155</name>
  </wpt>
  <wpt lat="1.379150" lon="103.768874">
    <time>2024-01-01T00:37:17.893Z</time>
    <name>Point 2156</name>
  </wpt>
  <wpt lat="1.379262" lon="103.768696">
    <time>2024-01-01T00:37:18.920Z</time>
    <name>Point 2157</name>
  </wpt>
  <wpt lat="1.379373" lon="103.768517">
    <time>2024-01-01T00:37:19.946Z</time>
    <name>Point 2158</name>
  </wpt>
  <wpt lat="1.379484" lon="103.768339">
    <time>2024-01-01T00:37:20.973Z</time>
    <name>Point 2159</name>
  </wpt>
  <wpt lat="1.379595" lon="103.768160">
    <time>2024-01-01T00:37:22.000Z</time>
    <name>Point 2160</name>
  </wpt>
  <wpt lat="1.379706" lon="103.767981">
    <time>2024-01-01T00:37:23.026Z</time>
    <name>Point 2161</name>
  </wpt>
  <wpt lat="1.379817" lon="103.767803">
    <time>2024-01-01T00:37:24.053Z</time>
    <name>Point 2162</name>
  </wpt>
  <wpt lat="1.379928" lon="103.767624">
    <time>2024-01-01T00:37:25.079Z</time>
    <name>Point 2163</name>
  </wpt>
  <wpt lat="1.380040" lon="103.767446">
    <time>2024-01-01T00:37:26.106Z</time>
    <name>Point 2164</name>
  </wpt>
  <wpt lat="1.380151" lon="103.767267">
    <time>2024-01-01T00:37:27.132Z</time>
    <name>Point 2165</name>
  </wpt>
  <wpt lat="1.380262" lon="103.767089">
    <time>2024-01-01T00:37:28.159Z</time>
    <name>Point 2166</name>
  </wpt>
  <wpt lat="1.380373" lon="103.766910">
    <time>2024-01-01T00:37:29.186Z</time>
    <name>Point 2167</name>
  </wpt>
  <wpt lat="1.380467" lon="103.766750">
    <time>2024-01-01T00:37:30.090Z</time>
    <name>Point 2168</name>
  </wpt>
  <wpt lat="1.380561" lon="103.766591">
    <time>2024-01-01T00:37:30.994Z</time>
    <name>Point 2169</name>
  </wpt>
  <wpt lat="1.380654" lon="103.766431">
    <time>2024-01-01T00:37:31.898Z</time>
    <name>Point 2170</name>
  </wpt>
  <wpt lat="1.380748" lon="103.766271">
    <time>2024-01-01T00:37:32.803Z</time>
    <name>Point 2171</name>
  </wpt>
  <wpt lat="1.380814" lon="103.766092">
    <time>2024-01-01T00:37:33.732Z</time>
    <name>Point 2172</name>
  </wpt>
  <wpt lat="1.380880" lon="103.765914">
    <time>2024-01-01T00:37:34.661Z</time>
    <name>Point 2173</name>
  </wpt>
  <wpt lat="1.380946" lon="103.765735">
    <time>2024-01-01T00:37:35.591Z</time>
    <name>Point 2174</name>
  </wpt>
  <wpt lat="1.380984" lon="103.765551">
    <time>2024-01-01T00:37:36.509Z</time>
    <name>Point 2175</name>
  </wpt>
  <wpt lat="1.381021" lon="103.765366">
    <time>2024-01-01T00:37:37.427Z</time>
    <name>Point 2176</name>
  </wpt>
  <wpt lat="1.381059" lon="103.765182">
    <time>2024-01-01T00:37:38.346Z</time>
    <name>Point 2177</name>
  </wpt>
  <wpt lat="1.381054" lon="103.765025">
    <time>2024-01-01T00:37:39.114Z</time>
    <name>Point 2178</name>
  </wpt>
  <wpt lat="1.381048" lon="103.764867">
    <time>2024-01-01T00:37:39.882Z</time>
    <name>Point 2179</name>
  </wpt>
  <wpt lat="1.381043" lon="103.764710">
    <time>2024-01-01T00:37:40.651Z</time>
    <name>Point 2180</name>
  </wpt>
  <wpt lat="1.381013" lon="103.764537">
    <time>2024-01-01T00:37:41.509Z</time>
    <name>Point 2181</name>
  </wpt>
  <wpt lat="1.380982" lon="103.764363">
    <time>2024-01-01T00:37:42.368Z</time>
    <name>Point 2182</name>
  </wpt>
  <wpt lat="1.380952" lon="103.764190">
    <time>2024-01-01T00:37:43.227Z</time>
    <name>Point 2183</name>
  </wpt>
  <wpt lat="1.380882" lon="103.764021">
    <time>2024-01-01T00:37:44.119Z</time>
    <name>Point 2184</name>
  </wpt>
  <wpt lat="1.380812" lon="103.763852">
    <time>2024-01-01T00:37:45.011Z</time>
    <name>Point 2185</name>
  </wpt>
  <wpt lat="1.380743" lon="103.763683">
    <time>2024-01-01T00:37:45.903Z</time>
    <name>Point 2186</name>
  </wpt>
  <wpt lat="1.380673" lon="103.763514">
    <time>2024-01-01T00:37:46.796Z</time>
    <name>Point 2187</name>
  </wpt>
  <wpt lat="1.380550" lon="103.763273">
    <time>2024-01-01T00:37:48.117Z</time>
    <name>Point 2188</name>
  </wpt>
  <wpt lat="1.380457" lon="103.763094">
    <time>2024-01-01T00:37:49.103Z</time>
    <name>Point 2189</name>
  </wpt>
  <wpt lat="1.380363" lon="103.762915">
    <time>2024-01-01T00:37:50.089Z</time>
    <name>Point 2190</name>
  </wpt>
  <wpt lat="1.380270" lon="103.762735">
    <time>2024-01-01T00:37:51.075Z</time>
    <name>Point 2191</name>
  </wpt>
  <wpt lat="1.380176" lon="103.762556">
    <time>2024-01-01T00:37:52.061Z</time>
    <name>Point 2192</name>
  </wpt>
  <wpt lat="1.380083" lon="103.762377">
    <time>2024-01-01T00:37:53.048Z</time>
    <name>Point 2193</name>
  </wpt>
  <wpt lat="1.380012" lon="103.762205">
    <time>2024-01-01T00:37:53.955Z</time>
    <name>Point 2194</name>
  </wpt>
  <wpt lat="1.379941" lon="103.762034">
    <time>2024-01-01T00:37:54.862Z</time>
    <name>Point 2195</name>
  </wpt>
  <wpt lat="1.379870" lon="103.761862">
    <time>2024-01-01T00:37:55.769Z</time>
    <name>Point 2196</name>
  </wpt>
  <wpt lat="1.379799" lon="103.761690">
    <time>2024-01-01T00:37:56.676Z</time>
    <name>Point 2197</name>
  </wpt>
  <wpt lat="1.379708" lon="103.761460">
    <time>2024-01-01T00:37:57.883Z</time>
    <name>Point 2198</name>
  </wpt>
  <wpt lat="1.379616" lon="103.761266">
    <time>2024-01-01T00:37:58.931Z</time>
    <name>Point 2199</name>
  </wpt>
  <wpt lat="1.379547" lon="103.761127">
    <time>2024-01-01T00:37:59.689Z</time>
    <name>Point 2200</name>
  </wpt>
  <wpt lat="1.379488" lon="103.760998">
    <time>2024-01-01T00:38:00.381Z</time>
    <name>Point 2201</name>
  </wpt>
  <wpt lat="1.379397" lon="103.760800">
    <time>2024-01-01T00:38:01.445Z</time>
    <name>Point 2202</name>
  </wpt>
  <wpt lat="1.379204" lon="103.760408">
    <time>2024-01-01T00:38:03.577Z</time>
    <name>Point 2203</name>
  </wpt>
  <wpt lat="1.379123" lon="103.760227">
    <time>2024-01-01T00:38:04.543Z</time>
    <name>Point 2204</name>
  </wpt>
  <wpt lat="1.379043" lon="103.760046">
    <time>2024-01-01T00:38:05.510Z</time>
    <name>Point 2205</name>
  </wpt>
  <wpt lat="1.378963" lon="103.759865">
    <time>2024-01-01T00:38:06.477Z</time>
    <name>Point 2206</name>
  </wpt>
  <wpt lat="1.378882" lon="103.759684">
    <time>2024-01-01T00:38:07.444Z</time>
    <name>Point 2207</name>
  </wpt>
  <wpt lat="1.378816" lon="103.759496">
    <time>2024-01-01T00:38:08.415Z</time>
    <name>Point 2208</name>
  </wpt>
  <wpt lat="1.378750" lon="103.759309">
    <time>2024-01-01T00:38:09.386Z</time>
    <name>Point 2209</name>
  </wpt>
  <wpt lat="1.378685" lon="103.759121">
    <time>2024-01-01T00:38:10.357Z</time>
    <name>Point 2210</name>
  </wpt>
  <wpt lat="1.378619" lon="103.758933">
    <time>2024-01-01T00:38:11.328Z</time>
    <name>Point 2211</name>
  </wpt>
  <wpt lat="1.378542" lon="103.758754">
    <time>2024-01-01T00:38:12.281Z</time>
    <name>Point 2212</name>
  </wpt>
  <wpt lat="1.378464" lon="103.758574">
    <time>2024-01-01T00:38:13.234Z</time>
    <name>Point 2213</name>
  </wpt>
  <wpt lat="1.378387" lon="103.758395">
    <time>2024-01-01T00:38:14.187Z</time>
    <name>Point 2214</name>
  </wpt>
  <wpt lat="1.378309" lon="103.758216">
    <time>2024-01-01T00:38:15.140Z</time>
    <name>Point 2215</name>
  </wpt>
  <wpt lat="1.378232" lon="103.758037">
    <time>2024-01-01T00:38:16.093Z</time>
    <name>Point 2216</name>
  </wpt>
  <wpt lat="1.378154" lon="103.757857">
    <time>2024-01-01T00:38:17.046Z</time>
    <name>Point 2217</name>
  </wpt>
  <wpt lat="1.378077" lon="103.757678">
    <time>2024-01-01T00:38:18.000Z</time>
    <name>Point 2218</name>
  </wpt>
  <wpt lat="1.377978" lon="103.757478">
    <time>2024-01-01T00:38:19.089Z</time>
    <name>Point 2219</name>
  </wpt>
  <wpt lat="1.377879" lon="103.757278">
    <time>2024-01-01T00:38:20.179Z</time>
    <name>Point 2220</name>
  </wpt>
  <wpt lat="1.377779" lon="103.757078">
    <time>2024-01-01T00:38:21.269Z</time>
    <name>Point 2221</name>
  </wpt>
  <wpt lat="1.377680" lon="103.756878">
    <time>2024-01-01T00:38:22.359Z</time>
    <name>Point 2222</name>
  </wpt>
  <wpt lat="1.377586" lon="103.756726">
    <time>2024-01-01T00:38:23.228Z</time>
    <name>Point 2223</name>
  </wpt>
  <wpt lat="1.377493" lon="103.756575">
    <time>2024-01-01T00:38:24.098Z</time>
    <name>Point 2224</name>
  </wpt>
  <wpt lat="1.377399" lon="103.756423">
    <time>2024-01-01T00:38:24.967Z</time>
    <name>Point 2225</name>
  </wpt>
  <wpt lat="1.377305" lon="103.756272">
    <time>2024-01-01T00:38:25.837Z</time>
    <name>Point 2226</name>
  </wpt>
  <wpt lat="1.377210" lon="103.756090">
    <time>2024-01-01T00:38:26.839Z</time>
    <name>Point 2227</name>
  </wpt>
  <wpt lat="1.377116" lon="103.755907">
    <time>2024-01-01T00:38:27.842Z</time>
    <name>Point 2228</name>
  </wpt>
  <wpt lat="1.377021" lon="103.755725">
    <time>2024-01-01T00:38:28.845Z</time>
    <name>Point 2229</name>
  </wpt>
  <wpt lat="1.376887" lon="103.755339">
    <time>2024-01-01T00:38:30.839Z</time>
    <name>Point 2230</name>
  </wpt>
  <wpt lat="1.376833" lon="103.754985">
    <time>2024-01-01T00:38:32.587Z</time>
    <name>Point 2231</name>
  </wpt>
  <wpt lat="1.376683" lon="103.754641">
    <time>2024-01-01T00:38:34.418Z</time>
    <name>Point 2232</name>
  </wpt>
  <wpt lat="1.376608" lon="103.754478">
    <time>2024-01-01T00:38:35.292Z</time>
    <name>Point 2233</name>
  </wpt>
  <wpt lat="1.376533" lon="103.754316">
    <time>2024-01-01T00:38:36.166Z</time>
    <name>Point 2234</name>
  </wpt>
  <wpt lat="1.376458" lon="103.754153">
    <time>2024-01-01T00:38:37.041Z</time>
    <name>Point 2235</name>
  </wpt>
  <wpt lat="1.376291" lon="103.753933">
    <time>2024-01-01T00:38:38.389Z</time>
    <name>Point 2236</name>
  </wpt>
  <wpt lat="1.376249" lon="103.753767">
    <time>2024-01-01T00:38:39.225Z</time>
    <name>Point 2237</name>
  </wpt>
  <wpt lat="1.376340" lon="103.753574">
    <time>2024-01-01T00:38:40.266Z</time>
    <name>Point 2238</name>
  </wpt>
  <wpt lat="1.376406" lon="103.753436">
    <time>2024-01-01T00:38:41.011Z</time>
    <name>Point 2239</name>
  </wpt>
  <wpt lat="1.376472" lon="103.753299">
    <time>2024-01-01T00:38:41.756Z</time>
    <name>Point 2240</name>
  </wpt>
  <wpt lat="1.376538" lon="103.753161">
    <time>2024-01-01T00:38:42.501Z</time>
    <name>Point 2241</name>
  </wpt>
  <wpt lat="1.376613" lon="103.752975">
    <time>2024-01-01T00:38:43.480Z</time>
    <name>Point 2242</name>
  </wpt>
  <wpt lat="1.376688" lon="103.752789">
    <time>2024-01-01T00:38:44.459Z</time>
    <name>Point 2243</name>
  </wpt>
  <wpt lat="1.376763" lon="103.752603">
    <time>2024-01-01T00:38:45.438Z</time>
    <name>Point 2244</name>
  </wpt>
  <wpt lat="1.376852" lon="103.752401">
    <time>2024-01-01T00:38:46.514Z</time>
    <name>Point 2245</name>
  </wpt>
  <wpt lat="1.376940" lon="103.752199">
    <time>2024-01-01T00:38:47.590Z</time>
    <name>Point 2246</name>
  </wpt>
  <wpt lat="1.377029" lon="103.751997">
    <time>2024-01-01T00:38:48.667Z</time>
    <name>Point 2247</name>
  </wpt>
  <wpt lat="1.377118" lon="103.751795">
    <time>2024-01-01T00:38:49.743Z</time>
    <name>Point 2248</name>
  </wpt>
  <wpt lat="1.377207" lon="103.751593">
    <time>2024-01-01T00:38:50.819Z</time>
    <name>Point 2249</name>
  </wpt>
  <wpt lat="1.377295" lon="103.751392">
    <time>2024-01-01T00:38:51.896Z</time>
    <name>Point 2250</name>
  </wpt>
  <wpt lat="1.377384" lon="103.751190">
    <time>2024-01-01T00:38:52.972Z</time>
    <name>Point 2251</name>
  </wpt>
  <wpt lat="1.377473" lon="103.750988">
    <time>2024-01-01T00:38:54.048Z</time>
    <name>Point 2252</name>
  </wpt>
  <wpt lat="1.377562" lon="103.750786">
    <time>2024-01-01T00:38:55.125Z</time>
    <name>Point 2253</name>
  </wpt>
  <wpt lat="1.377650" lon="103.750584">
    <time>2024-01-01T00:38:56.201Z</time>
    <name>Point 2254</name>
  </wpt>
  <wpt lat="1.377739" lon="103.750382">
    <time>2024-01-01T00:38:57.278Z</time>
    <name>Point 2255</name>
  </wpt>
  <wpt lat="1.377821" lon="103.750219">
    <time>2024-01-01T00:38:58.167Z</time>
    <name>Point 2256</name>
  </wpt>
  <wpt lat="1.377902" lon="103.750056">
    <time>2024-01-01T00:38:59.057Z</time>
    <name>Point 2257</name>
  </wpt>
  <wpt lat="1.377984" lon="103.749893">
    <time>2024-01-01T00:38:59.946Z</time>
    <name>Point 2258</name>
  </wpt>
  <wpt lat="1.378065" lon="103.749730">
    <time>2024-01-01T00:39:00.836Z</time>
    <name>Point 2259</name>
  </wpt>
  <wpt lat="1.378147" lon="103.749567">
    <time>2024-01-01T00:39:01.726Z</time>
    <name>Point 2260</name>
  </wpt>
  <wpt lat="1.378219" lon="103.749392">
    <time>2024-01-01T00:39:02.651Z</time>
    <name>Point 2261</name>
  </wpt>
  <wpt lat="1.378292" lon="103.749216">
    <time>2024-01-01T00:39:03.577Z</time>
    <name>Point 2262</name>
  </wpt>
  <wpt lat="1.378364" lon="103.749041">
    <time>2024-01-01T00:39:04.503Z</time>
    <name>Point 2263</name>
  </wpt>
  <wpt lat="1.378436" lon="103.748866">
    <time>2024-01-01T00:39:05.428Z</time>
    <name>Point 2264</name>
  </wpt>
  <wpt lat="1.378509" lon="103.748690">
    <time>2024-01-01T00:39:06.354Z</time>
    <name>Point 2265</name>
  </wpt>
  <wpt lat="1.378581" lon="103.748515">
    <time>2024-01-01T00:39:07.280Z</time>
    <name>Point 2266</name>
  </wpt>
  <wpt lat="1.378769" lon="103.748108">
    <time>2024-01-01T00:39:09.468Z</time>
    <name>Point 2267</name>
  </wpt>
  <wpt lat="1.378860" lon="103.747910">
    <time>2024-01-01T00:39:10.529Z</time>
    <name>Point 2268</name>
  </wpt>
  <wpt lat="1.378950" lon="103.747713">
    <time>2024-01-01T00:39:11.591Z</time>
    <name>Point 2269</name>
  </wpt>
  <wpt lat="1.379041" lon="103.747515">
    <time>2024-01-01T00:39:12.652Z</time>
    <name>Point 2270</name>
  </wpt>
  <wpt lat="1.379132" lon="103.747317">
    <time>2024-01-01T00:39:13.714Z</time>
    <name>Point 2271</name>
  </wpt>
  <wpt lat="1.379223" lon="103.747120">
    <time>2024-01-01T00:39:14.775Z</time>
    <name>Point 2272</name>
  </wpt>
  <wpt lat="1.379313" lon="103.746922">
    <time>2024-01-01T00:39:15.837Z</time>
    <name>Point 2273</name>
  </wpt>
  <wpt lat="1.379404" lon="103.746724">
    <time>2024-01-01T00:39:16.899Z</time>
    <name>Point 2274</name>
  </wpt>
  <wpt lat="1.379495" lon="103.746527">
    <time>2024-01-01T00:39:17.960Z</time>
    <name>Point 2275</name>
  </wpt>
  <wpt lat="1.379586" lon="103.746329">
    <time>2024-01-01T00:39:19.022Z</time>
    <name>Point 2276</name>
  </wpt>
  <wpt lat="1.379676" lon="103.746131">
    <time>2024-01-01T00:39:20.083Z</time>
    <name>Point 2277</name>
  </wpt>
  <wpt lat="1.379767" lon="103.745934">
    <time>2024-01-01T00:39:21.145Z</time>
    <name>Point 2278</name>
  </wpt>
  <wpt lat="1.379858" lon="103.745736">
    <time>2024-01-01T00:39:22.207Z</time>
    <name>Point 2279</name>
  </wpt>
  <wpt lat="1.379929" lon="103.745570">
    <time>2024-01-01T00:39:23.088Z</time>
    <name>Point 2280</name>
  </wpt>
  <wpt lat="1.380000" lon="103.745404">
    <time>2024-01-01T00:39:23.970Z</time>
    <name>Point 2281</name>
  </wpt>
  <wpt lat="1.380070" lon="103.745237">
    <time>2024-01-01T00:39:24.851Z</time>
    <name>Point 2282</name>
  </wpt>
  <wpt lat="1.380141" lon="103.745071">
    <time>2024-01-01T00:39:25.733Z</time>
    <name>Point 2283</name>
  </wpt>
  <wpt lat="1.380212" lon="103.744905">
    <time>2024-01-01T00:39:26.615Z</time>
    <name>Point 2284</name>
  </wpt>
  <wpt lat="1.380298" lon="103.744743">
    <time>2024-01-01T00:39:27.510Z</time>
    <name>Point 2285</name>
  </wpt>
  <wpt lat="1.380383" lon="103.744580">
    <time>2024-01-01T00:39:28.406Z</time>
    <name>Point 2286</name>
  </wpt>
  <wpt lat="1.380469" lon="103.744418">
    <time>2024-01-01T00:39:29.302Z</time>
    <name>Point 2287</name>
  </wpt>
  <wpt lat="1.380555" lon="103.744256">
    <time>2024-01-01T00:39:30.198Z</time>
    <name>Point 2288</name>
  </wpt>
  <wpt lat="1.380727" lon="103.744015">
    <time>2024-01-01T00:39:31.643Z</time>
    <name>Point 2289</name>
  </wpt>
  <wpt lat="1.380909" lon="103.743752">
    <time>2024-01-01T00:39:33.204Z</time>
    <name>Point 2290</name>
  </wpt>
  <wpt lat="1.381118" lon="103.743548">
    <time>2024-01-01T00:39:34.630Z</time>
    <name>Point 2291</name>
  </wpt>
  <wpt lat="1.381263" lon="103.743446">
    <time>2024-01-01T00:39:35.495Z</time>
    <name>Point 2292</name>
  </wpt>
  <wpt lat="1.381290" lon="103.743339">
    <time>2024-01-01T00:39:36.033Z</time>
    <name>Point 2293</name>
  </wpt>
  <wpt lat="1.381279" lon="103.743263">
    <time>2024-01-01T00:39:36.408Z</time>
    <name>Point 2294</name>
  </wpt>
  <wpt lat="1.381220" lon="103.743119">
    <time>2024-01-01T00:39:37.168Z</time>
    <name>Point 2295</name>
  </wpt>
  <wpt lat="1.381105" lon="103.742956">
    <time>2024-01-01T00:39:38.142Z</time>
    <name>Point 2296</name>
  </wpt>
  <wpt lat="1.380990" lon="103.742792">
    <time>2024-01-01T00:39:39.116Z</time>
    <name>Point 2297</name>
  </wpt>
  <wpt lat="1.380875" lon="103.742629">
    <time>2024-01-01T00:39:40.090Z</time>
    <name>Point 2298</name>
  </wpt>
  <wpt lat="1.380761" lon="103.742466">
    <time>2024-01-01T00:39:41.065Z</time>
    <name>Point 2299</name>
  </wpt>
  <wpt lat="1.380646" lon="103.742303">
    <time>2024-01-01T00:39:42.039Z</time>
    <name>Point 2300</name>
  </wpt>
  <wpt lat="1.380531" lon="103.742139">
    <time>2024-01-01T00:39:43.013Z</time>
    <name>Point 2301</name>
  </wpt>
  <wpt lat="1.380416" lon="103.741976">
    <time>2024-01-01T00:39:43.988Z</time>
    <name>Point 2302</name>
  </wpt>
  <wpt lat="1.380299" lon="103.741806">
    <time>2024-01-01T00:39:44.996Z</time>
    <name>Point 2303</name>
  </wpt>
  <wpt lat="1.380182" lon="103.741635">
    <time>2024-01-01T00:39:46.005Z</time>
    <name>Point 2304</name>
  </wpt>
  <wpt lat="1.380065" lon="103.741465">
    <time>2024-01-01T00:39:47.014Z</time>
    <name>Point 2305</name>
  </wpt>
  <wpt lat="1.379948" lon="103.741294">
    <time>2024-01-01T00:39:48.023Z</time>
    <name>Point 2306</name>
  </wpt>
  <wpt lat="1.379832" lon="103.741124">
    <time>2024-01-01T00:39:49.031Z</time>
    <name>Point 2307</name>
  </wpt>
  <wpt lat="1.379715" lon="103.740953">
    <time>2024-01-01T00:39:50.040Z</time>
    <name>Point 2308</name>
  </wpt>
  <wpt lat="1.379598" lon="103.740783">
    <time>2024-01-01T00:39:51.049Z</time>
    <name>Point 2309</name>
  </wpt>
  <wpt lat="1.379481" lon="103.740612">
    <time>2024-01-01T00:39:52.058Z</time>
    <name>Point 2310</name>
  </wpt>
  <wpt lat="1.379364" lon="103.740442">
    <time>2024-01-01T00:39:53.067Z</time>
    <name>Point 2311</name>
  </wpt>
  <wpt lat="1.379250" lon="103.740274">
    <time>2024-01-01T00:39:54.059Z</time>
    <name>Point 2312</name>
  </wpt>
  <wpt lat="1.379135" lon="103.740106">
    <time>2024-01-01T00:39:55.052Z</time>
    <name>Point 2313</name>
  </wpt>
  <wpt lat="1.379021" lon="103.739937">
    <time>2024-01-01T00:39:56.044Z</time>
    <name>Point 2314</name>
  </wpt>
  <wpt lat="1.378907" lon="103.739769">
    <time>2024-01-01T00:39:57.037Z</time>
    <name>Point 2315</name>
  </wpt>
  <wpt lat="1.378792" lon="103.739601">
    <time>2024-01-01T00:39:58.029Z</time>
    <name>Point 2316</name>
  </wpt>
  <wpt lat="1.378678" lon="103.739433">
    <time>2024-01-01T00:39:59.022Z</time>
    <name>Point 2317</name>
  </wpt>
  <wpt lat="1.378560" lon="103.739305">
    <time>2024-01-01T00:39:59.872Z</time>
    <name>Point 2318</name>
  </wpt>
  <wpt lat="1.378463" lon="103.739353">
    <time>2024-01-01T00:40:00.400Z</time>
    <name>Point 2319</name>
  </wpt>
  <wpt lat="1.378304" lon="103.739463">
    <time>2024-01-01T00:40:01.345Z</time>
    <name>Point 2320</name>
  </wpt>
  <wpt lat="1.378144" lon="103.739574">
    <time>2024-01-01T00:40:02.291Z</time>
    <name>Point 2321</name>
  </wpt>
  <wpt lat="1.377985" lon="103.739684">
    <time>2024-01-01T00:40:03.237Z</time>
    <name>Point 2322</name>
  </wpt>
  <wpt lat="1.377826" lon="103.739794">
    <time>2024-01-01T00:40:04.182Z</time>
    <name>Point 2323</name>
  </wpt>
  <wpt lat="1.377667" lon="103.739904">
    <time>2024-01-01T00:40:05.128Z</time>
    <name>Point 2324</name>
  </wpt>
  <wpt lat="1.377507" lon="103.740015">
    <time>2024-01-01T00:40:06.074Z</time>
    <name>Point 2325</name>
  </wpt>
  <wpt lat="1.377348" lon="103.740125">
    <time>2024-01-01T00:40:07.020Z</time>
    <name>Point 2326</name>
  </wpt>
  <wpt lat="1.377069" lon="103.740249">
    <time>2024-01-01T00:40:08.510Z</time>
    <name>Point 2327</name>
  </wpt>
  <wpt lat="1.376822" lon="103.740469">
    <time>2024-01-01T00:40:10.125Z</time>
    <name>Point 2328</name>
  </wpt>
  <wpt lat="1.376710" lon="103.740790">
    <time>2024-01-01T00:40:11.784Z</time>
    <name>Point 2329</name>
  </wpt>
  <wpt lat="1.376649" lon="103.740956">
    <time>2024-01-01T00:40:12.648Z</time>
    <name>Point 2330</name>
  </wpt>
  <wpt lat="1.376588" lon="103.741123">
    <time>2024-01-01T00:40:13.513Z</time>
    <name>Point 2331</name>
  </wpt>
  <wpt lat="1.376527" lon="103.741289">
    <time>2024-01-01T00:40:14.378Z</time>
    <name>Point 2332</name>
  </wpt>
  <wpt lat="1.376459" lon="103.741470">
    <time>2024-01-01T00:40:15.319Z</time>
    <name>Point 2333</name>
  </wpt>
  <wpt lat="1.376392" lon="103.741650">
    <time>2024-01-01T00:40:16.261Z</time>
    <name>Point 2334</name>
  </wpt>
  <wpt lat="1.376324" lon="103.741831">
    <time>2024-01-01T00:40:17.203Z</time>
    <name>Point 2335</name>
  </wpt>
  <wpt lat="1.376290" lon="103.742012">
    <time>2024-01-01T00:40:18.100Z</time>
    <name>Point 2336</name>
  </wpt>
  <wpt lat="1.376256" lon="103.742192">
    <time>2024-01-01T00:40:18.997Z</time>
    <name>Point 2337</name>
  </wpt>
  <wpt lat="1.376222" lon="103.742373">
    <time>2024-01-01T00:40:19.894Z</time>
    <name>Point 2338</name>
  </wpt>
  <wpt lat="1.376249" lon="103.742573">
    <time>2024-01-01T00:40:20.877Z</time>
    <name>Point 2339</name>
  </wpt>
  <wpt lat="1.376276" lon="103.742772">
    <time>2024-01-01T00:40:21.860Z</time>
    <name>Point 2340</name>
  </wpt>
  <wpt lat="1.376302" lon="103.742972">
    <time>2024-01-01T00:40:22.843Z</time>
    <name>Point 2341</name>
  </wpt>
  <wpt lat="1.376329" lon="103.743171">
    <time>2024-01-01T00:40:23.826Z</time>
    <name>Point 2342</name>
  </wpt>
  <wpt lat="1.376356" lon="103.743371">
    <time>2024-01-01T00:40:24.809Z</time>
    <name>Point 2343</name>
  </wpt>
  <wpt lat="1.376376" lon="103.743573">
    <time>2024-01-01T00:40:25.799Z</time>
    <name>Point 2344</name>
  </wpt>
  <wpt lat="1.376395" lon="103.743775">
    <time>2024-01-01T00:40:26.789Z</time>
    <name>Point 2345</name>
  </wpt>
  <wpt lat="1.376415" lon="103.743977">
    <time>2024-01-01T00:40:27.780Z</time>
    <name>Point 2346</name>
  </wpt>
  <wpt lat="1.376420" lon="103.744422">
    <time>2024-01-01T00:40:29.952Z</time>
    <name>Point 2347</name>
  </wpt>
  <wpt lat="1.376485" lon="103.744792">
    <time>2024-01-01T00:40:31.785Z</time>
    <name>Point 2348</name>
  </wpt>
  <wpt lat="1.376547" lon="103.745007">
    <time>2024-01-01T00:40:32.875Z</time>
    <name>Point 2349</name>
  </wpt>
  <wpt lat="1.376608" lon="103.745221">
    <time>2024-01-01T00:40:33.965Z</time>
    <name>Point 2350</name>
  </wpt>
  <wpt lat="1.376670" lon="103.745436">
    <time>2024-01-01T00:40:35.055Z</time>
    <name>Point 2351</name>
  </wpt>
  <wpt lat="1.376732" lon="103.745651">
    <time>2024-01-01T00:40:36.145Z</time>
    <name>Point 2352</name>
  </wpt>
  <wpt lat="1.376793" lon="103.745865">
    <time>2024-01-01T00:40:37.235Z</time>
    <name>Point 2353</name>
  </wpt>
  <wpt lat="1.376855" lon="103.746080">
    <time>2024-01-01T00:40:38.326Z</time>
    <name>Point 2354</name>
  </wpt>
  <wpt lat="1.376920" lon="103.746293">
    <time>2024-01-01T00:40:39.412Z</time>
    <name>Point 2355</name>
  </wpt>
  <wpt lat="1.376985" lon="103.746506">
    <time>2024-01-01T00:40:40.499Z</time>
    <name>Point 2356</name>
  </wpt>
  <wpt lat="1.377050" lon="103.746719">
    <time>2024-01-01T00:40:41.586Z</time>
    <name>Point 2357</name>
  </wpt>
  <wpt lat="1.377115" lon="103.746932">
    <time>2024-01-01T00:40:42.673Z</time>
    <name>Point 2358</name>
  </wpt>
  <wpt lat="1.377180" lon="103.747145">
    <time>2024-01-01T00:40:43.760Z</time>
    <name>Point 2359</name>
  </wpt>
  <wpt lat="1.377245" lon="103.747358">
    <time>2024-01-01T00:40:44.847Z</time>
    <name>Point 2360</name>
  </wpt>
  <wpt lat="1.377310" lon="103.747571">
    <time>2024-01-01T00:40:45.934Z</time>
    <name>Point 2361</name>
  </wpt>
  <wpt lat="1.377407" lon="103.747829">
    <time>2024-01-01T00:40:47.279Z</time>
    <name>Point 2362</name>
  </wpt>
  <wpt lat="1.377498" lon="103.747968">
    <time>2024-01-01T00:40:48.090Z</time>
    <name>Point 2363</name>
  </wpt>
  <wpt lat="1.377702" lon="103.748134">
    <time>2024-01-01T00:40:49.373Z</time>
    <name>Point 2364</name>
  </wpt>
  <wpt lat="1.377857" lon="103.748204">
    <time>2024-01-01T00:40:50.205Z</time>
    <name>Point 2365</name>
  </wpt>
  <wpt lat="1.378013" lon="103.748273">
    <time>2024-01-01T00:40:51.037Z</time>
    <name>Point 2366</name>
  </wpt>
  <wpt lat="1.378169" lon="103.748343">
    <time>2024-01-01T00:40:51.869Z</time>
    <name>Point 2367</name>
  </wpt>
  <wpt lat="1.378324" lon="103.748413">
    <time>2024-01-01T00:40:52.701Z</time>
    <name>Point 2368</name>
  </wpt>
  <wpt lat="1.378485" lon="103.748483">
    <time>2024-01-01T00:40:53.558Z</time>
    <name>Point 2369</name>
  </wpt>
  <wpt lat="1.378640" lon="103.748564">
    <time>2024-01-01T00:40:54.412Z</time>
    <name>Point 2370</name>
  </wpt>
  <wpt lat="1.378673" lon="103.748633">
    <time>2024-01-01T00:40:54.785Z</time>
    <name>Point 2371</name>
  </wpt>
  <wpt lat="1.378608" lon="103.748762">
    <time>2024-01-01T00:40:55.490Z</time>
    <name>Point 2372</name>
  </wpt>
  <wpt lat="1.378546" lon="103.748903">
    <time>2024-01-01T00:40:56.244Z</time>
    <name>Point 2373</name>
  </wpt>
  <wpt lat="1.378483" lon="103.749045">
    <time>2024-01-01T00:40:56.998Z</time>
    <name>Point 2374</name>
  </wpt>
  <wpt lat="1.378421" lon="103.749186">
    <time>2024-01-01T00:40:57.752Z</time>
    <name>Point 2375</name>
  </wpt>
  <wpt lat="1.378335" lon="103.749375">
    <time>2024-01-01T00:40:58.765Z</time>
    <name>Point 2376</name>
  </wpt>
  <wpt lat="1.378249" lon="103.749564">
    <time>2024-01-01T00:40:59.779Z</time>
    <name>Point 2377</name>
  </wpt>
  <wpt lat="1.378164" lon="103.749754">
    <time>2024-01-01T00:41:00.793Z</time>
    <name>Point 2378</name>
  </wpt>
  <wpt lat="1.378078" lon="103.749943">
    <time>2024-01-01T00:41:01.807Z</time>
    <name>Point 2379</name>
  </wpt>
  <wpt lat="1.377992" lon="103.750132">
    <time>2024-01-01T00:41:02.821Z</time>
    <name>Point 2380</name>
  </wpt>
  <wpt lat="1.377906" lon="103.750321">
    <time>2024-01-01T00:41:03.834Z</time>
    <name>Point 2381</name>
  </wpt>
  <wpt lat="1.377820" lon="103.750510">
    <time>2024-01-01T00:41:04.848Z</time>
    <name>Point 2382</name>
  </wpt>
  <wpt lat="1.377734" lon="103.750699">
    <time>2024-01-01T00:41:05.862Z</time>
    <name>Point 2383</name>
  </wpt>
  <wpt lat="1.377649" lon="103.750889">
    <time>2024-01-01T00:41:06.876Z</time>
    <name>Point 2384</name>
  </wpt>
  <wpt lat="1.377563" lon="103.751078">
    <time>2024-01-01T00:41:07.890Z</time>
    <name>Point 2385</name>
  </wpt>
  <wpt lat="1.377477" lon="103.751267">
    <time>2024-01-01T00:41:08.904Z</time>
    <name>Point 2386</name>
  </wpt>
  <wpt lat="1.377413" lon="103.751427">
    <time>2024-01-01T00:41:09.745Z</time>
    <name>Point 2387</name>
  </wpt>
  <wpt lat="1.377348" lon="103.751587">
    <time>2024-01-01T00:41:10.586Z</time>
    <name>Point 2388</name>
  </wpt>
  <wpt lat="1.377283" lon="103.751746">
    <time>2024-01-01T00:41:11.427Z</time>
    <name>Point 2389</name>
  </wpt>
  <wpt lat="1.377219" lon="103.751906">
    <time>2024-01-01T00:41:12.268Z</time>
    <name>Point 2390</name>
  </wpt>
  <wpt lat="1.377126" lon="103.752088">
    <time>2024-01-01T00:41:13.267Z</time>
    <name>Point 2391</name>
  </wpt>
  <wpt lat="1.377033" lon="103.752271">
    <time>2024-01-01T00:41:14.267Z</time>
    <name>Point 2392</name>
  </wpt>
  <wpt lat="1.376939" lon="103.752453">
    <time>2024-01-01T00:41:15.266Z</time>
    <name>Point 2393</name>
  </wpt>
  <wpt lat="1.376846" lon="103.752636">
    <time>2024-01-01T00:41:16.266Z</time>
    <name>Point 2394</name>
  </wpt>
  <wpt lat="1.376753" lon="103.752818">
    <time>2024-01-01T00:41:17.266Z</time>
    <name>Point 2395</name>
  </wpt>
  <wpt lat="1.376676" lon="103.752990">
    <time>2024-01-01T00:41:18.182Z</time>
    <name>Point 2396</name>
  </wpt>
  <wpt lat="1.376600" lon="103.753161">
    <time>2024-01-01T00:41:19.099Z</time>
    <name>Point 2397</name>
  </wpt>
  <wpt lat="1.376524" lon="103.753332">
    <time>2024-01-01T00:41:20.015Z</time>
    <name>Point 2398</name>
  </wpt>
  <wpt lat="1.376447" lon="103.753504">
    <time>2024-01-01T00:41:20.932Z</time>
    <name>Point 2399</name>
  </wpt>
  <wpt lat="1.376367" lon="103.753670">
    <time>2024-01-01T00:41:21.832Z</time>
    <name>Point 2400</name>
  </wpt>
  <wpt lat="1.376302" lon="103.753772">
    <time>2024-01-01T00:41:22.422Z</time>
    <name>Point 2401</name>
  </wpt>
  <wpt lat="1.376168" lon="103.753831">
    <time>2024-01-01T00:41:23.137Z</time>
    <name>Point 2402</name>
  </wpt>
  <wpt lat="1.376029" lon="103.753762">
    <time>2024-01-01T00:41:23.894Z</time>
    <name>Point 2403</name>
  </wpt>
  <wpt lat="1.375793" lon="103.753579">
    <time>2024-01-01T00:41:25.352Z</time>
    <name>Point 2404</name>
  </wpt>
  <wpt lat="1.375652" lon="103.753470">
    <time>2024-01-01T00:41:26.223Z</time>
    <name>Point 2405</name>
  </wpt>
  <wpt lat="1.375510" lon="103.753361">
    <time>2024-01-01T00:41:27.094Z</time>
    <name>Point 2406</name>
  </wpt>
  <wpt lat="1.375369" lon="103.753252">
    <time>2024-01-01T00:41:27.966Z</time>
    <name>Point 2407</name>
  </wpt>
  <wpt lat="1.375233" lon="103.753172">
    <time>2024-01-01T00:41:28.737Z</time>
    <name>Point 2408</name>
  </wpt>
  <wpt lat="1.375097" lon="103.753091">
    <time>2024-01-01T00:41:29.508Z</time>
    <name>Point 2409</name>
  </wpt>
  <wpt lat="1.374961" lon="103.753011">
    <time>2024-01-01T00:41:30.279Z</time>
    <name>Point 2410</name>
  </wpt>
  <wpt lat="1.374802" lon="103.752927">
    <time>2024-01-01T00:41:31.156Z</time>
    <name>Point 2411</name>
  </wpt>
  <wpt lat="1.374643" lon="103.752843">
    <time>2024-01-01T00:41:32.034Z</time>
    <name>Point 2412</name>
  </wpt>
  <wpt lat="1.374484" lon="103.752759">
    <time>2024-01-01T00:41:32.912Z</time>
    <name>Point 2413</name>
  </wpt>
  <wpt lat="1.374280" lon="103.752675">
    <time>2024-01-01T00:41:33.988Z</time>
    <name>Point 2414</name>
  </wpt>
  <wpt lat="1.374077" lon="103.752590">
    <time>2024-01-01T00:41:35.064Z</time>
    <name>Point 2415</name>
  </wpt>
  <wpt lat="1.373873" lon="103.752506">
    <time>2024-01-01T00:41:36.140Z</time>
    <name>Point 2416</name>
  </wpt>
  <wpt lat="1.373668" lon="103.752436">
    <time>2024-01-01T00:41:37.198Z</time>
    <name>Point 2417</name>
  </wpt>
  <wpt lat="1.373463" lon="103.752366">
    <time>2024-01-01T00:41:38.256Z</time>
    <name>Point 2418</name>
  </wpt>
  <wpt lat="1.373257" lon="103.752297">
    <time>2024-01-01T00:41:39.314Z</time>
    <name>Point 2419</name>
  </wpt>
  <wpt lat="1.373052" lon="103.752227">
    <time>2024-01-01T00:41:40.373Z</time>
    <name>Point 2420</name>
  </wpt>
  <wpt lat="1.372907" lon="103.752150">
    <time>2024-01-01T00:41:41.172Z</time>
    <name>Point 2421</name>
  </wpt>
  <wpt lat="1.372763" lon="103.752074">
    <time>2024-01-01T00:41:41.971Z</time>
    <name>Point 2422</name>
  </wpt>
  <wpt lat="1.372618" lon="103.751997">
    <time>2024-01-01T00:41:42.771Z</time>
    <name>Point 2423</name>
  </wpt>
  <wpt lat="1.372464" lon="103.751904">
    <time>2024-01-01T00:41:43.649Z</time>
    <name>Point 2424</name>
  </wpt>
  <wpt lat="1.372310" lon="103.751812">
    <time>2024-01-01T00:41:44.527Z</time>
    <name>Point 2425</name>
  </wpt>
  <wpt lat="1.372155" lon="103.751720">
    <time>2024-01-01T00:41:45.405Z</time>
    <name>Point 2426</name>
  </wpt>
  <wpt lat="1.372001" lon="103.751627">
    <time>2024-01-01T00:41:46.283Z</time>
    <name>Point 2427</name>
  </wpt>
  <wpt lat="1.371885" lon="103.751512">
    <time>2024-01-01T00:41:47.079Z</time>
    <name>Point 2428</name>
  </wpt>
  <wpt lat="1.371769" lon="103.751398">
    <time>2024-01-01T00:41:47.875Z</time>
    <name>Point 2429</name>
  </wpt>
  <wpt lat="1.371653" lon="103.751283">
    <time>2024-01-01T00:41:48.671Z</time>
    <name>Point 2430</name>
  </wpt>
  <wpt lat="1.371524" lon="103.751148">
    <time>2024-01-01T00:41:49.583Z</time>
    <name>Point 2431</name>
  </wpt>
  <wpt lat="1.371395" lon="103.751012">
    <time>2024-01-01T00:41:50.495Z</time>
    <name>Point 2432</name>
  </wpt>
  <wpt lat="1.371267" lon="103.750877">
    <time>2024-01-01T00:41:51.407Z</time>
    <name>Point 2433</name>
  </wpt>
  <wpt lat="1.371138" lon="103.750741">
    <time>2024-01-01T00:41:52.320Z</time>
    <name>Point 2434</name>
  </wpt>
  <wpt lat="1.370991" lon="103.750603">
    <time>2024-01-01T00:41:53.306Z</time>
    <name>Point 2435</name>
  </wpt>
  <wpt lat="1.370843" lon="103.750465">
    <time>2024-01-01T00:41:54.292Z</time>
    <name>Point 2436</name>
  </wpt>
  <wpt lat="1.370696" lon="103.750327">
    <time>2024-01-01T00:41:55.278Z</time>
    <name>Point 2437</name>
  </wpt>
  <wpt lat="1.370548" lon="103.750189">
    <time>2024-01-01T00:41:56.264Z</time>
    <name>Point 2438</name>
  </wpt>
  <wpt lat="1.370409" lon="103.750042">
    <time>2024-01-01T00:41:57.253Z</time>
    <name>Point 2439</name>
  </wpt>
  <wpt lat="1.370269" lon="103.749895">
    <time>2024-01-01T00:41:58.243Z</time>
    <name>Point 2440</name>
  </wpt>
  <wpt lat="1.370130" lon="103.749747">
    <time>2024-01-01T00:41:59.233Z</time>
    <name>Point 2441</name>
  </wpt>
  <wpt lat="1.369990" lon="103.749600">
    <time>2024-01-01T00:42:00.223Z</time>
    <name>Point 2442</name>
  </wpt>
  <wpt lat="1.369851" lon="103.749453">
    <time>2024-01-01T00:42:01.212Z</time>
    <name>Point 2443</name>
  </wpt>
  <wpt lat="1.369711" lon="103.749306">
    <time>2024-01-01T00:42:02.202Z</time>
    <name>Point 2444</name>
  </wpt>
  <wpt lat="1.369572" lon="103.749158">
    <time>2024-01-01T00:42:03.192Z</time>
    <name>Point 2445</name>
  </wpt>
  <wpt lat="1.369432" lon="103.749011">
    <time>2024-01-01T00:42:04.182Z</time>
    <name>Point 2446</name>
  </wpt>
  <wpt lat="1.369293" lon="103.748864">
    <time>2024-01-01T00:42:05.172Z</time>
    <name>Point 2447</name>
  </wpt>
  <wpt lat="1.369052" lon="103.748585">
    <time>2024-01-01T00:42:06.971Z</time>
    <name>Point 2448</name>
  </wpt>
  <wpt lat="1.368816" lon="103.748381">
    <time>2024-01-01T00:42:08.494Z</time>
    <name>Point 2449</name>
  </wpt>
  <wpt lat="1.368672" lon="103.748219">
    <time>2024-01-01T00:42:09.553Z</time>
    <name>Point 2450</name>
  </wpt>
  <wpt lat="1.368528" lon="103.748057">
    <time>2024-01-01T00:42:10.612Z</time>
    <name>Point 2451</name>
  </wpt>
  <wpt lat="1.368383" lon="103.747895">
    <time>2024-01-01T00:42:11.671Z</time>
    <name>Point 2452</name>
  </wpt>
  <wpt lat="1.368239" lon="103.747733">
    <time>2024-01-01T00:42:12.730Z</time>
    <name>Point 2453</name>
  </wpt>
  <wpt lat="1.368095" lon="103.747570">
    <time>2024-01-01T00:42:13.789Z</time>
    <name>Point 2454</name>
  </wpt>
  <wpt lat="1.367951" lon="103.747408">
    <time>2024-01-01T00:42:14.848Z</time>
    <name>Point 2455</name>
  </wpt>
  <wpt lat="1.367806" lon="103.747246">
    <time>2024-01-01T00:42:15.907Z</time>
    <name>Point 2456</name>
  </wpt>
  <wpt lat="1.367662" lon="103.747084">
    <time>2024-01-01T00:42:16.966Z</time>
    <name>Point 2457</name>
  </wpt>
  <wpt lat="1.367518" lon="103.746922">
    <time>2024-01-01T00:42:18.026Z</time>
    <name>Point 2458</name>
  </wpt>
  <wpt lat="1.367374" lon="103.746753">
    <time>2024-01-01T00:42:19.108Z</time>
    <name>Point 2459</name>
  </wpt>
  <wpt lat="1.367230" lon="103.746585">
    <time>2024-01-01T00:42:20.190Z</time>
    <name>Point 2460</name>
  </wpt>
  <wpt lat="1.367086" lon="103.746416">
    <time>2024-01-01T00:42:21.272Z</time>
    <name>Point 2461</name>
  </wpt>
  <wpt lat="1.366942" lon="103.746248">
    <time>2024-01-01T00:42:22.354Z</time>
    <name>Point 2462</name>
  </wpt>
  <wpt lat="1.366798" lon="103.746079">
    <time>2024-01-01T00:42:23.436Z</time>
    <name>Point 2463</name>
  </wpt>
  <wpt lat="1.366654" lon="103.745911">
    <time>2024-01-01T00:42:24.518Z</time>
    <name>Point 2464</name>
  </wpt>
  <wpt lat="1.366510" lon="103.745742">
    <time>2024-01-01T00:42:25.600Z</time>
    <name>Point 2465</name>
  </wpt>
  <wpt lat="1.366295" lon="103.745452">
    <time>2024-01-01T00:42:27.362Z</time>
    <name>Point 2466</name>
  </wpt>
  <wpt lat="1.366188" lon="103.745321">
    <time>2024-01-01T00:42:28.190Z</time>
    <name>Point 2467</name>
  </wpt>
  <wpt lat="1.366081" lon="103.745189">
    <time>2024-01-01T00:42:29.018Z</time>
    <name>Point 2468</name>
  </wpt>
  <wpt lat="1.365973" lon="103.745058">
    <time>2024-01-01T00:42:29.846Z</time>
    <name>Point 2469</name>
  </wpt>
  <wpt lat="1.365866" lon="103.744926">
    <time>2024-01-01T00:42:30.675Z</time>
    <name>Point 2470</name>
  </wpt>
  <wpt lat="1.365716" lon="103.744779">
    <time>2024-01-01T00:42:31.702Z</time>
    <name>Point 2471</name>
  </wpt>
  <wpt lat="1.365565" lon="103.744631">
    <time>2024-01-01T00:42:32.730Z</time>
    <name>Point 2472</name>
  </wpt>
  <wpt lat="1.365415" lon="103.744484">
    <time>2024-01-01T00:42:33.758Z</time>
    <name>Point 2473</name>
  </wpt>
  <wpt lat="1.365265" lon="103.744336">
    <time>2024-01-01T00:42:34.786Z</time>
    <name>Point 2474</name>
  </wpt>
  <wpt lat="1.365109" lon="103.744207">
    <time>2024-01-01T00:42:35.771Z</time>
    <name>Point 2475</name>
  </wpt>
  <wpt lat="1.364954" lon="103.744079">
    <time>2024-01-01T00:42:36.756Z</time>
    <name>Point 2476</name>
  </wpt>
  <wpt lat="1.364799" lon="103.743950">
    <time>2024-01-01T00:42:37.741Z</time>
    <name>Point 2477</name>
  </wpt>
  <wpt lat="1.364643" lon="103.743821">
    <time>2024-01-01T00:42:38.726Z</time>
    <name>Point 2478</name>
  </wpt>
  <wpt lat="1.364488" lon="103.743693">
    <time>2024-01-01T00:42:39.711Z</time>
    <name>Point 2479</name>
  </wpt>
  <wpt lat="1.364332" lon="103.743564">
    <time>2024-01-01T00:42:40.697Z</time>
    <name>Point 2480</name>
  </wpt>
  <wpt lat="1.364159" lon="103.743428">
    <time>2024-01-01T00:42:41.772Z</time>
    <name>Point 2481</name>
  </wpt>
  <wpt lat="1.363985" lon="103.743292">
    <time>2024-01-01T00:42:42.848Z</time>
    <name>Point 2482</name>
  </wpt>
  <wpt lat="1.363812" lon="103.743156">
    <time>2024-01-01T00:42:43.923Z</time>
    <name>Point 2483</name>
  </wpt>
  <wpt lat="1.363639" lon="103.743020">
    <time>2024-01-01T00:42:44.999Z</time>
    <name>Point 2484</name>
  </wpt>
  <wpt lat="1.363465" lon="103.742884">
    <time>2024-01-01T00:42:46.074Z</time>
    <name>Point 2485</name>
  </wpt>
  <wpt lat="1.363292" lon="103.742748">
    <time>2024-01-01T00:42:47.150Z</time>
    <name>Point 2486</name>
  </wpt>
  <wpt lat="1.363131" lon="103.742605">
    <time>2024-01-01T00:42:48.201Z</time>
    <name>Point 2487</name>
  </wpt>
  <wpt lat="1.362970" lon="103.742462">
    <time>2024-01-01T00:42:49.252Z</time>
    <name>Point 2488</name>
  </wpt>
  <wpt lat="1.362809" lon="103.742319">
    <time>2024-01-01T00:42:50.303Z</time>
    <name>Point 2489</name>
  </wpt>
  <wpt lat="1.362642" lon="103.742189">
    <time>2024-01-01T00:42:51.337Z</time>
    <name>Point 2490</name>
  </wpt>
  <wpt lat="1.362474" lon="103.742059">
    <time>2024-01-01T00:42:52.372Z</time>
    <name>Point 2491</name>
  </wpt>
  <wpt lat="1.362307" lon="103.741929">
    <time>2024-01-01T00:42:53.407Z</time>
    <name>Point 2492</name>
  </wpt>
  <wpt lat="1.362140" lon="103.741798">
    <time>2024-01-01T00:42:54.441Z</time>
    <name>Point 2493</name>
  </wpt>
  <wpt lat="1.361972" lon="103.741668">
    <time>2024-01-01T00:42:55.476Z</time>
    <name>Point 2494</name>
  </wpt>
  <wpt lat="1.361805" lon="103.741538">
    <time>2024-01-01T00:42:56.511Z</time>
    <name>Point 2495</name>
  </wpt>
  <wpt lat="1.361638" lon="103.741408">
    <time>2024-01-01T00:42:57.546Z</time>
    <name>Point 2496</name>
  </wpt>
  <wpt lat="1.361470" lon="103.741278">
    <time>2024-01-01T00:42:58.580Z</time>
    <name>Point 2497</name>
  </wpt>
  <wpt lat="1.361303" lon="103.741148">
    <time>2024-01-01T00:42:59.615Z</time>
    <name>Point 2498</name>
  </wpt>
  <wpt lat="1.361136" lon="103.741018">
    <time>2024-01-01T00:43:00.650Z</time>
    <name>Point 2499</name>
  </wpt>
  <wpt lat="1.360968" lon="103.740888">
    <time>2024-01-01T00:43:01.685Z</time>
    <name>Point 2500</name>
  </wpt>
  <wpt lat="1.360801" lon="103.740757">
    <time>2024-01-01T00:43:02.719Z</time>
    <name>Point 2501</name>
  </wpt>
  <wpt lat="1.360634" lon="103.740627">
    <time>2024-01-01T00:43:03.754Z</time>
    <name>Point 2502</name>
  </wpt>
  <wpt lat="1.360466" lon="103.740497">
    <time>2024-01-01T00:43:04.789Z</time>
    <name>Point 2503</name>
  </wpt>
  <wpt lat="1.360299" lon="103.740367">
    <time>2024-01-01T00:43:05.824Z</time>
    <name>Point 2504</name>
  </wpt>
  <wpt lat="1.360074" lon="103.740098">
    <time>2024-01-01T00:43:07.535Z</time>
    <name>Point 2505</name>
  </wpt>
  <wpt lat="1.359916" lon="103.739975">
    <time>2024-01-01T00:43:08.514Z</time>
    <name>Point 2506</name>
  </wpt>
  <wpt lat="1.359757" lon="103.739852">
    <time>2024-01-01T00:43:09.493Z</time>
    <name>Point 2507</name>
  </wpt>
  <wpt lat="1.359599" lon="103.739728">
    <time>2024-01-01T00:43:10.472Z</time>
    <name>Point 2508</name>
  </wpt>
  <wpt lat="1.359441" lon="103.739605">
    <time>2024-01-01T00:43:11.452Z</time>
    <name>Point 2509</name>
  </wpt>
  <wpt lat="1.359296" lon="103.739466">
    <time>2024-01-01T00:43:12.435Z</time>
    <name>Point 2510</name>
  </wpt>
  <wpt lat="1.359150" lon="103.739326">
    <time>2024-01-01T00:43:13.418Z</time>
    <name>Point 2511</name>
  </wpt>
  <wpt lat="1.359005" lon="103.739187">
    <time>2024-01-01T00:43:14.401Z</time>
    <name>Point 2512</name>
  </wpt>
  <wpt lat="1.358860" lon="103.739047">
    <time>2024-01-01T00:43:15.384Z</time>
    <name>Point 2513</name>
  </wpt>
  <wpt lat="1.358714" lon="103.738908">
    <time>2024-01-01T00:43:16.367Z</time>
    <name>Point 2514</name>
  </wpt>
  <wpt lat="1.358569" lon="103.738768">
    <time>2024-01-01T00:43:17.350Z</time>
    <name>Point 2515</name>
  </wpt>
  <wpt lat="1.358424" lon="103.738629">
    <time>2024-01-01T00:43:18.333Z</time>
    <name>Point 2516</name>
  </wpt>
  <wpt lat="1.358278" lon="103.738489">
    <time>2024-01-01T00:43:19.316Z</time>
    <name>Point 2517</name>
  </wpt>
  <wpt lat="1.358133" lon="103.738350">
    <time>2024-01-01T00:43:20.300Z</time>
    <name>Point 2518</name>
  </wpt>
  <wpt lat="1.357822" lon="103.738071">
    <time>2024-01-01T00:43:22.339Z</time>
    <name>Point 2519</name>
  </wpt>
  <wpt lat="1.357680" lon="103.737934">
    <time>2024-01-01T00:43:23.302Z</time>
    <name>Point 2520</name>
  </wpt>
  <wpt lat="1.357538" lon="103.737797">
    <time>2024-01-01T00:43:24.265Z</time>
    <name>Point 2521</name>
  </wpt>
  <wpt lat="1.357395" lon="103.737661">
    <time>2024-01-01T00:43:25.228Z</time>
    <name>Point 2522</name>
  </wpt>
  <wpt lat="1.357253" lon="103.737524">
    <time>2024-01-01T00:43:26.192Z</time>
    <name>Point 2523</name>
  </wpt>
  <wpt lat="1.356931" lon="103.737277">
    <time>2024-01-01T00:43:28.173Z</time>
    <name>Point 2524</name>
  </wpt>
  <wpt lat="1.356762" lon="103.737189">
    <time>2024-01-01T00:43:29.104Z</time>
    <name>Point 2525</name>
  </wpt>
  <wpt lat="1.356592" lon="103.737101">
    <time>2024-01-01T00:43:30.036Z</time>
    <name>Point 2526</name>
  </wpt>
  <wpt lat="1.356423" lon="103.737013">
    <time>2024-01-01T00:43:30.968Z</time>
    <name>Point 2527</name>
  </wpt>
  <wpt lat="1.356253" lon="103.736925">
    <time>2024-01-01T00:43:31.900Z</time>
    <name>Point 2528</name>
  </wpt>
  <wpt lat="1.356084" lon="103.736837">
    <time>2024-01-01T00:43:32.832Z</time>
    <name>Point 2529</name>
  </wpt>
  <wpt lat="1.355666" lon="103.736708">
    <time>2024-01-01T00:43:34.967Z</time>
    <name>Point 2530</name>
  </wpt>
  <wpt lat="1.355498" lon="103.736672">
    <time>2024-01-01T00:43:35.805Z</time>
    <name>Point 2531</name>
  </wpt>
  <wpt lat="1.355330" lon="103.736637">
    <time>2024-01-01T00:43:36.643Z</time>
    <name>Point 2532</name>
  </wpt>
  <wpt lat="1.355162" lon="103.736601">
    <time>2024-01-01T00:43:37.482Z</time>
    <name>Point 2533</name>
  </wpt>
  <wpt lat="1.354939" lon="103.736615">
    <time>2024-01-01T00:43:38.571Z</time>
    <name>Point 2534</name>
  </wpt>
  <wpt lat="1.354716" lon="103.736628">
    <time>2024-01-01T00:43:39.661Z</time>
    <name>Point 2535</name>
  </wpt>
  <wpt lat="1.354494" lon="103.736641">
    <time>2024-01-01T00:43:40.750Z</time>
    <name>Point 2536</name>
  </wpt>
  <wpt lat="1.354271" lon="103.736655">
    <time>2024-01-01T00:43:41.840Z</time>
    <name>Point 2537</name>
  </wpt>
  <wpt lat="1.354064" lon="103.736701">
    <time>2024-01-01T00:43:42.877Z</time>
    <name>Point 2538</name>
  </wpt>
  <wpt lat="1.353856" lon="103.736748">
    <time>2024-01-01T00:43:43.914Z</time>
    <name>Point 2539</name>
  </wpt>
  <wpt lat="1.353649" lon="103.736794">
    <time>2024-01-01T00:43:44.951Z</time>
    <name>Point 2540</name>
  </wpt>
  <wpt lat="1.353480" lon="103.736858">
    <time>2024-01-01T00:43:45.832Z</time>
    <name>Point 2541</name>
  </wpt>
  <wpt lat="1.353312" lon="103.736922">
    <time>2024-01-01T00:43:46.714Z</time>
    <name>Point 2542</name>
  </wpt>
  <wpt lat="1.353143" lon="103.736987">
    <time>2024-01-01T00:43:47.595Z</time>
    <name>Point 2543</name>
  </wpt>
  <wpt lat="1.352974" lon="103.737051">
    <time>2024-01-01T00:43:48.477Z</time>
    <name>Point 2544</name>
  </wpt>
  <wpt lat="1.352796" lon="103.737138">
    <time>2024-01-01T00:43:49.444Z</time>
    <name>Point 2545</name>
  </wpt>
  <wpt lat="1.352618" lon="103.737226">
    <time>2024-01-01T00:43:50.411Z</time>
    <name>Point 2546</name>
  </wpt>
  <wpt lat="1.352440" lon="103.737313">
    <time>2024-01-01T00:43:51.379Z</time>
    <name>Point 2547</name>
  </wpt>
  <wpt lat="1.352263" lon="103.737401">
    <time>2024-01-01T00:43:52.346Z</time>
    <name>Point 2548</name>
  </wpt>
  <wpt lat="1.352085" lon="103.737488">
    <time>2024-01-01T00:43:53.314Z</time>
    <name>Point 2549</name>
  </wpt>
  <wpt lat="1.351907" lon="103.737576">
    <time>2024-01-01T00:43:54.281Z</time>
    <name>Point 2550</name>
  </wpt>
  <wpt lat="1.351729" lon="103.737663">
    <time>2024-01-01T00:43:55.249Z</time>
    <name>Point 2551</name>
  </wpt>
  <wpt lat="1.351531" lon="103.737728">
    <time>2024-01-01T00:43:56.266Z</time>
    <name>Point 2552</name>
  </wpt>
  <wpt lat="1.351332" lon="103.737792">
    <time>2024-01-01T00:43:57.284Z</time>
    <name>Point 2553</name>
  </wpt>
  <wpt lat="1.351134" lon="103.737856">
    <time>2024-01-01T00:43:58.302Z</time>
    <name>Point 2554</name>
  </wpt>
  <wpt lat="1.350936" lon="103.737921">
    <time>2024-01-01T00:43:59.320Z</time>
    <name>Point 2555</name>
  </wpt>
  <wpt lat="1.350729" lon="103.737982">
    <time>2024-01-01T00:44:00.374Z</time>
    <name>Point 2556</name>
  </wpt>
  <wpt lat="1.350521" lon="103.738042">
    <time>2024-01-01T00:44:01.429Z</time>
    <name>Point 2557</name>
  </wpt>
  <wpt lat="1.350314" lon="103.738103">
    <time>2024-01-01T00:44:02.484Z</time>
    <name>Point 2558</name>
  </wpt>
  <wpt lat="1.350164" lon="103.738142">
    <time>2024-01-01T00:44:03.242Z</time>
    <name>Point 2559</name>
  </wpt>
  <wpt lat="1.350013" lon="103.738182">
    <time>2024-01-01T00:44:04.000Z</time>
    <name>Point 2560</name>
  </wpt>
  <wpt lat="1.349863" lon="103.738221">
    <time>2024-01-01T00:44:04.759Z</time>
    <name>Point 2561</name>
  </wpt>
  <wpt lat="1.349874" lon="103.738393">
    <time>2024-01-01T00:44:05.600Z</time>
    <name>Point 2562</name>
  </wpt>
  <wpt lat="1.349852" lon="103.738629">
    <time>2024-01-01T00:44:06.757Z</time>
    <name>Point 2563</name>
  </wpt>
  <wpt lat="1.349885" lon="103.739004">
    <time>2024-01-01T00:44:08.594Z</time>
    <name>Point 2564</name>
  </wpt>
  <wpt lat="1.349863" lon="103.739219">
    <time>2024-01-01T00:44:09.649Z</time>
    <name>Point 2565</name>
  </wpt>
  <wpt lat="1.349927" lon="103.739358">
    <time>2024-01-01T00:44:10.396Z</time>
    <name>Point 2566</name>
  </wpt>
  <wpt lat="1.350067" lon="103.739476">
    <time>2024-01-01T00:44:11.290Z</time>
    <name>Point 2567</name>
  </wpt>
  <wpt lat="1.350485" lon="103.739519">
    <time>2024-01-01T00:44:13.341Z</time>
    <name>Point 2568</name>
  </wpt>
  <wpt lat="1.350660" lon="103.739523">
    <time>2024-01-01T00:44:14.197Z</time>
    <name>Point 2569</name>
  </wpt>
  <wpt lat="1.350836" lon="103.739526">
    <time>2024-01-01T00:44:15.053Z</time>
    <name>Point 2570</name>
  </wpt>
  <wpt lat="1.351011" lon="103.739530">
    <time>2024-01-01T00:44:15.909Z</time>
    <name>Point 2571</name>
  </wpt>
  <wpt lat="1.351180" lon="103.739535">
    <time>2024-01-01T00:44:16.733Z</time>
    <name>Point 2572</name>
  </wpt>
  <wpt lat="1.351348" lon="103.739541">
    <time>2024-01-01T00:44:17.557Z</time>
    <name>Point 2573</name>
  </wpt>
  <wpt lat="1.351517" lon="103.739546">
    <time>2024-01-01T00:44:18.381Z</time>
    <name>Point 2574</name>
  </wpt>
  <wpt lat="1.351686" lon="103.739551">
    <time>2024-01-01T00:44:19.206Z</time>
    <name>Point 2575</name>
  </wpt>
  <wpt lat="1.351965" lon="103.739476">
    <time>2024-01-01T00:44:20.617Z</time>
    <name>Point 2576</name>
  </wpt>
  <wpt lat="1.352292" lon="103.739337">
    <time>2024-01-01T00:44:22.351Z</time>
    <name>Point 2577</name>
  </wpt>
  <wpt lat="1.352641" lon="103.739160">
    <time>2024-01-01T00:44:24.261Z</time>
    <name>Point 2578</name>
  </wpt>
  <wpt lat="1.352770" lon="103.739095">
    <time>2024-01-01T00:44:24.966Z</time>
    <name>Point 2579</name>
  </wpt>
  <wpt lat="1.352904" lon="103.739027">
    <time>2024-01-01T00:44:25.699Z</time>
    <name>Point 2580</name>
  </wpt>
  <wpt lat="1.353038" lon="103.738959">
    <time>2024-01-01T00:44:26.433Z</time>
    <name>Point 2581</name>
  </wpt>
  <wpt lat="1.353172" lon="103.738891">
    <time>2024-01-01T00:44:27.167Z</time>
    <name>Point 2582</name>
  </wpt>
  <wpt lat="1.353370" lon="103.738800">
    <time>2024-01-01T00:44:28.231Z</time>
    <name>Point 2583</name>
  </wpt>
  <wpt lat="1.353537" lon="103.738757">
    <time>2024-01-01T00:44:29.073Z</time>
    <name>Point 2584</name>
  </wpt>
  <wpt lat="1.353746" lon="103.738714">
    <time>2024-01-01T00:44:30.114Z</time>
    <name>Point 2585</name>
  </wpt>
  <wpt lat="1.353976" lon="103.738720">
    <time>2024-01-01T00:44:31.237Z</time>
    <name>Point 2586</name>
  </wpt>
  <wpt lat="1.354159" lon="103.738752">
    <time>2024-01-01T00:44:32.144Z</time>
    <name>Point 2587</name>
  </wpt>
  <wpt lat="1.354346" lon="103.738822">
    <time>2024-01-01T00:44:33.119Z</time>
    <name>Point 2588</name>
  </wpt>
  <wpt lat="1.354577" lon="103.738924">
    <time>2024-01-01T00:44:34.352Z</time>
    <name>Point 2589</name>
  </wpt>
  <wpt lat="1.354888" lon="103.739160">
    <time>2024-01-01T00:44:36.257Z</time>
    <name>Point 2590</name>
  </wpt>
  <wpt lat="1.355059" lon="103.739290">
    <time>2024-01-01T00:44:37.303Z</time>
    <name>Point 2591</name>
  </wpt>
  <wpt lat="1.355229" lon="103.739419">
    <time>2024-01-01T00:44:38.349Z</time>
    <name>Point 2592</name>
  </wpt>
  <wpt lat="1.355400" lon="103.739549">
    <time>2024-01-01T00:44:39.396Z</time>
    <name>Point 2593</name>
  </wpt>
  <wpt lat="1.355571" lon="103.739679">
    <time>2024-01-01T00:44:40.442Z</time>
    <name>Point 2594</name>
  </wpt>
  <wpt lat="1.355741" lon="103.739808">
    <time>2024-01-01T00:44:41.488Z</time>
    <name>Point 2595</name>
  </wpt>
  <wpt lat="1.355912" lon="103.739938">
    <time>2024-01-01T00:44:42.535Z</time>
    <name>Point 2596</name>
  </wpt>
  <wpt lat="1.356127" lon="103.739852">
    <time>2024-01-01T00:44:43.665Z</time>
    <name>Point 2597</name>
  </wpt>
  <wpt lat="1.356395" lon="103.739583">
    <time>2024-01-01T00:44:45.518Z</time>
    <name>Point 2598</name>
  </wpt>
  <wpt lat="1.356527" lon="103.739436">
    <time>2024-01-01T00:44:46.481Z</time>
    <name>Point 2599</name>
  </wpt>
  <wpt lat="1.356660" lon="103.739290">
    <time>2024-01-01T00:44:47.445Z</time>
    <name>Point 2600</name>
  </wpt>
  <wpt lat="1.356792" lon="103.739143">
    <time>2024-01-01T00:44:48.409Z</time>
    <name>Point 2601</name>
  </wpt>
  <wpt lat="1.356924" lon="103.738997">
    <time>2024-01-01T00:44:49.372Z</time>
    <name>Point 2602</name>
  </wpt>
  <wpt lat="1.357057" lon="103.738850">
    <time>2024-01-01T00:44:50.336Z</time>
    <name>Point 2603</name>
  </wpt>
  <wpt lat="1.357189" lon="103.738704">
    <time>2024-01-01T00:44:51.300Z</time>
    <name>Point 2604</name>
  </wpt>
  <wpt lat="1.357303" lon="103.738579">
    <time>2024-01-01T00:44:52.128Z</time>
    <name>Point 2605</name>
  </wpt>
  <wpt lat="1.357418" lon="103.738453">
    <time>2024-01-01T00:44:52.956Z</time>
    <name>Point 2606</name>
  </wpt>
  <wpt lat="1.357532" lon="103.738328">
    <time>2024-01-01T00:44:53.784Z</time>
    <name>Point 2607</name>
  </wpt>
  <wpt lat="1.357725" lon="103.738103">
    <time>2024-01-01T00:44:55.231Z</time>
    <name>Point 2608</name>
  </wpt>
  <wpt lat="1.357907" lon="103.737974">
    <time>2024-01-01T00:44:56.320Z</time>
    <name>Point 2609</name>
  </wpt>
  <wpt lat="1.358090" lon="103.737996">
    <time>2024-01-01T00:44:57.220Z</time>
    <name>Point 2610</name>
  </wpt>
  <wpt lat="1.358251" lon="103.738146">
    <time>2024-01-01T00:44:58.294Z</time>
    <name>Point 2611</name>
  </wpt>
  <wpt lat="1.358415" lon="103.738298">
    <time>2024-01-01T00:44:59.386Z</time>
    <name>Point 2612</name>
  </wpt>
  <wpt lat="1.358580" lon="103.738450">
    <time>2024-01-01T00:45:00.479Z</time>
    <name>Point 2613</name>
  </wpt>
  <wpt lat="1.358744" lon="103.738602">
    <time>2024-01-01T00:45:01.572Z</time>
    <name>Point 2614</name>
  </wpt>
  <wpt lat="1.358909" lon="103.738754">
    <time>2024-01-01T00:45:02.665Z</time>
    <name>Point 2615</name>
  </wpt>
  <wpt lat="1.359073" lon="103.738906">
    <time>2024-01-01T00:45:03.758Z</time>
    <name>Point 2616</name>
  </wpt>
  <wpt lat="1.359238" lon="103.739058">
    <time>2024-01-01T00:45:04.851Z</time>
    <name>Point 2617</name>
  </wpt>
  <wpt lat="1.359402" lon="103.739210">
    <time>2024-01-01T00:45:05.944Z</time>
    <name>Point 2618</name>
  </wpt>
  <wpt lat="1.359566" lon="103.739362">
    <time>2024-01-01T00:45:07.037Z</time>
    <name>Point 2619</name>
  </wpt>
  <wpt lat="1.359731" lon="103.739514">
    <time>2024-01-01T00:45:08.130Z</time>
    <name>Point 2620</name>
  </wpt>
  <wpt lat="1.359895" lon="103.739666">
    <time>2024-01-01T00:45:09.223Z</time>
    <name>Point 2621</name>
  </wpt>
  <wpt lat="1.360060" lon="103.739818">
    <time>2024-01-01T00:45:10.316Z</time>
    <name>Point 2622</name>
  </wpt>
  <wpt lat="1.360224" lon="103.739970">
    <time>2024-01-01T00:45:11.409Z</time>
    <name>Point 2623</name>
  </wpt>
  <wpt lat="1.360396" lon="103.740109">
    <time>2024-01-01T00:45:12.489Z</time>
    <name>Point 2624</name>
  </wpt>
  <wpt lat="1.360181" lon="103.740367">
    <time>2024-01-01T00:45:14.128Z</time>
    <name>Point 2625</name>
  </wpt>
  <wpt lat="1.360050" lon="103.740528">
    <time>2024-01-01T00:45:15.139Z</time>
    <name>Point 2626</name>
  </wpt>
  <wpt lat="1.359919" lon="103.740689">
    <time>2024-01-01T00:45:16.151Z</time>
    <name>Point 2627</name>
  </wpt>
  <wpt lat="1.359789" lon="103.740849">
    <time>2024-01-01T00:45:17.162Z</time>
    <name>Point 2628</name>
  </wpt>
  <wpt lat="1.359658" lon="103.741010">
    <time>2024-01-01T00:45:18.174Z</time>
    <name>Point 2629</name>
  </wpt>
  <wpt lat="1.359527" lon="103.741171">
    <time>2024-01-01T00:45:19.186Z</time>
    <name>Point 2630</name>
  </wpt>
  <wpt lat="1.359403" lon="103.741334">
    <time>2024-01-01T00:45:20.187Z</time>
    <name>Point 2631</name>
  </wpt>
  <wpt lat="1.359278" lon="103.741497">
    <time>2024-01-01T00:45:21.189Z</time>
    <name>Point 2632</name>
  </wpt>
  <wpt lat="1.359154" lon="103.741661">
    <time>2024-01-01T00:45:22.190Z</time>
    <name>Point 2633</name>
  </wpt>
  <wpt lat="1.359029" lon="103.741824">
    <time>2024-01-01T00:45:23.192Z</time>
    <name>Point 2634</name>
  </wpt>
  <wpt lat="1.358905" lon="103.741987">
    <time>2024-01-01T00:45:24.194Z</time>
    <name>Point 2635</name>
  </wpt>
  <wpt lat="1.358889" lon="103.742094">
    <time>2024-01-01T00:45:24.722Z</time>
    <name>Point 2636</name>
  </wpt>
  <wpt lat="1.358910" lon="103.742201">
    <time>2024-01-01T00:45:25.254Z</time>
    <name>Point 2637</name>
  </wpt>
  <wpt lat="1.358959" lon="103.742319">
    <time>2024-01-01T00:45:25.878Z</time>
    <name>Point 2638</name>
  </wpt>
  <wpt lat="1.359132" lon="103.742442">
    <time>2024-01-01T00:45:26.916Z</time>
    <name>Point 2639</name>
  </wpt>
  <wpt lat="1.359306" lon="103.742566">
    <time>2024-01-01T00:45:27.954Z</time>
    <name>Point 2640</name>
  </wpt>
  <wpt lat="1.359479" lon="103.742689">
    <time>2024-01-01T00:45:28.993Z</time>
    <name>Point 2641</name>
  </wpt>
  <wpt lat="1.359648" lon="103.742802">
    <time>2024-01-01T00:45:29.984Z</time>
    <name>Point 2642</name>
  </wpt>
  <wpt lat="1.359817" lon="103.742914">
    <time>2024-01-01T00:45:30.976Z</time>
    <name>Point 2643</name>
  </wpt>
  <wpt lat="1.359986" lon="103.743027">
    <time>2024-01-01T00:45:31.968Z</time>
    <name>Point 2644</name>
  </wpt>
  <wpt lat="1.360155" lon="103.743140">
    <time>2024-01-01T00:45:32.960Z</time>
    <name>Point 2645</name>
  </wpt>
  <wpt lat="1.360525" lon="103.743333">
    <time>2024-01-01T00:45:34.997Z</time>
    <name>Point 2646</name>
  </wpt>
  <wpt lat="1.360852" lon="103.743457">
    <time>2024-01-01T00:45:36.704Z</time>
    <name>Point 2647</name>
  </wpt>
  <wpt lat="1.361136" lon="103.743564">
    <time>2024-01-01T00:45:38.186Z</time>
    <name>Point 2648</name>
  </wpt>
  <wpt lat="1.361302" lon="103.743601">
    <time>2024-01-01T00:45:39.016Z</time>
    <name>Point 2649</name>
  </wpt>
  <wpt lat="1.361463" lon="103.743601">
    <time>2024-01-01T00:45:39.802Z</time>
    <name>Point 2650</name>
  </wpt>
  <wpt lat="1.361640" lon="103.743505">
    <time>2024-01-01T00:45:40.785Z</time>
    <name>Point 2651</name>
  </wpt>
  <wpt lat="1.361717" lon="103.743373">
    <time>2024-01-01T00:45:41.532Z</time>
    <name>Point 2652</name>
  </wpt>
  <wpt lat="1.361794" lon="103.743240">
    <time>2024-01-01T00:45:42.279Z</time>
    <name>Point 2653</name>
  </wpt>
  <wpt lat="1.361871" lon="103.743108">
    <time>2024-01-01T00:45:43.027Z</time>
    <name>Point 2654</name>
  </wpt>
  <wpt lat="1.361991" lon="103.742956">
    <time>2024-01-01T00:45:43.971Z</time>
    <name>Point 2655</name>
  </wpt>
  <wpt lat="1.362110" lon="103.742804">
    <time>2024-01-01T00:45:44.915Z</time>
    <name>Point 2656</name>
  </wpt>
  <wpt lat="1.362230" lon="103.742652">
    <time>2024-01-01T00:45:45.859Z</time>
    <name>Point 2657</name>
  </wpt>
  <wpt lat="1.362327" lon="103.742641">
    <time>2024-01-01T00:45:46.336Z</time>
    <name>Point 2658</name>
  </wpt>
  <wpt lat="1.362337" lon="103.742727">
    <time>2024-01-01T00:45:46.758Z</time>
    <name>Point 2659</name>
  </wpt>
  <wpt lat="1.362166" lon="103.742899">
    <time>2024-01-01T00:45:47.942Z</time>
    <name>Point 2660</name>
  </wpt>
  <wpt lat="1.361924" lon="103.743231">
    <time>2024-01-01T00:45:49.947Z</time>
    <name>Point 2661</name>
  </wpt>
  <wpt lat="1.361831" lon="103.743431">
    <time>2024-01-01T00:45:51.025Z</time>
    <name>Point 2662</name>
  </wpt>
  <wpt lat="1.361738" lon="103.743632">
    <time>2024-01-01T00:45:52.103Z</time>
    <name>Point 2663</name>
  </wpt>
  <wpt lat="1.361645" lon="103.743832">
    <time>2024-01-01T00:45:53.181Z</time>
    <name>Point 2664</name>
  </wpt>
  <wpt lat="1.361572" lon="103.744007">
    <time>2024-01-01T00:45:54.106Z</time>
    <name>Point 2665</name>
  </wpt>
  <wpt lat="1.361499" lon="103.744182">
    <time>2024-01-01T00:45:55.031Z</time>
    <name>Point 2666</name>
  </wpt>
  <wpt lat="1.361427" lon="103.744357">
    <time>2024-01-01T00:45:55.956Z</time>
    <name>Point 2667</name>
  </wpt>
  <wpt lat="1.361354" lon="103.744532">
    <time>2024-01-01T00:45:56.881Z</time>
    <name>Point 2668</name>
  </wpt>
  <wpt lat="1.361281" lon="103.744707">
    <time>2024-01-01T00:45:57.807Z</time>
    <name>Point 2669</name>
  </wpt>
  <wpt lat="1.361224" lon="103.744853">
    <time>2024-01-01T00:45:58.574Z</time>
    <name>Point 2670</name>
  </wpt>
  <wpt lat="1.361166" lon="103.745000">
    <time>2024-01-01T00:45:59.341Z</time>
    <name>Point 2671</name>
  </wpt>
  <wpt lat="1.361109" lon="103.745146">
    <time>2024-01-01T00:46:00.108Z</time>
    <name>Point 2672</name>
  </wpt>
  <wpt lat="1.360943" lon="103.745382">
    <time>2024-01-01T00:46:01.516Z</time>
    <name>Point 2673</name>
  </wpt>
  <wpt lat="1.360675" lon="103.745635">
    <time>2024-01-01T00:46:03.315Z</time>
    <name>Point 2674</name>
  </wpt>
  <wpt lat="1.360407" lon="103.745817">
    <time>2024-01-01T00:46:04.896Z</time>
    <name>Point 2675</name>
  </wpt>
  <wpt lat="1.360112" lon="103.746112">
    <time>2024-01-01T00:46:06.933Z</time>
    <name>Point 2676</name>
  </wpt>
  <wpt lat="1.359963" lon="103.746272">
    <time>2024-01-01T00:46:07.998Z</time>
    <name>Point 2677</name>
  </wpt>
  <wpt lat="1.359814" lon="103.746431">
    <time>2024-01-01T00:46:09.063Z</time>
    <name>Point 2678</name>
  </wpt>
  <wpt lat="1.359665" lon="103.746590">
    <time>2024-01-01T00:46:10.128Z</time>
    <name>Point 2679</name>
  </wpt>
  <wpt lat="1.359516" lon="103.746750">
    <time>2024-01-01T00:46:11.194Z</time>
    <name>Point 2680</name>
  </wpt>
  <wpt lat="1.359232" lon="103.747013">
    <time>2024-01-01T00:46:13.083Z</time>
    <name>Point 2681</name>
  </wpt>
  <wpt lat="1.358835" lon="103.747212">
    <time>2024-01-01T00:46:15.251Z</time>
    <name>Point 2682</name>
  </wpt>
  <wpt lat="1.358412" lon="103.747276">
    <time>2024-01-01T00:46:17.340Z</time>
    <name>Point 2683</name>
  </wpt>
  <wpt lat="1.357972" lon="103.747324">
    <time>2024-01-01T00:46:19.500Z</time>
    <name>Point 2684</name>
  </wpt>
  <wpt lat="1.357807" lon="103.747326">
    <time>2024-01-01T00:46:20.304Z</time>
    <name>Point 2685</name>
  </wpt>
  <wpt lat="1.357643" lon="103.747328">
    <time>2024-01-01T00:46:21.108Z</time>
    <name>Point 2686</name>
  </wpt>
  <wpt lat="1.357478" lon="103.747330">
    <time>2024-01-01T00:46:21.912Z</time>
    <name>Point 2687</name>
  </wpt>
  <wpt lat="1.357297" lon="103.747331">
    <time>2024-01-01T00:46:22.796Z</time>
    <name>Point 2688</name>
  </wpt>
  <wpt lat="1.357116" lon="103.747332">
    <time>2024-01-01T00:46:23.681Z</time>
    <name>Point 2689</name>
  </wpt>
  <wpt lat="1.356934" lon="103.747333">
    <time>2024-01-01T00:46:24.565Z</time>
    <name>Point 2690</name>
  </wpt>
  <wpt lat="1.356753" lon="103.747334">
    <time>2024-01-01T00:46:25.450Z</time>
    <name>Point 2691</name>
  </wpt>
  <wpt lat="1.356572" lon="103.747335">
    <time>2024-01-01T00:46:26.335Z</time>
    <name>Point 2692</name>
  </wpt>
  <wpt lat="1.356481" lon="103.747405">
    <time>2024-01-01T00:46:26.895Z</time>
    <name>Point 2693</name>
  </wpt>
  <wpt lat="1.356493" lon="103.747625">
    <time>2024-01-01T00:46:27.970Z</time>
    <name>Point 2694</name>
  </wpt>
  <wpt lat="1.356506" lon="103.747845">
    <time>2024-01-01T00:46:29.046Z</time>
    <name>Point 2695</name>
  </wpt>
  <wpt lat="1.356518" lon="103.748065">
    <time>2024-01-01T00:46:30.122Z</time>
    <name>Point 2696</name>
  </wpt>
  <wpt lat="1.356521" lon="103.748278">
    <time>2024-01-01T00:46:31.163Z</time>
    <name>Point 2697</name>
  </wpt>
  <wpt lat="1.356525" lon="103.748492">
    <time>2024-01-01T00:46:32.205Z</time>
    <name>Point 2698</name>
  </wpt>
  <wpt lat="1.356528" lon="103.748705">
    <time>2024-01-01T00:46:33.246Z</time>
    <name>Point 2699</name>
  </wpt>
  <wpt lat="1.356532" lon="103.748919">
    <time>2024-01-01T00:46:34.288Z</time>
    <name>Point 2700</name>
  </wpt>
  <wpt lat="1.356535" lon="103.749132">
    <time>2024-01-01T00:46:35.330Z</time>
    <name>Point 2701</name>
  </wpt>
  <wpt lat="1.356553" lon="103.749295">
    <time>2024-01-01T00:46:36.128Z</time>
    <name>Point 2702</name>
  </wpt>
  <wpt lat="1.356570" lon="103.749457">
    <time>2024-01-01T00:46:36.926Z</time>
    <name>Point 2703</name>
  </wpt>
  <wpt lat="1.356588" lon="103.749620">
    <time>2024-01-01T00:46:37.725Z</time>
    <name>Point 2704</name>
  </wpt>
  <wpt lat="1.356712" lon="103.750049">
    <time>2024-01-01T00:46:39.905Z</time>
    <name>Point 2705</name>
  </wpt>
  <wpt lat="1.356862" lon="103.750253">
    <time>2024-01-01T00:46:41.140Z</time>
    <name>Point 2706</name>
  </wpt>
  <wpt lat="1.357178" lon="103.750570">
    <time>2024-01-01T00:46:43.325Z</time>
    <name>Point 2707</name>
  </wpt>
  <wpt lat="1.357468" lon="103.750811">
    <time>2024-01-01T00:46:45.166Z</time>
    <name>Point 2708</name>
  </wpt>
  <wpt lat="1.357725" lon="103.751085">
    <time>2024-01-01T00:46:46.999Z</time>
    <name>Point 2709</name>
  </wpt>
  <wpt lat="1.357988" lon="103.751294">
    <time>2024-01-01T00:46:48.639Z</time>
    <name>Point 2710</name>
  </wpt>
  <wpt lat="1.358106" lon="103.751396">
    <time>2024-01-01T00:46:49.400Z</time>
    <name>Point 2711</name>
  </wpt>
  <wpt lat="1.358106" lon="103.751525">
    <time>2024-01-01T00:46:50.030Z</time>
    <name>Point 2712</name>
  </wpt>
  <wpt lat="1.358009" lon="103.751911">
    <time>2024-01-01T00:46:51.972Z</time>
    <name>Point 2713</name>
  </wpt>
  <wpt lat="1.357918" lon="103.752324">
    <time>2024-01-01T00:46:54.036Z</time>
    <name>Point 2714</name>
  </wpt>
  <wpt lat="1.357730" lon="103.752673">
    <time>2024-01-01T00:46:55.971Z</time>
    <name>Point 2715</name>
  </wpt>
  <wpt lat="1.357543" lon="103.752887">
    <time>2024-01-01T00:46:57.358Z</time>
    <name>Point 2716</name>
  </wpt>
  <wpt lat="1.357307" lon="103.753129">
    <time>2024-01-01T00:46:59.008Z</time>
    <name>Point 2717</name>
  </wpt>
  <wpt lat="1.357076" lon="103.753295">
    <time>2024-01-01T00:47:00.397Z</time>
    <name>Point 2718</name>
  </wpt>
  <wpt lat="1.356840" lon="103.753381">
    <time>2024-01-01T00:47:01.623Z</time>
    <name>Point 2719</name>
  </wpt>
  <wpt lat="1.356620" lon="103.753375">
    <time>2024-01-01T00:47:02.697Z</time>
    <name>Point 2720</name>
  </wpt>
  <wpt lat="1.356443" lon="103.753332">
    <time>2024-01-01T00:47:03.586Z</time>
    <name>Point 2721</name>
  </wpt>
  <wpt lat="1.356143" lon="103.753231">
    <time>2024-01-01T00:47:05.132Z</time>
    <name>Point 2722</name>
  </wpt>
  <wpt lat="1.355880" lon="103.753139">
    <time>2024-01-01T00:47:06.492Z</time>
    <name>Point 2723</name>
  </wpt>
  <wpt lat="1.355735" lon="103.753145">
    <time>2024-01-01T00:47:07.200Z</time>
    <name>Point 2724</name>
  </wpt>
  <wpt lat="1.355526" lon="103.753182">
    <time>2024-01-01T00:47:08.236Z</time>
    <name>Point 2725</name>
  </wpt>
  <wpt lat="1.355371" lon="103.753236">
    <time>2024-01-01T00:47:09.038Z</time>
    <name>Point 2726</name>
  </wpt>
  <wpt lat="1.355274" lon="103.753322">
    <time>2024-01-01T00:47:09.670Z</time>
    <name>Point 2727</name>
  </wpt>
  <wpt lat="1.355151" lon="103.753472">
    <time>2024-01-01T00:47:10.617Z</time>
    <name>Point 2728</name>
  </wpt>
  <wpt lat="1.355054" lon="103.753638">
    <time>2024-01-01T00:47:11.556Z</time>
    <name>Point 2729</name>
  </wpt>
  <wpt lat="1.354985" lon="103.753858">
    <time>2024-01-01T00:47:12.681Z</time>
    <name>Point 2730</name>
  </wpt>
  <wpt lat="1.354937" lon="103.754022">
    <time>2024-01-01T00:47:13.514Z</time>
    <name>Point 2731</name>
  </wpt>
  <wpt lat="1.354888" lon="103.754186">
    <time>2024-01-01T00:47:14.347Z</time>
    <name>Point 2732</name>
  </wpt>
  <wpt lat="1.354840" lon="103.754349">
    <time>2024-01-01T00:47:15.180Z</time>
    <name>Point 2733</name>
  </wpt>
  <wpt lat="1.354792" lon="103.754513">
    <time>2024-01-01T00:47:16.014Z</time>
    <name>Point 2734</name>
  </wpt>
  <wpt lat="1.354577" lon="103.754797">
    <time>2024-01-01T00:47:17.752Z</time>
    <name>Point 2735</name>
  </wpt>
  <wpt lat="1.354464" lon="103.754883">
    <time>2024-01-01T00:47:18.445Z</time>
    <name>Point 2736</name>
  </wpt>
  <wpt lat="1.354218" lon="103.754942">
    <time>2024-01-01T00:47:19.680Z</time>
    <name>Point 2737</name>
  </wpt>
  <wpt lat="1.353869" lon="103.754974">
    <time>2024-01-01T00:47:21.391Z</time>
    <name>Point 2738</name>
  </wpt>
  <wpt lat="1.353429" lon="103.754974">
    <time>2024-01-01T00:47:23.539Z</time>
    <name>Point 2739</name>
  </wpt>
  <wpt lat="1.353183" lon="103.754974">
    <time>2024-01-01T00:47:24.740Z</time>
    <name>Point 2740</name>
  </wpt>
  <wpt lat="1.352995" lon="103.755044">
    <time>2024-01-01T00:47:25.719Z</time>
    <name>Point 2741</name>
  </wpt>
  <wpt lat="1.352845" lon="103.755183">
    <time>2024-01-01T00:47:26.717Z</time>
    <name>Point 2742</name>
  </wpt>
  <wpt lat="1.352679" lon="103.755339">
    <time>2024-01-01T00:47:27.829Z</time>
    <name>Point 2743</name>
  </wpt>
  <wpt lat="1.352523" lon="103.755451">
    <time>2024-01-01T00:47:28.767Z</time>
    <name>Point 2744</name>
  </wpt>
  <wpt lat="1.352314" lon="103.755564">
    <time>2024-01-01T00:47:29.927Z</time>
    <name>Point 2745</name>
  </wpt>
  <wpt lat="1.352089" lon="103.755591">
    <time>2024-01-01T00:47:31.033Z</time>
    <name>Point 2746</name>
  </wpt>
  <wpt lat="1.351894" lon="103.755598">
    <time>2024-01-01T00:47:31.983Z</time>
    <name>Point 2747</name>
  </wpt>
  <wpt lat="1.351700" lon="103.755605">
    <time>2024-01-01T00:47:32.933Z</time>
    <name>Point 2748</name>
  </wpt>
  <wpt lat="1.351506" lon="103.755611">
    <time>2024-01-01T00:47:33.883Z</time>
    <name>Point 2749</name>
  </wpt>
  <wpt lat="1.351311" lon="103.755618">
    <time>2024-01-01T00:47:34.833Z</time>
    <name>Point 2750</name>
  </wpt>
  <wpt lat="1.351306" lon="103.755752">
    <time>2024-01-01T00:47:35.487Z</time>
    <name>Point 2751</name>
  </wpt>
  <wpt lat="1.351333" lon="103.756074">
    <time>2024-01-01T00:47:37.064Z</time>
    <name>Point 2752</name>
  </wpt>
  <wpt lat="1.351356" lon="103.756292">
    <time>2024-01-01T00:47:38.134Z</time>
    <name>Point 2753</name>
  </wpt>
  <wpt lat="1.351379" lon="103.756510">
    <time>2024-01-01T00:47:39.205Z</time>
    <name>Point 2754</name>
  </wpt>
  <wpt lat="1.351403" lon="103.756728">
    <time>2024-01-01T00:47:40.275Z</time>
    <name>Point 2755</name>
  </wpt>
  <wpt lat="1.351426" lon="103.756946">
    <time>2024-01-01T00:47:41.346Z</time>
    <name>Point 2756</name>
  </wpt>
  <wpt lat="1.351449" lon="103.757165">
    <time>2024-01-01T00:47:42.416Z</time>
    <name>Point 2757</name>
  </wpt>
  <wpt lat="1.351472" lon="103.757383">
    <time>2024-01-01T00:47:43.487Z</time>
    <name>Point 2758</name>
  </wpt>
  <wpt lat="1.351496" lon="103.757601">
    <time>2024-01-01T00:47:44.557Z</time>
    <name>Point 2759</name>
  </wpt>
  <wpt lat="1.351519" lon="103.757819">
    <time>2024-01-01T00:47:45.628Z</time>
    <name>Point 2760</name>
  </wpt>
  <wpt lat="1.351542" lon="103.758037">
    <time>2024-01-01T00:47:46.699Z</time>
    <name>Point 2761</name>
  </wpt>
  <wpt lat="1.351571" lon="103.758236">
    <time>2024-01-01T00:47:47.682Z</time>
    <name>Point 2762</name>
  </wpt>
  <wpt lat="1.351601" lon="103.758436">
    <time>2024-01-01T00:47:48.665Z</time>
    <name>Point 2763</name>
  </wpt>
  <wpt lat="1.351630" lon="103.758635">
    <time>2024-01-01T00:47:49.649Z</time>
    <name>Point 2764</name>
  </wpt>
  <wpt lat="1.351660" lon="103.758834">
    <time>2024-01-01T00:47:50.632Z</time>
    <name>Point 2765</name>
  </wpt>
  <wpt lat="1.351689" lon="103.759034">
    <time>2024-01-01T00:47:51.615Z</time>
    <name>Point 2766</name>
  </wpt>
  <wpt lat="1.351719" lon="103.759233">
    <time>2024-01-01T00:47:52.599Z</time>
    <name>Point 2767</name>
  </wpt>
  <wpt lat="1.351740" lon="103.759387">
    <time>2024-01-01T00:47:53.358Z</time>
    <name>Point 2768</name>
  </wpt>
  <wpt lat="1.351762" lon="103.759541">
    <time>2024-01-01T00:47:54.117Z</time>
    <name>Point 2769</name>
  </wpt>
  <wpt lat="1.351783" lon="103.759695">
    <time>2024-01-01T00:47:54.876Z</time>
    <name>Point 2770</name>
  </wpt>
  <wpt lat="1.351815" lon="103.759925">
    <time>2024-01-01T00:47:56.009Z</time>
    <name>Point 2771</name>
  </wpt>
  <wpt lat="1.351799" lon="103.760043">
    <time>2024-01-01T00:47:56.590Z</time>
    <name>Point 2772</name>
  </wpt>
  <wpt lat="1.351611" lon="103.760113">
    <time>2024-01-01T00:47:57.569Z</time>
    <name>Point 2773</name>
  </wpt>
  <wpt lat="1.351420" lon="103.760196">
    <time>2024-01-01T00:47:58.584Z</time>
    <name>Point 2774</name>
  </wpt>
  <wpt lat="1.351229" lon="103.760278">
    <time>2024-01-01T00:47:59.599Z</time>
    <name>Point 2775</name>
  </wpt>
  <wpt lat="1.351039" lon="103.760361">
    <time>2024-01-01T00:48:00.614Z</time>
    <name>Point 2776</name>
  </wpt>
  <wpt lat="1.350848" lon="103.760443">
    <time>2024-01-01T00:48:01.629Z</time>
    <name>Point 2777</name>
  </wpt>
  <wpt lat="1.350657" lon="103.760526">
    <time>2024-01-01T00:48:02.644Z</time>
    <name>Point 2778</name>
  </wpt>
  <wpt lat="1.350308" lon="103.760692">
    <time>2024-01-01T00:48:04.531Z</time>
    <name>Point 2779</name>
  </wpt>
  <wpt lat="1.350163" lon="103.760737">
    <time>2024-01-01T00:48:05.270Z</time>
    <name>Point 2780</name>
  </wpt>
  <wpt lat="1.350019" lon="103.760782">
    <time>2024-01-01T00:48:06.009Z</time>
    <name>Point 2781</name>
  </wpt>
  <wpt lat="1.349874" lon="103.760827">
    <time>2024-01-01T00:48:06.749Z</time>
    <name>Point 2782</name>
  </wpt>
  <wpt lat="1.349715" lon="103.760855">
    <time>2024-01-01T00:48:07.537Z</time>
    <name>Point 2783</name>
  </wpt>
  <wpt lat="1.349556" lon="103.760884">
    <time>2024-01-01T00:48:08.326Z</time>
    <name>Point 2784</name>
  </wpt>
  <wpt lat="1.349397" lon="103.760912">
    <time>2024-01-01T00:48:09.115Z</time>
    <name>Point 2785</name>
  </wpt>
  <wpt lat="1.349010" lon="103.760902">
    <time>2024-01-01T00:48:11.004Z</time>
    <name>Point 2786</name>
  </wpt>
  <wpt lat="1.348790" lon="103.760907">
    <time>2024-01-01T00:48:12.077Z</time>
    <name>Point 2787</name>
  </wpt>
  <wpt lat="1.348570" lon="103.760911">
    <time>2024-01-01T00:48:13.151Z</time>
    <name>Point 2788</name>
  </wpt>
  <wpt lat="1.348350" lon="103.760916">
    <time>2024-01-01T00:48:14.224Z</time>
    <name>Point 2789</name>
  </wpt>
  <wpt lat="1.348131" lon="103.760920">
    <time>2024-01-01T00:48:15.298Z</time>
    <name>Point 2790</name>
  </wpt>
  <wpt lat="1.347911" lon="103.760925">
    <time>2024-01-01T00:48:16.371Z</time>
    <name>Point 2791</name>
  </wpt>
  <wpt lat="1.347691" lon="103.760929">
    <time>2024-01-01T00:48:17.445Z</time>
    <name>Point 2792</name>
  </wpt>
  <wpt lat="1.347471" lon="103.760934">
    <time>2024-01-01T00:48:18.519Z</time>
    <name>Point 2793</name>
  </wpt>
  <wpt lat="1.347287" lon="103.760948">
    <time>2024-01-01T00:48:19.420Z</time>
    <name>Point 2794</name>
  </wpt>
  <wpt lat="1.347103" lon="103.760963">
    <time>2024-01-01T00:48:20.321Z</time>
    <name>Point 2795</name>
  </wpt>
  <wpt lat="1.346919" lon="103.760977">
    <time>2024-01-01T00:48:21.222Z</time>
    <name>Point 2796</name>
  </wpt>
  <wpt lat="1.346795" lon="103.761036">
    <time>2024-01-01T00:48:21.892Z</time>
    <name>Point 2797</name>
  </wpt>
  <wpt lat="1.346720" lon="103.761111">
    <time>2024-01-01T00:48:22.410Z</time>
    <name>Point 2798</name>
  </wpt>
  <wpt lat="1.346704" lon="103.761497">
    <time>2024-01-01T00:48:24.295Z</time>
    <name>Point 2799</name>
  </wpt>
  <wpt lat="1.346699" lon="103.761696">
    <time>2024-01-01T00:48:25.265Z</time>
    <name>Point 2800</name>
  </wpt>
  <wpt lat="1.346693" lon="103.761894">
    <time>2024-01-01T00:48:26.235Z</time>
    <name>Point 2801</name>
  </wpt>
  <wpt lat="1.346688" lon="103.762093">
    <time>2024-01-01T00:48:27.205Z</time>
    <name>Point 2802</name>
  </wpt>
  <wpt lat="1.346700" lon="103.762307">
    <time>2024-01-01T00:48:28.253Z</time>
    <name>Point 2803</name>
  </wpt>
  <wpt lat="1.346713" lon="103.762522">
    <time>2024-01-01T00:48:29.302Z</time>
    <name>Point 2804</name>
  </wpt>
  <wpt lat="1.346725" lon="103.762737">
    <time>2024-01-01T00:48:30.350Z</time>
    <name>Point 2805</name>
  </wpt>
  <wpt lat="1.346737" lon="103.762951">
    <time>2024-01-01T00:48:31.399Z</time>
    <name>Point 2806</name>
  </wpt>
  <wpt lat="1.346767" lon="103.763166">
    <time>2024-01-01T00:48:32.457Z</time>
    <name>Point 2807</name>
  </wpt>
  <wpt lat="1.346798" lon="103.763380">
    <time>2024-01-01T00:48:33.515Z</time>
    <name>Point 2808</name>
  </wpt>
  <wpt lat="1.346828" lon="103.763595">
    <time>2024-01-01T00:48:34.573Z</time>
    <name>Point 2809</name>
  </wpt>
  <wpt lat="1.346896" lon="103.763809">
    <time>2024-01-01T00:48:35.670Z</time>
    <name>Point 2810</name>
  </wpt>
  <wpt lat="1.346963" lon="103.764024">
    <time>2024-01-01T00:48:36.767Z</time>
    <name>Point 2811</name>
  </wpt>
  <wpt lat="1.347031" lon="103.764238">
    <time>2024-01-01T00:48:37.864Z</time>
    <name>Point 2812</name>
  </wpt>
  <wpt lat="1.347085" lon="103.764435">
    <time>2024-01-01T00:48:38.859Z</time>
    <name>Point 2813</name>
  </wpt>
  <wpt lat="1.347138" lon="103.764631">
    <time>2024-01-01T00:48:39.854Z</time>
    <name>Point 2814</name>
  </wpt>
  <wpt lat="1.347192" lon="103.764828">
    <time>2024-01-01T00:48:40.849Z</time>
    <name>Point 2815</name>
  </wpt>
  <wpt lat="1.347226" lon="103.764994">
    <time>2024-01-01T00:48:41.677Z</time>
    <name>Point 2816</name>
  </wpt>
  <wpt lat="1.347260" lon="103.765161">
    <time>2024-01-01T00:48:42.506Z</time>
    <name>Point 2817</name>
  </wpt>
  <wpt lat="1.347294" lon="103.765327">
    <time>2024-01-01T00:48:43.335Z</time>
    <name>Point 2818</name>
  </wpt>
  <wpt lat="1.347294" lon="103.765746">
    <time>2024-01-01T00:48:45.380Z</time>
    <name>Point 2819</name>
  </wpt>
  <wpt lat="1.347296" lon="103.765901">
    <time>2024-01-01T00:48:46.138Z</time>
    <name>Point 2820</name>
  </wpt>
  <wpt lat="1.347298" lon="103.766057">
    <time>2024-01-01T00:48:46.896Z</time>
    <name>Point 2821</name>
  </wpt>
  <wpt lat="1.347300" lon="103.766212">
    <time>2024-01-01T00:48:47.654Z</time>
    <name>Point 2822</name>
  </wpt>
  <wpt lat="1.347257" lon="103.766518">
    <time>2024-01-01T00:48:49.162Z</time>
    <name>Point 2823</name>
  </wpt>
  <wpt lat="1.347273" lon="103.766803">
    <time>2024-01-01T00:48:50.555Z</time>
    <name>Point 2824</name>
  </wpt>
  <wpt lat="1.347343" lon="103.767108">
    <time>2024-01-01T00:48:52.083Z</time>
    <name>Point 2825</name>
  </wpt>
  <wpt lat="1.347405" lon="103.767253">
    <time>2024-01-01T00:48:52.853Z</time>
    <name>Point 2826</name>
  </wpt>
  <wpt lat="1.347468" lon="103.767398">
    <time>2024-01-01T00:48:53.623Z</time>
    <name>Point 2827</name>
  </wpt>
  <wpt lat="1.347530" lon="103.767543">
    <time>2024-01-01T00:48:54.393Z</time>
    <name>Point 2828</name>
  </wpt>
  <wpt lat="1.347632" lon="103.767729">
    <time>2024-01-01T00:48:55.427Z</time>
    <name>Point 2829</name>
  </wpt>
  <wpt lat="1.347734" lon="103.767915">
    <time>2024-01-01T00:48:56.461Z</time>
    <name>Point 2830</name>
  </wpt>
  <wpt lat="1.347836" lon="103.768100">
    <time>2024-01-01T00:48:57.495Z</time>
    <name>Point 2831</name>
  </wpt>
  <wpt lat="1.347938" lon="103.768286">
    <time>2024-01-01T00:48:58.529Z</time>
    <name>Point 2832</name>
  </wpt>
  <wpt lat="1.348039" lon="103.768472">
    <time>2024-01-01T00:48:59.563Z</time>
    <name>Point 2833</name>
  </wpt>
  <wpt lat="1.348141" lon="103.768658">
    <time>2024-01-01T00:49:00.597Z</time>
    <name>Point 2834</name>
  </wpt>
  <wpt lat="1.348243" lon="103.768843">
    <time>2024-01-01T00:49:01.631Z</time>
    <name>Point 2835</name>
  </wpt>
  <wpt lat="1.348345" lon="103.769029">
    <time>2024-01-01T00:49:02.665Z</time>
    <name>Point 2836</name>
  </wpt>
  <wpt lat="1.348438" lon="103.769204">
    <time>2024-01-01T00:49:03.633Z</time>
    <name>Point 2837</name>
  </wpt>
  <wpt lat="1.348531" lon="103.769379">
    <time>2024-01-01T00:49:04.601Z</time>
    <name>Point 2838</name>
  </wpt>
  <wpt lat="1.348624" lon="103.769554">
    <time>2024-01-01T00:49:05.569Z</time>
    <name>Point 2839</name>
  </wpt>
  <wpt lat="1.348717" lon="103.769730">
    <time>2024-01-01T00:49:06.537Z</time>
    <name>Point 2840</name>
  </wpt>
  <wpt lat="1.348810" lon="103.769905">
    <time>2024-01-01T00:49:07.505Z</time>
    <name>Point 2841</name>
  </wpt>
  <wpt lat="1.348903" lon="103.770080">
    <time>2024-01-01T00:49:08.473Z</time>
    <name>Point 2842</name>
  </wpt>
  <wpt lat="1.348978" lon="103.770198">
    <time>2024-01-01T00:49:09.155Z</time>
    <name>Point 2843</name>
  </wpt>
  <wpt lat="1.349026" lon="103.770306">
    <time>2024-01-01T00:49:09.732Z</time>
    <name>Point 2844</name>
  </wpt>
  <wpt lat="1.349021" lon="103.770413">
    <time>2024-01-01T00:49:10.255Z</time>
    <name>Point 2845</name>
  </wpt>
  <wpt lat="1.348951" lon="103.770488">
    <time>2024-01-01T00:49:10.756Z</time>
    <name>Point 2846</name>
  </wpt>
  <wpt lat="1.348801" lon="103.770590">
    <time>2024-01-01T00:49:11.641Z</time>
    <name>Point 2847</name>
  </wpt>
  <wpt lat="1.348651" lon="103.770692">
    <time>2024-01-01T00:49:12.527Z</time>
    <name>Point 2848</name>
  </wpt>
  <wpt lat="1.348501" lon="103.770794">
    <time>2024-01-01T00:49:13.412Z</time>
    <name>Point 2849</name>
  </wpt>
  <wpt lat="1.348351" lon="103.770896">
    <time>2024-01-01T00:49:14.298Z</time>
    <name>Point 2850</name>
  </wpt>
  <wpt lat="1.348172" lon="103.771007">
    <time>2024-01-01T00:49:15.328Z</time>
    <name>Point 2851</name>
  </wpt>
  <wpt lat="1.347993" lon="103.771119">
    <time>2024-01-01T00:49:16.358Z</time>
    <name>Point 2852</name>
  </wpt>
  <wpt lat="1.347813" lon="103.771230">
    <time>2024-01-01T00:49:17.388Z</time>
    <name>Point 2853</name>
  </wpt>
  <wpt lat="1.347634" lon="103.771342">
    <time>2024-01-01T00:49:18.418Z</time>
    <name>Point 2854</name>
  </wpt>
  <wpt lat="1.347455" lon="103.771453">
    <time>2024-01-01T00:49:19.448Z</time>
    <name>Point 2855</name>
  </wpt>
  <wpt lat="1.347290" lon="103.771566">
    <time>2024-01-01T00:49:20.424Z</time>
    <name>Point 2856</name>
  </wpt>
  <wpt lat="1.347125" lon="103.771679">
    <time>2024-01-01T00:49:21.400Z</time>
    <name>Point 2857</name>
  </wpt>
  <wpt lat="1.346959" lon="103.771791">
    <time>2024-01-01T00:49:22.377Z</time>
    <name>Point 2858</name>
  </wpt>
  <wpt lat="1.346794" lon="103.771904">
    <time>2024-01-01T00:49:23.353Z</time>
    <name>Point 2859</name>
  </wpt>
  <wpt lat="1.346629" lon="103.772017">
    <time>2024-01-01T00:49:24.330Z</time>
    <name>Point 2860</name>
  </wpt>
  <wpt lat="1.346484" lon="103.772167">
    <time>2024-01-01T00:49:25.347Z</time>
    <name>Point 2861</name>
  </wpt>
  <wpt lat="1.346340" lon="103.772317">
    <time>2024-01-01T00:49:26.364Z</time>
    <name>Point 2862</name>
  </wpt>
  <wpt lat="1.346195" lon="103.772467">
    <time>2024-01-01T00:49:27.381Z</time>
    <name>Point 2863</name>
  </wpt>
  <wpt lat="1.346092" lon="103.772638">
    <time>2024-01-01T00:49:28.354Z</time>
    <name>Point 2864</name>
  </wpt>
  <wpt lat="1.345989" lon="103.772808">
    <time>2024-01-01T00:49:29.327Z</time>
    <name>Point 2865</name>
  </wpt>
  <wpt lat="1.345885" lon="103.772979">
    <time>2024-01-01T00:49:30.300Z</time>
    <name>Point 2866</name>
  </wpt>
  <wpt lat="1.345782" lon="103.773149">
    <time>2024-01-01T00:49:31.273Z</time>
    <name>Point 2867</name>
  </wpt>
  <wpt lat="1.345680" lon="103.773331">
    <time>2024-01-01T00:49:32.292Z</time>
    <name>Point 2868</name>
  </wpt>
  <wpt lat="1.345578" lon="103.773514">
    <time>2024-01-01T00:49:33.311Z</time>
    <name>Point 2869</name>
  </wpt>
  <wpt lat="1.345476" lon="103.773696">
    <time>2024-01-01T00:49:34.330Z</time>
    <name>Point 2870</name>
  </wpt>
  <wpt lat="1.345374" lon="103.773878">
    <time>2024-01-01T00:49:35.350Z</time>
    <name>Point 2871</name>
  </wpt>
  <wpt lat="1.345278" lon="103.774051">
    <time>2024-01-01T00:49:36.315Z</time>
    <name>Point 2872</name>
  </wpt>
  <wpt lat="1.345181" lon="103.774223">
    <time>2024-01-01T00:49:37.281Z</time>
    <name>Point 2873</name>
  </wpt>
  <wpt lat="1.345085" lon="103.774396">
    <time>2024-01-01T00:49:38.246Z</time>
    <name>Point 2874</name>
  </wpt>
  <wpt lat="1.344988" lon="103.774569">
    <time>2024-01-01T00:49:39.212Z</time>
    <name>Point 2875</name>
  </wpt>
  <wpt lat="1.344891" lon="103.774741">
    <time>2024-01-01T00:49:40.177Z</time>
    <name>Point 2876</name>
  </wpt>
  <wpt lat="1.344795" lon="103.774914">
    <time>2024-01-01T00:49:41.143Z</time>
    <name>Point 2877</name>
  </wpt>
  <wpt lat="1.344690" lon="103.775088">
    <time>2024-01-01T00:49:42.134Z</time>
    <name>Point 2878</name>
  </wpt>
  <wpt lat="1.344585" lon="103.775262">
    <time>2024-01-01T00:49:43.125Z</time>
    <name>Point 2879</name>
  </wpt>
  <wpt lat="1.344480" lon="103.775435">
    <time>2024-01-01T00:49:44.116Z</time>
    <name>Point 2880</name>
  </wpt>
  <wpt lat="1.344375" lon="103.775609">
    <time>2024-01-01T00:49:45.107Z</time>
    <name>Point 2881</name>
  </wpt>
  <wpt lat="1.344270" lon="103.775783">
    <time>2024-01-01T00:49:46.098Z</time>
    <name>Point 2882</name>
  </wpt>
  <wpt lat="1.344118" lon="103.775947">
    <time>2024-01-01T00:49:47.190Z</time>
    <name>Point 2883</name>
  </wpt>
  <wpt lat="1.343966" lon="103.776112">
    <time>2024-01-01T00:49:48.283Z</time>
    <name>Point 2884</name>
  </wpt>
  <wpt lat="1.343814" lon="103.776276">
    <time>2024-01-01T00:49:49.376Z</time>
    <name>Point 2885</name>
  </wpt>
  <wpt lat="1.343707" lon="103.776383">
    <time>2024-01-01T00:49:50.116Z</time>
    <name>Point 2886</name>
  </wpt>
  <wpt lat="1.343599" lon="103.776491">
    <time>2024-01-01T00:49:50.857Z</time>
    <name>Point 2887</name>
  </wpt>
  <wpt lat="1.343492" lon="103.776598">
    <time>2024-01-01T00:49:51.598Z</time>
    <name>Point 2888</name>
  </wpt>
  <wpt lat="1.343326" lon="103.776742">
    <time>2024-01-01T00:49:52.670Z</time>
    <name>Point 2889</name>
  </wpt>
  <wpt lat="1.343160" lon="103.776885">
    <time>2024-01-01T00:49:53.742Z</time>
    <name>Point 2890</name>
  </wpt>
  <wpt lat="1.342993" lon="103.777029">
    <time>2024-01-01T00:49:54.815Z</time>
    <name>Point 2891</name>
  </wpt>
  <wpt lat="1.342827" lon="103.777173">
    <time>2024-01-01T00:49:55.887Z</time>
    <name>Point 2892</name>
  </wpt>
  <wpt lat="1.342661" lon="103.777316">
    <time>2024-01-01T00:49:56.960Z</time>
    <name>Point 2893</name>
  </wpt>
  <wpt lat="1.342495" lon="103.777460">
    <time>2024-01-01T00:49:58.032Z</time>
    <name>Point 2894</name>
  </wpt>
  <wpt lat="1.342328" lon="103.777604">
    <time>2024-01-01T00:49:59.105Z</time>
    <name>Point 2895</name>
  </wpt>
  <wpt lat="1.342162" lon="103.777747">
    <time>2024-01-01T00:50:00.177Z</time>
    <name>Point 2896</name>
  </wpt>
  <wpt lat="1.341996" lon="103.777891">
    <time>2024-01-01T00:50:01.250Z</time>
    <name>Point 2897</name>
  </wpt>
  <wpt lat="1.341825" lon="103.778030">
    <time>2024-01-01T00:50:02.326Z</time>
    <name>Point 2898</name>
  </wpt>
  <wpt lat="1.341654" lon="103.778170">
    <time>2024-01-01T00:50:03.403Z</time>
    <name>Point 2899</name>
  </wpt>
  <wpt lat="1.341483" lon="103.778310">
    <time>2024-01-01T00:50:04.480Z</time>
    <name>Point 2900</name>
  </wpt>
  <wpt lat="1.341313" lon="103.778449">
    <time>2024-01-01T00:50:05.556Z</time>
    <name>Point 2901</name>
  </wpt>
  <wpt lat="1.341142" lon="103.778588">
    <time>2024-01-01T00:50:06.633Z</time>
    <name>Point 2902</name>
  </wpt>
  <wpt lat="1.340971" lon="103.778728">
    <time>2024-01-01T00:50:07.710Z</time>
    <name>Point 2903</name>
  </wpt>
  <wpt lat="1.340827" lon="103.778830">
    <time>2024-01-01T00:50:08.571Z</time>
    <name>Point 2904</name>
  </wpt>
  <wpt lat="1.340725" lon="103.778889">
    <time>2024-01-01T00:50:09.146Z</time>
    <name>Point 2905</name>
  </wpt>
  <wpt lat="1.340633" lon="103.778974">
    <time>2024-01-01T00:50:09.758Z</time>
    <name>Point 2906</name>
  </wpt>
  <wpt lat="1.340301" lon="103.779146">
    <time>2024-01-01T00:50:11.583Z</time>
    <name>Point 2907</name>
  </wpt>
  <wpt lat="1.340065" lon="103.779286">
    <time>2024-01-01T00:50:12.922Z</time>
    <name>Point 2908</name>
  </wpt>
  <wpt lat="1.339908" lon="103.779348">
    <time>2024-01-01T00:50:13.748Z</time>
    <name>Point 2909</name>
  </wpt>
  <wpt lat="1.339750" lon="103.779411">
    <time>2024-01-01T00:50:14.574Z</time>
    <name>Point 2910</name>
  </wpt>
  <wpt lat="1.339593" lon="103.779473">
    <time>2024-01-01T00:50:15.401Z</time>
    <name>Point 2911</name>
  </wpt>
  <wpt lat="1.339261" lon="103.779522">
    <time>2024-01-01T00:50:17.039Z</time>
    <name>Point 2912</name>
  </wpt>
  <wpt lat="1.338901" lon="103.779473">
    <time>2024-01-01T00:50:18.812Z</time>
    <name>Point 2913</name>
  </wpt>
  <wpt lat="1.338542" lon="103.779425">
    <time>2024-01-01T00:50:20.581Z</time>
    <name>Point 2914</name>
  </wpt>
  <wpt lat="1.338374" lon="103.779368">
    <time>2024-01-01T00:50:21.447Z</time>
    <name>Point 2915</name>
  </wpt>
  <wpt lat="1.338206" lon="103.779310">
    <time>2024-01-01T00:50:22.313Z</time>
    <name>Point 2916</name>
  </wpt>
  <wpt lat="1.338038" lon="103.779253">
    <time>2024-01-01T00:50:23.180Z</time>
    <name>Point 2917</name>
  </wpt>
  <wpt lat="1.337813" lon="103.779269">
    <time>2024-01-01T00:50:24.281Z</time>
    <name>Point 2918</name>
  </wpt>
  <wpt lat="1.337673" lon="103.779328">
    <time>2024-01-01T00:50:25.023Z</time>
    <name>Point 2919</name>
  </wpt>
  <wpt lat="1.337555" lon="103.779441">
    <time>2024-01-01T00:50:25.820Z</time>
    <name>Point 2920</name>
  </wpt>
  <wpt lat="1.337459" lon="103.779538">
    <time>2024-01-01T00:50:26.487Z</time>
    <name>Point 2921</name>
  </wpt>
  <wpt lat="1.337367" lon="103.779699">
    <time>2024-01-01T00:50:27.392Z</time>
    <name>Point 2922</name>
  </wpt>
  <wpt lat="1.337304" lon="103.779890">
    <time>2024-01-01T00:50:28.375Z</time>
    <name>Point 2923</name>
  </wpt>
  <wpt lat="1.337240" lon="103.780082">
    <time>2024-01-01T00:50:29.359Z</time>
    <name>Point 2924</name>
  </wpt>
  <wpt lat="1.337177" lon="103.780273">
    <time>2024-01-01T00:50:30.342Z</time>
    <name>Point 2925</name>
  </wpt>
  <wpt lat="1.337114" lon="103.780464">
    <time>2024-01-01T00:50:31.326Z</time>
    <name>Point 2926</name>
  </wpt>
  <wpt lat="1.337050" lon="103.780656">
    <time>2024-01-01T00:50:32.309Z</time>
    <name>Point 2927</name>
  </wpt>
  <wpt lat="1.336987" lon="103.780847">
    <time>2024-01-01T00:50:33.293Z</time>
    <name>Point 2928</name>
  </wpt>
  <wpt lat="1.336922" lon="103.781043">
    <time>2024-01-01T00:50:34.299Z</time>
    <name>Point 2929</name>
  </wpt>
  <wpt lat="1.336856" lon="103.781238">
    <time>2024-01-01T00:50:35.306Z</time>
    <name>Point 2930</name>
  </wpt>
  <wpt lat="1.336791" lon="103.781434">
    <time>2024-01-01T00:50:36.313Z</time>
    <name>Point 2931</name>
  </wpt>
  <wpt lat="1.336726" lon="103.781630">
    <time>2024-01-01T00:50:37.320Z</time>
    <name>Point 2932</name>
  </wpt>
  <wpt lat="1.336660" lon="103.781825">
    <time>2024-01-01T00:50:38.327Z</time>
    <name>Point 2933</name>
  </wpt>
  <wpt lat="1.336595" lon="103.782021">
    <time>2024-01-01T00:50:39.334Z</time>
    <name>Point 2934</name>
  </wpt>
  <wpt lat="1.336535" lon="103.782199">
    <time>2024-01-01T00:50:40.250Z</time>
    <name>Point 2935</name>
  </wpt>
  <wpt lat="1.336475" lon="103.782377">
    <time>2024-01-01T00:50:41.167Z</time>
    <name>Point 2936</name>
  </wpt>
  <wpt lat="1.336415" lon="103.782555">
    <time>2024-01-01T00:50:42.083Z</time>
    <name>Point 2937</name>
  </wpt>
  <wpt lat="1.336356" lon="103.782733">
    <time>2024-01-01T00:50:43.000Z</time>
    <name>Point 2938</name>
  </wpt>
  <wpt lat="1.336296" lon="103.782911">
    <time>2024-01-01T00:50:43.916Z</time>
    <name>Point 2939</name>
  </wpt>
  <wpt lat="1.336236" lon="103.783089">
    <time>2024-01-01T00:50:44.833Z</time>
    <name>Point 2940</name>
  </wpt>
  <wpt lat="1.336164" lon="103.783275">
    <time>2024-01-01T00:50:45.804Z</time>
    <name>Point 2941</name>
  </wpt>
  <wpt lat="1.336092" lon="103.783460">
    <time>2024-01-01T00:50:46.775Z</time>
    <name>Point 2942</name>
  </wpt>
  <wpt lat="1.336021" lon="103.783646">
    <time>2024-01-01T00:50:47.746Z</time>
    <name>Point 2943</name>
  </wpt>
  <wpt lat="1.335949" lon="103.783831">
    <time>2024-01-01T00:50:48.717Z</time>
    <name>Point 2944</name>
  </wpt>
  <wpt lat="1.335877" lon="103.784017">
    <time>2024-01-01T00:50:49.689Z</time>
    <name>Point 2945</name>
  </wpt>
  <wpt lat="1.335810" lon="103.784222">
    <time>2024-01-01T00:50:50.740Z</time>
    <name>Point 2946</name>
  </wpt>
  <wpt lat="1.335743" lon="103.784426">
    <time>2024-01-01T00:50:51.791Z</time>
    <name>Point 2947</name>
  </wpt>
  <wpt lat="1.335676" lon="103.784631">
    <time>2024-01-01T00:50:52.843Z</time>
    <name>Point 2948</name>
  </wpt>
  <wpt lat="1.335608" lon="103.784836">
    <time>2024-01-01T00:50:53.894Z</time>
    <name>Point 2949</name>
  </wpt>
  <wpt lat="1.335541" lon="103.785040">
    <time>2024-01-01T00:50:54.945Z</time>
    <name>Point 2950</name>
  </wpt>
  <wpt lat="1.335474" lon="103.785245">
    <time>2024-01-01T00:50:55.997Z</time>
    <name>Point 2951</name>
  </wpt>
  <wpt lat="1.335398" lon="103.785456">
    <time>2024-01-01T00:50:57.091Z</time>
    <name>Point 2952</name>
  </wpt>
  <wpt lat="1.335322" lon="103.785667">
    <time>2024-01-01T00:50:58.185Z</time>
    <name>Point 2953</name>
  </wpt>
  <wpt lat="1.335245" lon="103.785877">
    <time>2024-01-01T00:50:59.279Z</time>
    <name>Point 2954</name>
  </wpt>
  <wpt lat="1.335169" lon="103.786088">
    <time>2024-01-01T00:51:00.373Z</time>
    <name>Point 2955</name>
  </wpt>
  <wpt lat="1.335104" lon="103.786287">
    <time>2024-01-01T00:51:01.391Z</time>
    <name>Point 2956</name>
  </wpt>
  <wpt lat="1.335040" lon="103.786485">
    <time>2024-01-01T00:51:02.410Z</time>
    <name>Point 2957</name>
  </wpt>
  <wpt lat="1.334976" lon="103.786684">
    <time>2024-01-01T00:51:03.428Z</time>
    <name>Point 2958</name>
  </wpt>
  <wpt lat="1.334911" lon="103.786882">
    <time>2024-01-01T00:51:04.447Z</time>
    <name>Point 2959</name>
  </wpt>
  <wpt lat="1.334846" lon="103.787081">
    <time>2024-01-01T00:51:05.465Z</time>
    <name>Point 2960</name>
  </wpt>
  <wpt lat="1.334782" lon="103.787279">
    <time>2024-01-01T00:51:06.484Z</time>
    <name>Point 2961</name>
  </wpt>
  <wpt lat="1.334707" lon="103.787489">
    <time>2024-01-01T00:51:07.571Z</time>
    <name>Point 2962</name>
  </wpt>
  <wpt lat="1.334632" lon="103.787699">
    <time>2024-01-01T00:51:08.659Z</time>
    <name>Point 2963</name>
  </wpt>
  <wpt lat="1.334557" lon="103.787909">
    <time>2024-01-01T00:51:09.747Z</time>
    <name>Point 2964</name>
  </wpt>
  <wpt lat="1.334482" lon="103.788118">
    <time>2024-01-01T00:51:10.834Z</time>
    <name>Point 2965</name>
  </wpt>
  <wpt lat="1.334407" lon="103.788328">
    <time>2024-01-01T00:51:11.922Z</time>
    <name>Point 2966</name>
  </wpt>
  <wpt lat="1.334332" lon="103.788538">
    <time>2024-01-01T00:51:13.010Z</time>
    <name>Point 2967</name>
  </wpt>
  <wpt lat="1.334257" lon="103.788748">
    <time>2024-01-01T00:51:14.098Z</time>
    <name>Point 2968</name>
  </wpt>
  <wpt lat="1.334188" lon="103.788949">
    <time>2024-01-01T00:51:15.136Z</time>
    <name>Point 2969</name>
  </wpt>
  <wpt lat="1.334119" lon="103.789150">
    <time>2024-01-01T00:51:16.174Z</time>
    <name>Point 2970</name>
  </wpt>
  <wpt lat="1.334050" lon="103.789352">
    <time>2024-01-01T00:51:17.212Z</time>
    <name>Point 2971</name>
  </wpt>
  <wpt lat="1.333981" lon="103.789553">
    <time>2024-01-01T00:51:18.250Z</time>
    <name>Point 2972</name>
  </wpt>
  <wpt lat="1.333912" lon="103.789754">
    <time>2024-01-01T00:51:19.288Z</time>
    <name>Point 2973</name>
  </wpt>
  <wpt lat="1.333843" lon="103.789955">
    <time>2024-01-01T00:51:20.326Z</time>
    <name>Point 2974</name>
  </wpt>
  <wpt lat="1.333774" lon="103.790156">
    <time>2024-01-01T00:51:21.364Z</time>
    <name>Point 2975</name>
  </wpt>
  <wpt lat="1.333705" lon="103.790357">
    <time>2024-01-01T00:51:22.403Z</time>
    <name>Point 2976</name>
  </wpt>
  <wpt lat="1.333635" lon="103.790559">
    <time>2024-01-01T00:51:23.441Z</time>
    <name>Point 2977</name>
  </wpt>
  <wpt lat="1.333566" lon="103.790760">
    <time>2024-01-01T00:51:24.479Z</time>
    <name>Point 2978</name>
  </wpt>
  <wpt lat="1.333497" lon="103.790961">
    <time>2024-01-01T00:51:25.517Z</time>
    <name>Point 2979</name>
  </wpt>
  <wpt lat="1.333428" lon="103.791162">
    <time>2024-01-01T00:51:26.555Z</time>
    <name>Point 2980</name>
  </wpt>
  <wpt lat="1.333359" lon="103.791363">
    <time>2024-01-01T00:51:27.593Z</time>
    <name>Point 2981</name>
  </wpt>
  <wpt lat="1.333290" lon="103.791565">
    <time>2024-01-01T00:51:28.631Z</time>
    <name>Point 2982</name>
  </wpt>
  <wpt lat="1.333221" lon="103.791766">
    <time>2024-01-01T00:51:29.669Z</time>
    <name>Point 2983</name>
  </wpt>
  <wpt lat="1.333152" lon="103.791967">
    <time>2024-01-01T00:51:30.708Z</time>
    <name>Point 2984</name>
  </wpt>
  <wpt lat="1.333088" lon="103.792173">
    <time>2024-01-01T00:51:31.760Z</time>
    <name>Point 2985</name>
  </wpt>
  <wpt lat="1.333023" lon="103.792379">
    <time>2024-01-01T00:51:32.813Z</time>
    <name>Point 2986</name>
  </wpt>
  <wpt lat="1.332959" lon="103.792585">
    <time>2024-01-01T00:51:33.866Z</time>
    <name>Point 2987</name>
  </wpt>
  <wpt lat="1.332895" lon="103.792790">
    <time>2024-01-01T00:51:34.919Z</time>
    <name>Point 2988</name>
  </wpt>
  <wpt lat="1.332830" lon="103.792996">
    <time>2024-01-01T00:51:35.971Z</time>
    <name>Point 2989</name>
  </wpt>
  <wpt lat="1.332766" lon="103.793202">
    <time>2024-01-01T00:51:37.024Z</time>
    <name>Point 2990</name>
  </wpt>
  <wpt lat="1.332701" lon="103.793408">
    <time>2024-01-01T00:51:38.077Z</time>
    <name>Point 2991</name>
  </wpt>
  <wpt lat="1.332637" lon="103.793614">
    <time>2024-01-01T00:51:39.130Z</time>
    <name>Point 2992</name>
  </wpt>
  <wpt lat="1.332568" lon="103.793803">
    <time>2024-01-01T00:51:40.113Z</time>
    <name>Point 2993</name>
  </wpt>
  <wpt lat="1.332499" lon="103.793993">
    <time>2024-01-01T00:51:41.096Z</time>
    <name>Point 2994</name>
  </wpt>
  <wpt lat="1.332430" lon="103.794182">
    <time>2024-01-01T00:51:42.079Z</time>
    <name>Point 2995</name>
  </wpt>
  <wpt lat="1.332362" lon="103.794371">
    <time>2024-01-01T00:51:43.062Z</time>
    <name>Point 2996</name>
  </wpt>
  <wpt lat="1.332293" lon="103.794560">
    <time>2024-01-01T00:51:44.045Z</time>
    <name>Point 2997</name>
  </wpt>
  <wpt lat="1.332224" lon="103.794750">
    <time>2024-01-01T00:51:45.028Z</time>
    <name>Point 2998</name>
  </wpt>
  <wpt lat="1.332155" lon="103.794939">
    <time>2024-01-01T00:51:46.012Z</time>
    <name>Point 2999</name>
  </wpt>
  <wpt lat="1.332084" lon="103.795144">
    <time>2024-01-01T00:51:47.072Z</time>
    <name>Point 3000</name>
  </wpt>
  <wpt lat="1.332014" lon="103.795350">
    <time>2024-01-01T00:51:48.132Z</time>
    <name>Point 3001</name>
  </wpt>
  <wpt lat="1.331943" lon="103.795555">
    <time>2024-01-01T00:51:49.192Z</time>
    <name>Point 3002</name>
  </wpt>
  <wpt lat="1.331873" lon="103.795761">
    <time>2024-01-01T00:51:50.252Z</time>
    <name>Point 3003</name>
  </wpt>
  <wpt lat="1.331802" lon="103.795966">
    <time>2024-01-01T00:51:51.312Z</time>
    <name>Point 3004</name>
  </wpt>
  <wpt lat="1.331732" lon="103.796172">
    <time>2024-01-01T00:51:52.372Z</time>
    <name>Point 3005</name>
  </wpt>
  <wpt lat="1.331661" lon="103.796377">
    <time>2024-01-01T00:51:53.433Z</time>
    <name>Point 3006</name>
  </wpt>
  <wpt lat="1.331594" lon="103.796562">
    <time>2024-01-01T00:51:54.390Z</time>
    <name>Point 3007</name>
  </wpt>
  <wpt lat="1.331528" lon="103.796746">
    <time>2024-01-01T00:51:55.348Z</time>
    <name>Point 3008</name>
  </wpt>
  <wpt lat="1.331461" lon="103.796931">
    <time>2024-01-01T00:51:56.305Z</time>
    <name>Point 3009</name>
  </wpt>
  <wpt lat="1.331395" lon="103.797115">
    <time>2024-01-01T00:51:57.263Z</time>
    <name>Point 3010</name>
  </wpt>
  <wpt lat="1.331328" lon="103.797300">
    <time>2024-01-01T00:51:58.220Z</time>
    <name>Point 3011</name>
  </wpt>
  <wpt lat="1.331262" lon="103.797484">
    <time>2024-01-01T00:51:59.178Z</time>
    <name>Point 3012</name>
  </wpt>
  <wpt lat="1.331195" lon="103.797669">
    <time>2024-01-01T00:52:00.136Z</time>
    <name>Point 3013</name>
  </wpt>
  <wpt lat="1.331120" lon="103.797878">
    <time>2024-01-01T00:52:01.219Z</time>
    <name>Point 3014</name>
  </wpt>
  <wpt lat="1.331045" lon="103.798087">
    <time>2024-01-01T00:52:02.302Z</time>
    <name>Point 3015</name>
  </wpt>
  <wpt lat="1.330970" lon="103.798296">
    <time>2024-01-01T00:52:03.385Z</time>
    <name>Point 3016</name>
  </wpt>
  <wpt lat="1.330895" lon="103.798504">
    <time>2024-01-01T00:52:04.468Z</time>
    <name>Point 3017</name>
  </wpt>
  <wpt lat="1.330820" lon="103.798713">
    <time>2024-01-01T00:52:05.552Z</time>
    <name>Point 3018</name>
  </wpt>
  <wpt lat="1.330745" lon="103.798922">
    <time>2024-01-01T00:52:06.635Z</time>
    <name>Point 3019</name>
  </wpt>
  <wpt lat="1.330669" lon="103.799131">
    <time>2024-01-01T00:52:07.718Z</time>
    <name>Point 3020</name>
  </wpt>
  <wpt lat="1.330594" lon="103.799340">
    <time>2024-01-01T00:52:08.801Z</time>
    <name>Point 3021</name>
  </wpt>
  <wpt lat="1.330519" lon="103.799549">
    <time>2024-01-01T00:52:09.884Z</time>
    <name>Point 3022</name>
  </wpt>
  <wpt lat="1.330444" lon="103.799758">
    <time>2024-01-01T00:52:10.968Z</time>
    <name>Point 3023</name>
  </wpt>
  <wpt lat="1.330369" lon="103.799966">
    <time>2024-01-01T00:52:12.051Z</time>
    <name>Point 3024</name>
  </wpt>
  <wpt lat="1.330294" lon="103.800175">
    <time>2024-01-01T00:52:13.134Z</time>
    <name>Point 3025</name>
  </wpt>
  <wpt lat="1.330219" lon="103.800384">
    <time>2024-01-01T00:52:14.217Z</time>
    <name>Point 3026</name>
  </wpt>
  <wpt lat="1.330144" lon="103.800593">
    <time>2024-01-01T00:52:15.301Z</time>
    <name>Point 3027</name>
  </wpt>
  <wpt lat="1.330084" lon="103.800771">
    <time>2024-01-01T00:52:16.219Z</time>
    <name>Point 3028</name>
  </wpt>
  <wpt lat="1.330024" lon="103.800949">
    <time>2024-01-01T00:52:17.137Z</time>
    <name>Point 3029</name>
  </wpt>
  <wpt lat="1.329963" lon="103.801128">
    <time>2024-01-01T00:52:18.055Z</time>
    <name>Point 3030</name>
  </wpt>
  <wpt lat="1.329903" lon="103.801306">
    <time>2024-01-01T00:52:18.973Z</time>
    <name>Point 3031</name>
  </wpt>
  <wpt lat="1.329843" lon="103.801484">
    <time>2024-01-01T00:52:19.891Z</time>
    <name>Point 3032</name>
  </wpt>
  <wpt lat="1.329778" lon="103.801679">
    <time>2024-01-01T00:52:20.892Z</time>
    <name>Point 3033</name>
  </wpt>
  <wpt lat="1.329713" lon="103.801873">
    <time>2024-01-01T00:52:21.893Z</time>
    <name>Point 3034</name>
  </wpt>
  <wpt lat="1.329648" lon="103.802068">
    <time>2024-01-01T00:52:22.894Z</time>
    <name>Point 3035</name>
  </wpt>
  <wpt lat="1.329582" lon="103.802262">
    <time>2024-01-01T00:52:23.896Z</time>
    <name>Point 3036</name>
  </wpt>
  <wpt lat="1.329517" lon="103.802457">
    <time>2024-01-01T00:52:24.897Z</time>
    <name>Point 3037</name>
  </wpt>
  <wpt lat="1.329452" lon="103.802651">
    <time>2024-01-01T00:52:25.898Z</time>
    <name>Point 3038</name>
  </wpt>
  <wpt lat="1.329387" lon="103.802846">
    <time>2024-01-01T00:52:26.900Z</time>
    <name>Point 3039</name>
  </wpt>
  <wpt lat="1.329305" lon="103.803046">
    <time>2024-01-01T00:52:27.956Z</time>
    <name>Point 3040</name>
  </wpt>
  <wpt lat="1.329223" lon="103.803247">
    <time>2024-01-01T00:52:29.013Z</time>
    <name>Point 3041</name>
  </wpt>
  <wpt lat="1.329141" lon="103.803447">
    <time>2024-01-01T00:52:30.070Z</time>
    <name>Point 3042</name>
  </wpt>
  <wpt lat="1.328942" lon="103.803779">
    <time>2024-01-01T00:52:31.959Z</time>
    <name>Point 3043</name>
  </wpt>
  <wpt lat="1.328830" lon="103.803949">
    <time>2024-01-01T00:52:32.952Z</time>
    <name>Point 3044</name>
  </wpt>
  <wpt lat="1.328718" lon="103.804119">
    <time>2024-01-01T00:52:33.945Z</time>
    <name>Point 3045</name>
  </wpt>
  <wpt lat="1.328606" lon="103.804289">
    <time>2024-01-01T00:52:34.938Z</time>
    <name>Point 3046</name>
  </wpt>
  <wpt lat="1.328494" lon="103.804459">
    <time>2024-01-01T00:52:35.931Z</time>
    <name>Point 3047</name>
  </wpt>
  <wpt lat="1.328382" lon="103.804628">
    <time>2024-01-01T00:52:36.925Z</time>
    <name>Point 3048</name>
  </wpt>
  <wpt lat="1.328270" lon="103.804798">
    <time>2024-01-01T00:52:37.918Z</time>
    <name>Point 3049</name>
  </wpt>
  <wpt lat="1.328158" lon="103.804968">
    <time>2024-01-01T00:52:38.911Z</time>
    <name>Point 3050</name>
  </wpt>
  <wpt lat="1.328046" lon="103.805138">
    <time>2024-01-01T00:52:39.904Z</time>
    <name>Point 3051</name>
  </wpt>
  <wpt lat="1.327934" lon="103.805308">
    <time>2024-01-01T00:52:40.898Z</time>
    <name>Point 3052</name>
  </wpt>
  <wpt lat="1.327820" lon="103.805485">
    <time>2024-01-01T00:52:41.926Z</time>
    <name>Point 3053</name>
  </wpt>
  <wpt lat="1.327706" lon="103.805662">
    <time>2024-01-01T00:52:42.954Z</time>
    <name>Point 3054</name>
  </wpt>
  <wpt lat="1.327592" lon="103.805839">
    <time>2024-01-01T00:52:43.982Z</time>
    <name>Point 3055</name>
  </wpt>
  <wpt lat="1.327478" lon="103.806016">
    <time>2024-01-01T00:52:45.010Z</time>
    <name>Point 3056</name>
  </wpt>
  <wpt lat="1.327364" lon="103.806194">
    <time>2024-01-01T00:52:46.038Z</time>
    <name>Point 3057</name>
  </wpt>
  <wpt lat="1.327250" lon="103.806371">
    <time>2024-01-01T00:52:47.066Z</time>
    <name>Point 3058</name>
  </wpt>
  <wpt lat="1.327136" lon="103.806548">
    <time>2024-01-01T00:52:48.094Z</time>
    <name>Point 3059</name>
  </wpt>
  <wpt lat="1.327022" lon="103.806725">
    <time>2024-01-01T00:52:49.122Z</time>
    <name>Point 3060</name>
  </wpt>
  <wpt lat="1.326897" lon="103.806907">
    <time>2024-01-01T00:52:50.197Z</time>
    <name>Point 3061</name>
  </wpt>
  <wpt lat="1.326772" lon="103.807088">
    <time>2024-01-01T00:52:51.273Z</time>
    <name>Point 3062</name>
  </wpt>
  <wpt lat="1.326647" lon="103.807270">
    <time>2024-01-01T00:52:52.348Z</time>
    <name>Point 3063</name>
  </wpt>
  <wpt lat="1.326523" lon="103.807451">
    <time>2024-01-01T00:52:53.424Z</time>
    <name>Point 3064</name>
  </wpt>
  <wpt lat="1.326398" lon="103.807633">
    <time>2024-01-01T00:52:54.499Z</time>
    <name>Point 3065</name>
  </wpt>
  <wpt lat="1.326273" lon="103.807814">
    <time>2024-01-01T00:52:55.575Z</time>
    <name>Point 3066</name>
  </wpt>
  <wpt lat="1.326148" lon="103.807996">
    <time>2024-01-01T00:52:56.651Z</time>
    <name>Point 3067</name>
  </wpt>
  <wpt lat="1.326037" lon="103.808165">
    <time>2024-01-01T00:52:57.637Z</time>
    <name>Point 3068</name>
  </wpt>
  <wpt lat="1.325926" lon="103.808334">
    <time>2024-01-01T00:52:58.624Z</time>
    <name>Point 3069</name>
  </wpt>
  <wpt lat="1.325816" lon="103.808503">
    <time>2024-01-01T00:52:59.610Z</time>
    <name>Point 3070</name>
  </wpt>
  <wpt lat="1.325705" lon="103.808672">
    <time>2024-01-01T00:53:00.597Z</time>
    <name>Point 3071</name>
  </wpt>
  <wpt lat="1.325594" lon="103.808841">
    <time>2024-01-01T00:53:01.583Z</time>
    <name>Point 3072</name>
  </wpt>
  <wpt lat="1.325483" lon="103.809010">
    <time>2024-01-01T00:53:02.570Z</time>
    <name>Point 3073</name>
  </wpt>
  <wpt lat="1.325358" lon="103.809181">
    <time>2024-01-01T00:53:03.605Z</time>
    <name>Point 3074</name>
  </wpt>
  <wpt lat="1.325233" lon="103.809353">
    <time>2024-01-01T00:53:04.640Z</time>
    <name>Point 3075</name>
  </wpt>
  <wpt lat="1.325109" lon="103.809525">
    <time>2024-01-01T00:53:05.675Z</time>
    <name>Point 3076</name>
  </wpt>
  <wpt lat="1.324984" lon="103.809696">
    <time>2024-01-01T00:53:06.710Z</time>
    <name>Point 3077</name>
  </wpt>
  <wpt lat="1.324869" lon="103.809864">
    <time>2024-01-01T00:53:07.703Z</time>
    <name>Point 3078</name>
  </wpt>
  <wpt lat="1.324753" lon="103.810032">
    <time>2024-01-01T00:53:08.697Z</time>
    <name>Point 3079</name>
  </wpt>
  <wpt lat="1.324638" lon="103.810199">
    <time>2024-01-01T00:53:09.690Z</time>
    <name>Point 3080</name>
  </wpt>
  <wpt lat="1.324523" lon="103.810367">
    <time>2024-01-01T00:53:10.684Z</time>
    <name>Point 3081</name>
  </wpt>
  <wpt lat="1.324408" lon="103.810517">
    <time>2024-01-01T00:53:11.608Z</time>
    <name>Point 3082</name>
  </wpt>
  <wpt lat="1.324292" lon="103.810667">
    <time>2024-01-01T00:53:12.532Z</time>
    <name>Point 3083</name>
  </wpt>
  <wpt lat="1.324177" lon="103.810818">
    <time>2024-01-01T00:53:13.456Z</time>
    <name>Point 3084</name>
  </wpt>
  <wpt lat="1.324062" lon="103.810968">
    <time>2024-01-01T00:53:14.381Z</time>
    <name>Point 3085</name>
  </wpt>
  <wpt lat="1.323976" lon="103.811124">
    <time>2024-01-01T00:53:15.247Z</time>
    <name>Point 3086</name>
  </wpt>
  <wpt lat="1.323891" lon="103.811279">
    <time>2024-01-01T00:53:16.114Z</time>
    <name>Point 3087</name>
  </wpt>
  <wpt lat="1.323805" lon="103.811434">
    <time>2024-01-01T00:53:16.980Z</time>
    <name>Point 3088</name>
  </wpt>
  <wpt lat="1.323719" lon="103.811590">
    <time>2024-01-01T00:53:17.847Z</time>
    <name>Point 3089</name>
  </wpt>
  <wpt lat="1.323644" lon="103.811955">
    <time>2024-01-01T00:53:19.666Z</time>
    <name>Point 3090</name>
  </wpt>
  <wpt lat="1.323608" lon="103.812148">
    <time>2024-01-01T00:53:20.624Z</time>
    <name>Point 3091</name>
  </wpt>
  <wpt lat="1.323572" lon="103.812341">
    <time>2024-01-01T00:53:21.582Z</time>
    <name>Point 3092</name>
  </wpt>
  <wpt lat="1.323536" lon="103.812534">
    <time>2024-01-01T00:53:22.541Z</time>
    <name>Point 3093</name>
  </wpt>
  <wpt lat="1.323516" lon="103.812734">
    <time>2024-01-01T00:53:23.523Z</time>
    <name>Point 3094</name>
  </wpt>
  <wpt lat="1.323497" lon="103.812935">
    <time>2024-01-01T00:53:24.505Z</time>
    <name>Point 3095</name>
  </wpt>
  <wpt lat="1.323477" lon="103.813135">
    <time>2024-01-01T00:53:25.488Z</time>
    <name>Point 3096</name>
  </wpt>
  <wpt lat="1.323456" lon="103.813393">
    <time>2024-01-01T00:53:26.751Z</time>
    <name>Point 3097</name>
  </wpt>
  <wpt lat="1.323451" lon="103.813511">
    <time>2024-01-01T00:53:27.328Z</time>
    <name>Point 3098</name>
  </wpt>
  <wpt lat="1.323413" lon="103.813688">
    <time>2024-01-01T00:53:28.211Z</time>
    <name>Point 3099</name>
  </wpt>
  <wpt lat="1.323386" lon="103.813993">
    <time>2024-01-01T00:53:29.705Z</time>
    <name>Point 3100</name>
  </wpt>
  <wpt lat="1.323362" lon="103.814192">
    <time>2024-01-01T00:53:30.681Z</time>
    <name>Point 3101</name>
  </wpt>
  <wpt lat="1.323337" lon="103.814390">
    <time>2024-01-01T00:53:31.657Z</time>
    <name>Point 3102</name>
  </wpt>
  <wpt lat="1.323313" lon="103.814589">
    <time>2024-01-01T00:53:32.634Z</time>
    <name>Point 3103</name>
  </wpt>
  <wpt lat="1.323288" lon="103.814787">
    <time>2024-01-01T00:53:33.610Z</time>
    <name>Point 3104</name>
  </wpt>
  <wpt lat="1.323264" lon="103.814986">
    <time>2024-01-01T00:53:34.587Z</time>
    <name>Point 3105</name>
  </wpt>
  <wpt lat="1.323239" lon="103.815184">
    <time>2024-01-01T00:53:35.563Z</time>
    <name>Point 3106</name>
  </wpt>
  <wpt lat="1.323215" lon="103.815383">
    <time>2024-01-01T00:53:36.540Z</time>
    <name>Point 3107</name>
  </wpt>
  <wpt lat="1.323204" lon="103.815607">
    <time>2024-01-01T00:53:37.634Z</time>
    <name>Point 3108</name>
  </wpt>
  <wpt lat="1.323193" lon="103.815831">
    <time>2024-01-01T00:53:38.729Z</time>
    <name>Point 3109</name>
  </wpt>
  <wpt lat="1.323183" lon="103.816055">
    <time>2024-01-01T00:53:39.823Z</time>
    <name>Point 3110</name>
  </wpt>
  <wpt lat="1.323172" lon="103.816279">
    <time>2024-01-01T00:53:40.918Z</time>
    <name>Point 3111</name>
  </wpt>
  <wpt lat="1.323162" lon="103.816498">
    <time>2024-01-01T00:53:41.987Z</time>
    <name>Point 3112</name>
  </wpt>
  <wpt lat="1.323152" lon="103.816717">
    <time>2024-01-01T00:53:43.056Z</time>
    <name>Point 3113</name>
  </wpt>
  <wpt lat="1.323143" lon="103.816935">
    <time>2024-01-01T00:53:44.125Z</time>
    <name>Point 3114</name>
  </wpt>
  <wpt lat="1.323133" lon="103.817154">
    <time>2024-01-01T00:53:45.194Z</time>
    <name>Point 3115</name>
  </wpt>
  <wpt lat="1.323123" lon="103.817373">
    <time>2024-01-01T00:53:46.263Z</time>
    <name>Point 3116</name>
  </wpt>
  <wpt lat="1.323100" lon="103.817576">
    <time>2024-01-01T00:53:47.257Z</time>
    <name>Point 3117</name>
  </wpt>
  <wpt lat="1.323078" lon="103.817778">
    <time>2024-01-01T00:53:48.252Z</time>
    <name>Point 3118</name>
  </wpt>
  <wpt lat="1.323055" lon="103.817981">
    <time>2024-01-01T00:53:49.246Z</time>
    <name>Point 3119</name>
  </wpt>
  <wpt lat="1.323032" lon="103.818183">
    <time>2024-01-01T00:53:50.241Z</time>
    <name>Point 3120</name>
  </wpt>
  <wpt lat="1.322996" lon="103.818391">
    <time>2024-01-01T00:53:51.272Z</time>
    <name>Point 3121</name>
  </wpt>
  <wpt lat="1.322961" lon="103.818600">
    <time>2024-01-01T00:53:52.304Z</time>
    <name>Point 3122</name>
  </wpt>
  <wpt lat="1.322925" lon="103.818808">
    <time>2024-01-01T00:53:53.335Z</time>
    <name>Point 3123</name>
  </wpt>
  <wpt lat="1.322889" lon="103.819016">
    <time>2024-01-01T00:53:54.367Z</time>
    <name>Point 3124</name>
  </wpt>
  <wpt lat="1.322854" lon="103.819225">
    <time>2024-01-01T00:53:55.398Z</time>
    <name>Point 3125</name>
  </wpt>
  <wpt lat="1.322818" lon="103.819433">
    <time>2024-01-01T00:53:56.430Z</time>
    <name>Point 3126</name>
  </wpt>
  <wpt lat="1.322767" lon="103.819625">
    <time>2024-01-01T00:53:57.400Z</time>
    <name>Point 3127</name>
  </wpt>
  <wpt lat="1.322716" lon="103.819817">
    <time>2024-01-01T00:53:58.370Z</time>
    <name>Point 3128</name>
  </wpt>
  <wpt lat="1.322665" lon="103.820009">
    <time>2024-01-01T00:53:59.341Z</time>
    <name>Point 3129</name>
  </wpt>
  <wpt lat="1.322614" lon="103.820202">
    <time>2024-01-01T00:54:00.311Z</time>
    <name>Point 3130</name>
  </wpt>
  <wpt lat="1.322563" lon="103.820394">
    <time>2024-01-01T00:54:01.281Z</time>
    <name>Point 3131</name>
  </wpt>
  <wpt lat="1.322512" lon="103.820586">
    <time>2024-01-01T00:54:02.252Z</time>
    <name>Point 3132</name>
  </wpt>
  <wpt lat="1.322459" lon="103.820786">
    <time>2024-01-01T00:54:03.263Z</time>
    <name>Point 3133</name>
  </wpt>
  <wpt lat="1.322407" lon="103.820987">
    <time>2024-01-01T00:54:04.274Z</time>
    <name>Point 3134</name>
  </wpt>
  <wpt lat="1.322354" lon="103.821187">
    <time>2024-01-01T00:54:05.285Z</time>
    <name>Point 3135</name>
  </wpt>
  <wpt lat="1.322301" lon="103.821387">
    <time>2024-01-01T00:54:06.296Z</time>
    <name>Point 3136</name>
  </wpt>
  <wpt lat="1.322249" lon="103.821588">
    <time>2024-01-01T00:54:07.307Z</time>
    <name>Point 3137</name>
  </wpt>
  <wpt lat="1.322196" lon="103.821788">
    <time>2024-01-01T00:54:08.318Z</time>
    <name>Point 3138</name>
  </wpt>
  <wpt lat="1.322139" lon="103.821968">
    <time>2024-01-01T00:54:09.242Z</time>
    <name>Point 3139</name>
  </wpt>
  <wpt lat="1.322081" lon="103.822149">
    <time>2024-01-01T00:54:10.166Z</time>
    <name>Point 3140</name>
  </wpt>
  <wpt lat="1.322024" lon="103.822329">
    <time>2024-01-01T00:54:11.091Z</time>
    <name>Point 3141</name>
  </wpt>
  <wpt lat="1.321967" lon="103.822510">
    <time>2024-01-01T00:54:12.015Z</time>
    <name>Point 3142</name>
  </wpt>
  <wpt lat="1.321909" lon="103.822691">
    <time>2024-01-01T00:54:12.939Z</time>
    <name>Point 3143</name>
  </wpt>
  <wpt lat="1.321852" lon="103.822871">
    <time>2024-01-01T00:54:13.864Z</time>
    <name>Point 3144</name>
  </wpt>
  <wpt lat="1.321782" lon="103.823075">
    <time>2024-01-01T00:54:14.916Z</time>
    <name>Point 3145</name>
  </wpt>
  <wpt lat="1.321712" lon="103.823279">
    <time>2024-01-01T00:54:15.969Z</time>
    <name>Point 3146</name>
  </wpt>
  <wpt lat="1.321642" lon="103.823483">
    <time>2024-01-01T00:54:17.021Z</time>
    <name>Point 3147</name>
  </wpt>
  <wpt lat="1.321571" lon="103.823687">
    <time>2024-01-01T00:54:18.074Z</time>
    <name>Point 3148</name>
  </wpt>
  <wpt lat="1.321501" lon="103.823891">
    <time>2024-01-01T00:54:19.126Z</time>
    <name>Point 3149</name>
  </wpt>
  <wpt lat="1.321431" lon="103.824095">
    <time>2024-01-01T00:54:20.179Z</time>
    <name>Point 3150</name>
  </wpt>
  <wpt lat="1.321361" lon="103.824298">
    <time>2024-01-01T00:54:21.231Z</time>
    <name>Point 3151</name>
  </wpt>
  <wpt lat="1.321291" lon="103.824502">
    <time>2024-01-01T00:54:22.284Z</time>
    <name>Point 3152</name>
  </wpt>
  <wpt lat="1.321220" lon="103.824706">
    <time>2024-01-01T00:54:23.336Z</time>
    <name>Point 3153</name>
  </wpt>
  <wpt lat="1.321150" lon="103.824910">
    <time>2024-01-01T00:54:24.389Z</time>
    <name>Point 3154</name>
  </wpt>
  <wpt lat="1.321080" lon="103.825114">
    <time>2024-01-01T00:54:25.441Z</time>
    <name>Point 3155</name>
  </wpt>
  <wpt lat="1.321010" lon="103.825318">
    <time>2024-01-01T00:54:26.494Z</time>
    <name>Point 3156</name>
  </wpt>
  <wpt lat="1.320941" lon="103.825521">
    <time>2024-01-01T00:54:27.540Z</time>
    <name>Point 3157</name>
  </wpt>
  <wpt lat="1.320882" lon="103.825720">
    <time>2024-01-01T00:54:28.553Z</time>
    <name>Point 3158</name>
  </wpt>
  <wpt lat="1.320818" lon="103.825920">
    <time>2024-01-01T00:54:29.577Z</time>
    <name>Point 3159</name>
  </wpt>
  <wpt lat="1.320755" lon="103.826120">
    <time>2024-01-01T00:54:30.601Z</time>
    <name>Point 3160</name>
  </wpt>
  <wpt lat="1.320691" lon="103.826320">
    <time>2024-01-01T00:54:31.625Z</time>
    <name>Point 3161</name>
  </wpt>
  <wpt lat="1.320628" lon="103.826520">
    <time>2024-01-01T00:54:32.650Z</time>
    <name>Point 3162</name>
  </wpt>
  <wpt lat="1.320564" lon="103.826720">
    <time>2024-01-01T00:54:33.674Z</time>
    <name>Point 3163</name>
  </wpt>
  <wpt lat="1.320501" lon="103.826920">
    <time>2024-01-01T00:54:34.698Z</time>
    <name>Point 3164</name>
  </wpt>
  <wpt lat="1.320437" lon="103.827120">
    <time>2024-01-01T00:54:35.723Z</time>
    <name>Point 3165</name>
  </wpt>
  <wpt lat="1.320379" lon="103.827310">
    <time>2024-01-01T00:54:36.694Z</time>
    <name>Point 3166</name>
  </wpt>
  <wpt lat="1.320321" lon="103.827501">
    <time>2024-01-01T00:54:37.666Z</time>
    <name>Point 3167</name>
  </wpt>
  <wpt lat="1.320264" lon="103.827692">
    <time>2024-01-01T00:54:38.637Z</time>
    <name>Point 3168</name>
  </wpt>
  <wpt lat="1.320206" lon="103.827882">
    <time>2024-01-01T00:54:39.609Z</time>
    <name>Point 3169</name>
  </wpt>
  <wpt lat="1.320168" lon="103.828036">
    <time>2024-01-01T00:54:40.381Z</time>
    <name>Point 3170</name>
  </wpt>
  <wpt lat="1.320131" lon="103.828189">
    <time>2024-01-01T00:54:41.153Z</time>
    <name>Point 3171</name>
  </wpt>
  <wpt lat="1.320093" lon="103.828343">
    <time>2024-01-01T00:54:41.925Z</time>
    <name>Point 3172</name>
  </wpt>
  <wpt lat="1.320043" lon="103.828490">
    <time>2024-01-01T00:54:42.681Z</time>
    <name>Point 3173</name>
  </wpt>
  <wpt lat="1.319993" lon="103.828636">
    <time>2024-01-01T00:54:43.437Z</time>
    <name>Point 3174</name>
  </wpt>
  <wpt lat="1.319943" lon="103.828783">
    <time>2024-01-01T00:54:44.194Z</time>
    <name>Point 3175</name>
  </wpt>
  <wpt lat="1.319883" lon="103.828978">
    <time>2024-01-01T00:54:45.190Z</time>
    <name>Point 3176</name>
  </wpt>
  <wpt lat="1.319822" lon="103.829173">
    <time>2024-01-01T00:54:46.187Z</time>
    <name>Point 3177</name>
  </wpt>
  <wpt lat="1.319762" lon="103.829368">
    <time>2024-01-01T00:54:47.184Z</time>
    <name>Point 3178</name>
  </wpt>
  <wpt lat="1.319702" lon="103.829564">
    <time>2024-01-01T00:54:48.181Z</time>
    <name>Point 3179</name>
  </wpt>
  <wpt lat="1.319641" lon="103.829759">
    <time>2024-01-01T00:54:49.178Z</time>
    <name>Point 3180</name>
  </wpt>
  <wpt lat="1.319581" lon="103.829954">
    <time>2024-01-01T00:54:50.175Z</time>
    <name>Point 3181</name>
  </wpt>
  <wpt lat="1.319520" lon="103.830149">
    <time>2024-01-01T00:54:51.172Z</time>
    <name>Point 3182</name>
  </wpt>
  <wpt lat="1.319460" lon="103.830344">
    <time>2024-01-01T00:54:52.169Z</time>
    <name>Point 3183</name>
  </wpt>
  <wpt lat="1.319398" lon="103.830532">
    <time>2024-01-01T00:54:53.133Z</time>
    <name>Point 3184</name>
  </wpt>
  <wpt lat="1.319337" lon="103.830720">
    <time>2024-01-01T00:54:54.098Z</time>
    <name>Point 3185</name>
  </wpt>
  <wpt lat="1.319275" lon="103.830907">
    <time>2024-01-01T00:54:55.062Z</time>
    <name>Point 3186</name>
  </wpt>
  <wpt lat="1.319214" lon="103.831095">
    <time>2024-01-01T00:54:56.027Z</time>
    <name>Point 3187</name>
  </wpt>
  <wpt lat="1.319152" lon="103.831283">
    <time>2024-01-01T00:54:56.991Z</time>
    <name>Point 3188</name>
  </wpt>
  <wpt lat="1.319090" lon="103.831470">
    <time>2024-01-01T00:54:57.956Z</time>
    <name>Point 3189</name>
  </wpt>
  <wpt lat="1.319029" lon="103.831658">
    <time>2024-01-01T00:54:58.920Z</time>
    <name>Point 3190</name>
  </wpt>
  <wpt lat="1.318967" lon="103.831846">
    <time>2024-01-01T00:54:59.885Z</time>
    <name>Point 3191</name>
  </wpt>
  <wpt lat="1.318909" lon="103.832040">
    <time>2024-01-01T00:55:00.874Z</time>
    <name>Point 3192</name>
  </wpt>
  <wpt lat="1.318851" lon="103.832235">
    <time>2024-01-01T00:55:01.863Z</time>
    <name>Point 3193</name>
  </wpt>
  <wpt lat="1.318794" lon="103.832429">
    <time>2024-01-01T00:55:02.853Z</time>
    <name>Point 3194</name>
  </wpt>
  <wpt lat="1.318736" lon="103.832623">
    <time>2024-01-01T00:55:03.842Z</time>
    <name>Point 3195</name>
  </wpt>
  <wpt lat="1.318678" lon="103.832818">
    <time>2024-01-01T00:55:04.832Z</time>
    <name>Point 3196</name>
  </wpt>
  <wpt lat="1.318620" lon="103.833012">
    <time>2024-01-01T00:55:05.821Z</time>
    <name>Point 3197</name>
  </wpt>
  <wpt lat="1.318563" lon="103.833206">
    <time>2024-01-01T00:55:06.811Z</time>
    <name>Point 3198</name>
  </wpt>
  <wpt lat="1.318505" lon="103.833401">
    <time>2024-01-01T00:55:07.800Z</time>
    <name>Point 3199</name>
  </wpt>
  <wpt lat="1.318447" lon="103.833595">
    <time>2024-01-01T00:55:08.790Z</time>
    <name>Point 3200</name>
  </wpt>
  <wpt lat="1.318380" lon="103.833805">
    <time>2024-01-01T00:55:09.868Z</time>
    <name>Point 3201</name>
  </wpt>
  <wpt lat="1.318313" lon="103.834016">
    <time>2024-01-01T00:55:10.946Z</time>
    <name>Point 3202</name>
  </wpt>
  <wpt lat="1.318246" lon="103.834226">
    <time>2024-01-01T00:55:12.024Z</time>
    <name>Point 3203</name>
  </wpt>
  <wpt lat="1.318179" lon="103.834437">
    <time>2024-01-01T00:55:13.102Z</time>
    <name>Point 3204</name>
  </wpt>
  <wpt lat="1.318077" lon="103.834705">
    <time>2024-01-01T00:55:14.502Z</time>
    <name>Point 3205</name>
  </wpt>
  <wpt lat="1.317980" lon="103.834898">
    <time>2024-01-01T00:55:15.556Z</time>
    <name>Point 3206</name>
  </wpt>
  <wpt lat="1.317900" lon="103.835070">
    <time>2024-01-01T00:55:16.482Z</time>
    <name>Point 3207</name>
  </wpt>
  <wpt lat="1.317589" lon="103.835371">
    <time>2024-01-01T00:55:18.595Z</time>
    <name>Point 3208</name>
  </wpt>
  <wpt lat="1.317440" lon="103.835513">
    <time>2024-01-01T00:55:19.599Z</time>
    <name>Point 3209</name>
  </wpt>
  <wpt lat="1.317291" lon="103.835654">
    <time>2024-01-01T00:55:20.603Z</time>
    <name>Point 3210</name>
  </wpt>
  <wpt lat="1.317141" lon="103.835796">
    <time>2024-01-01T00:55:21.607Z</time>
    <name>Point 3211</name>
  </wpt>
  <wpt lat="1.316992" lon="103.835937">
    <time>2024-01-01T00:55:22.611Z</time>
    <name>Point 3212</name>
  </wpt>
  <wpt lat="1.316843" lon="103.836079">
    <time>2024-01-01T00:55:23.615Z</time>
    <name>Point 3213</name>
  </wpt>
  <wpt lat="1.316676" lon="103.836225">
    <time>2024-01-01T00:55:24.700Z</time>
    <name>Point 3214</name>
  </wpt>
  <wpt lat="1.316508" lon="103.836372">
    <time>2024-01-01T00:55:25.785Z</time>
    <name>Point 3215</name>
  </wpt>
  <wpt lat="1.316341" lon="103.836518">
    <time>2024-01-01T00:55:26.870Z</time>
    <name>Point 3216</name>
  </wpt>
  <wpt lat="1.316174" lon="103.836665">
    <time>2024-01-01T00:55:27.955Z</time>
    <name>Point 3217</name>
  </wpt>
  <wpt lat="1.316006" lon="103.836811">
    <time>2024-01-01T00:55:29.040Z</time>
    <name>Point 3218</name>
  </wpt>
  <wpt lat="1.315839" lon="103.836957">
    <time>2024-01-01T00:55:30.125Z</time>
    <name>Point 3219</name>
  </wpt>
  <wpt lat="1.315672" lon="103.837104">
    <time>2024-01-01T00:55:31.210Z</time>
    <name>Point 3220</name>
  </wpt>
  <wpt lat="1.315505" lon="103.837250">
    <time>2024-01-01T00:55:32.295Z</time>
    <name>Point 3221</name>
  </wpt>
  <wpt lat="1.315337" lon="103.837397">
    <time>2024-01-01T00:55:33.380Z</time>
    <name>Point 3222</name>
  </wpt>
  <wpt lat="1.315170" lon="103.837543">
    <time>2024-01-01T00:55:34.466Z</time>
    <name>Point 3223</name>
  </wpt>
  <wpt lat="1.315047" lon="103.837645">
    <time>2024-01-01T00:55:35.247Z</time>
    <name>Point 3224</name>
  </wpt>
  <wpt lat="1.314923" lon="103.837747">
    <time>2024-01-01T00:55:36.028Z</time>
    <name>Point 3225</name>
  </wpt>
  <wpt lat="1.314800" lon="103.837849">
    <time>2024-01-01T00:55:36.810Z</time>
    <name>Point 3226</name>
  </wpt>
  <wpt lat="1.314649" lon="103.837981">
    <time>2024-01-01T00:55:37.789Z</time>
    <name>Point 3227</name>
  </wpt>
  <wpt lat="1.314498" lon="103.838113">
    <time>2024-01-01T00:55:38.769Z</time>
    <name>Point 3228</name>
  </wpt>
  <wpt lat="1.314346" lon="103.838245">
    <time>2024-01-01T00:55:39.748Z</time>
    <name>Point 3229</name>
  </wpt>
  <wpt lat="1.314195" lon="103.838377">
    <time>2024-01-01T00:55:40.728Z</time>
    <name>Point 3230</name>
  </wpt>
  <wpt lat="1.314044" lon="103.838509">
    <time>2024-01-01T00:55:41.708Z</time>
    <name>Point 3231</name>
  </wpt>
  <wpt lat="1.313858" lon="103.838622">
    <time>2024-01-01T00:55:42.769Z</time>
    <name>Point 3232</name>
  </wpt>
  <wpt lat="1.313672" lon="103.838734">
    <time>2024-01-01T00:55:43.831Z</time>
    <name>Point 3233</name>
  </wpt>
  <wpt lat="1.313486" lon="103.838847">
    <time>2024-01-01T00:55:44.893Z</time>
    <name>Point 3234</name>
  </wpt>
  <wpt lat="1.313250" lon="103.839056">
    <time>2024-01-01T00:55:46.432Z</time>
    <name>Point 3235</name>
  </wpt>
  <wpt lat="1.313014" lon="103.839222">
    <time>2024-01-01T00:55:47.840Z</time>
    <name>Point 3236</name>
  </wpt>
  <wpt lat="1.312916" lon="103.839344">
    <time>2024-01-01T00:55:48.603Z</time>
    <name>Point 3237</name>
  </wpt>
  <wpt lat="1.312817" lon="103.839465">
    <time>2024-01-01T00:55:49.367Z</time>
    <name>Point 3238</name>
  </wpt>
  <wpt lat="1.312719" lon="103.839587">
    <time>2024-01-01T00:55:50.131Z</time>
    <name>Point 3239</name>
  </wpt>
  <wpt lat="1.312631" lon="103.839775">
    <time>2024-01-01T00:55:51.146Z</time>
    <name>Point 3240</name>
  </wpt>
  <wpt lat="1.312543" lon="103.839964">
    <time>2024-01-01T00:55:52.161Z</time>
    <name>Point 3241</name>
  </wpt>
  <wpt lat="1.312454" lon="103.840152">
    <time>2024-01-01T00:55:53.176Z</time>
    <name>Point 3242</name>
  </wpt>
  <wpt lat="1.312366" lon="103.840340">
    <time>2024-01-01T00:55:54.191Z</time>
    <name>Point 3243</name>
  </wpt>
  <wpt lat="1.312278" lon="103.840529">
    <time>2024-01-01T00:55:55.206Z</time>
    <name>Point 3244</name>
  </wpt>
  <wpt lat="1.312190" lon="103.840717">
    <time>2024-01-01T00:55:56.221Z</time>
    <name>Point 3245</name>
  </wpt>
  <wpt lat="1.312101" lon="103.840905">
    <time>2024-01-01T00:55:57.236Z</time>
    <name>Point 3246</name>
  </wpt>
  <wpt lat="1.312013" lon="103.841094">
    <time>2024-01-01T00:55:58.251Z</time>
    <name>Point 3247</name>
  </wpt>
  <wpt lat="1.311925" lon="103.841282">
    <time>2024-01-01T00:55:59.266Z</time>
    <name>Point 3248</name>
  </wpt>
  <wpt lat="1.311848" lon="103.841477">
    <time>2024-01-01T00:56:00.288Z</time>
    <name>Point 3249</name>
  </wpt>
  <wpt lat="1.311772" lon="103.841672">
    <time>2024-01-01T00:56:01.311Z</time>
    <name>Point 3250</name>
  </wpt>
  <wpt lat="1.311695" lon="103.841867">
    <time>2024-01-01T00:56:02.334Z</time>
    <name>Point 3251</name>
  </wpt>
  <wpt lat="1.311534" lon="103.842242">
    <time>2024-01-01T00:56:04.326Z</time>
    <name>Point 3252</name>
  </wpt>
  <wpt lat="1.311452" lon="103.842428">
    <time>2024-01-01T00:56:05.318Z</time>
    <name>Point 3253</name>
  </wpt>
  <wpt lat="1.311369" lon="103.842614">
    <time>2024-01-01T00:56:06.311Z</time>
    <name>Point 3254</name>
  </wpt>
  <wpt lat="1.311287" lon="103.842800">
    <time>2024-01-01T00:56:07.304Z</time>
    <name>Point 3255</name>
  </wpt>
  <wpt lat="1.311094" lon="103.843170">
    <time>2024-01-01T00:56:09.341Z</time>
    <name>Point 3256</name>
  </wpt>
  <wpt lat="1.310971" lon="103.843460">
    <time>2024-01-01T00:56:10.878Z</time>
    <name>Point 3257</name>
  </wpt>
  <wpt lat="1.310907" lon="103.843671">
    <time>2024-01-01T00:56:11.954Z</time>
    <name>Point 3258</name>
  </wpt>
  <wpt lat="1.310842" lon="103.843882">
    <time>2024-01-01T00:56:13.031Z</time>
    <name>Point 3259</name>
  </wpt>
  <wpt lat="1.310778" lon="103.844093">
    <time>2024-01-01T00:56:14.108Z</time>
    <name>Point 3260</name>
  </wpt>
  <wpt lat="1.310724" lon="103.844179">
    <time>2024-01-01T00:56:14.604Z</time>
    <name>Point 3261</name>
  </wpt>
  <wpt lat="1.310665" lon="103.844259">
    <time>2024-01-01T00:56:15.089Z</time>
    <name>Point 3262</name>
  </wpt>
  <wpt lat="1.310638" lon="103.844356">
    <time>2024-01-01T00:56:15.580Z</time>
    <name>Point 3263</name>
  </wpt>
  <wpt lat="1.310601" lon="103.844453">
    <time>2024-01-01T00:56:16.087Z</time>
    <name>Point 3264</name>
  </wpt>
  <wpt lat="1.310472" lon="103.844431">
    <time>2024-01-01T00:56:16.726Z</time>
    <name>Point 3265</name>
  </wpt>
  <wpt lat="1.310461" lon="103.844302">
    <time>2024-01-01T00:56:17.358Z</time>
    <name>Point 3266</name>
  </wpt>
  <wpt lat="1.310526" lon="103.844082">
    <time>2024-01-01T00:56:18.477Z</time>
    <name>Point 3267</name>
  </wpt>
  <wpt lat="1.310583" lon="103.843935">
    <time>2024-01-01T00:56:19.245Z</time>
    <name>Point 3268</name>
  </wpt>
  <wpt lat="1.310640" lon="103.843789">
    <time>2024-01-01T00:56:20.013Z</time>
    <name>Point 3269</name>
  </wpt>
  <wpt lat="1.310697" lon="103.843642">
    <time>2024-01-01T00:56:20.781Z</time>
    <name>Point 3270</name>
  </wpt>
  <wpt lat="1.310775" lon="103.843469">
    <time>2024-01-01T00:56:21.706Z</time>
    <name>Point 3271</name>
  </wpt>
  <wpt lat="1.310852" lon="103.843296">
    <time>2024-01-01T00:56:22.632Z</time>
    <name>Point 3272</name>
  </wpt>
  <wpt lat="1.310930" lon="103.843123">
    <time>2024-01-01T00:56:23.558Z</time>
    <name>Point 3273</name>
  </wpt>
  <wpt lat="1.311008" lon="103.842950">
    <time>2024-01-01T00:56:24.484Z</time>
    <name>Point 3274</name>
  </wpt>
  <wpt lat="1.311101" lon="103.842757">
    <time>2024-01-01T00:56:25.528Z</time>
    <name>Point 3275</name>
  </wpt>
  <wpt lat="1.311193" lon="103.842564">
    <time>2024-01-01T00:56:26.573Z</time>
    <name>Point 3276</name>
  </wpt>
  <wpt lat="1.311285" lon="103.842371">
    <time>2024-01-01T00:56:27.618Z</time>
    <name>Point 3277</name>
  </wpt>
  <wpt lat="1.311378" lon="103.842178">
    <time>2024-01-01T00:56:28.663Z</time>
    <name>Point 3278</name>
  </wpt>
  <wpt lat="1.311471" lon="103.841996">
    <time>2024-01-01T00:56:29.662Z</time>
    <name>Point 3279</name>
  </wpt>
  <wpt lat="1.311564" lon="103.841813">
    <time>2024-01-01T00:56:30.661Z</time>
    <name>Point 3280</name>
  </wpt>
  <wpt lat="1.311657" lon="103.841631">
    <time>2024-01-01T00:56:31.660Z</time>
    <name>Point 3281</name>
  </wpt>
  <wpt lat="1.311727" lon="103.841474">
    <time>2024-01-01T00:56:32.498Z</time>
    <name>Point 3282</name>
  </wpt>
  <wpt lat="1.311797" lon="103.841317">
    <time>2024-01-01T00:56:33.336Z</time>
    <name>Point 3283</name>
  </wpt>
  <wpt lat="1.311866" lon="103.841160">
    <time>2024-01-01T00:56:34.174Z</time>
    <name>Point 3284</name>
  </wpt>
  <wpt lat="1.311936" lon="103.841003">
    <time>2024-01-01T00:56:35.013Z</time>
    <name>Point 3285</name>
  </wpt>
  <wpt lat="1.312011" lon="103.840822">
    <time>2024-01-01T00:56:35.969Z</time>
    <name>Point 3286</name>
  </wpt>
  <wpt lat="1.312086" lon="103.840641">
    <time>2024-01-01T00:56:36.925Z</time>
    <name>Point 3287</name>
  </wpt>
  <wpt lat="1.312161" lon="103.840460">
    <time>2024-01-01T00:56:37.881Z</time>
    <name>Point 3288</name>
  </wpt>
  <wpt lat="1.312236" lon="103.840279">
    <time>2024-01-01T00:56:38.838Z</time>
    <name>Point 3289</name>
  </wpt>
  <wpt lat="1.312320" lon="103.840102">
    <time>2024-01-01T00:56:39.793Z</time>
    <name>Point 3290</name>
  </wpt>
  <wpt lat="1.312404" lon="103.839925">
    <time>2024-01-01T00:56:40.749Z</time>
    <name>Point 3291</name>
  </wpt>
  <wpt lat="1.312487" lon="103.839748">
    <time>2024-01-01T00:56:41.705Z</time>
    <name>Point 3292</name>
  </wpt>
  <wpt lat="1.312571" lon="103.839571">
    <time>2024-01-01T00:56:42.661Z</time>
    <name>Point 3293</name>
  </wpt>
  <wpt lat="1.312655" lon="103.839394">
    <time>2024-01-01T00:56:43.617Z</time>
    <name>Point 3294</name>
  </wpt>
  <wpt lat="1.312769" lon="103.839240">
    <time>2024-01-01T00:56:44.552Z</time>
    <name>Point 3295</name>
  </wpt>
  <wpt lat="1.312884" lon="103.839087">
    <time>2024-01-01T00:56:45.487Z</time>
    <name>Point 3296</name>
  </wpt>
  <wpt lat="1.312998" lon="103.838933">
    <time>2024-01-01T00:56:46.422Z</time>
    <name>Point 3297</name>
  </wpt>
  <wpt lat="1.313129" lon="103.838834">
    <time>2024-01-01T00:56:47.221Z</time>
    <name>Point 3298</name>
  </wpt>
  <wpt lat="1.313259" lon="103.838736">
    <time>2024-01-01T00:56:48.020Z</time>
    <name>Point 3299</name>
  </wpt>
  <wpt lat="1.313390" lon="103.838637">
    <time>2024-01-01T00:56:48.820Z</time>
    <name>Point 3300</name>
  </wpt>
  <wpt lat="1.313521" lon="103.838521">
    <time>2024-01-01T00:56:49.676Z</time>
    <name>Point 3301</name>
  </wpt>
  <wpt lat="1.313652" lon="103.838404">
    <time>2024-01-01T00:56:50.533Z</time>
    <name>Point 3302</name>
  </wpt>
  <wpt lat="1.313784" lon="103.838288">
    <time>2024-01-01T00:56:51.389Z</time>
    <name>Point 3303</name>
  </wpt>
  <wpt lat="1.313915" lon="103.838171">
    <time>2024-01-01T00:56:52.246Z</time>
    <name>Point 3304</name>
  </wpt>
  <wpt lat="1.314056" lon="103.838048">
    <time>2024-01-01T00:56:53.161Z</time>
    <name>Point 3305</name>
  </wpt>
  <wpt lat="1.314197" lon="103.837924">
    <time>2024-01-01T00:56:54.077Z</time>
    <name>Point 3306</name>
  </wpt>
  <wpt lat="1.314338" lon="103.837801">
    <time>2024-01-01T00:56:54.992Z</time>
    <name>Point 3307</name>
  </wpt>
  <wpt lat="1.314480" lon="103.837677">
    <time>2024-01-01T00:56:55.908Z</time>
    <name>Point 3308</name>
  </wpt>
  <wpt lat="1.314621" lon="103.837553">
    <time>2024-01-01T00:56:56.823Z</time>
    <name>Point 3309</name>
  </wpt>
  <wpt lat="1.314762" lon="103.837430">
    <time>2024-01-01T00:56:57.739Z</time>
    <name>Point 3310</name>
  </wpt>
  <wpt lat="1.314916" lon="103.837293">
    <time>2024-01-01T00:56:58.746Z</time>
    <name>Point 3311</name>
  </wpt>
  <wpt lat="1.315071" lon="103.837156">
    <time>2024-01-01T00:56:59.754Z</time>
    <name>Point 3312</name>
  </wpt>
  <wpt lat="1.315225" lon="103.837018">
    <time>2024-01-01T00:57:00.761Z</time>
    <name>Point 3313</name>
  </wpt>
  <wpt lat="1.315379" lon="103.836881">
    <time>2024-01-01T00:57:01.769Z</time>
    <name>Point 3314</name>
  </wpt>
  <wpt lat="1.315533" lon="103.836744">
    <time>2024-01-01T00:57:02.776Z</time>
    <name>Point 3315</name>
  </wpt>
  <wpt lat="1.315688" lon="103.836607">
    <time>2024-01-01T00:57:03.784Z</time>
    <name>Point 3316</name>
  </wpt>
  <wpt lat="1.315842" lon="103.836470">
    <time>2024-01-01T00:57:04.792Z</time>
    <name>Point 3317</name>
  </wpt>
  <wpt lat="1.315996" lon="103.836333">
    <time>2024-01-01T00:57:05.799Z</time>
    <name>Point 3318</name>
  </wpt>
  <wpt lat="1.316150" lon="103.836196">
    <time>2024-01-01T00:57:06.807Z</time>
    <name>Point 3319</name>
  </wpt>
  <wpt lat="1.316304" lon="103.836058">
    <time>2024-01-01T00:57:07.814Z</time>
    <name>Point 3320</name>
  </wpt>
  <wpt lat="1.316459" lon="103.835921">
    <time>2024-01-01T00:57:08.822Z</time>
    <name>Point 3321</name>
  </wpt>
  <wpt lat="1.316613" lon="103.835784">
    <time>2024-01-01T00:57:09.830Z</time>
    <name>Point 3322</name>
  </wpt>
  <wpt lat="1.316743" lon="103.835677">
    <time>2024-01-01T00:57:10.653Z</time>
    <name>Point 3323</name>
  </wpt>
  <wpt lat="1.316873" lon="103.835569">
    <time>2024-01-01T00:57:11.477Z</time>
    <name>Point 3324</name>
  </wpt>
  <wpt lat="1.317003" lon="103.835461">
    <time>2024-01-01T00:57:12.300Z</time>
    <name>Point 3325</name>
  </wpt>
  <wpt lat="1.317133" lon="103.835354">
    <time>2024-01-01T00:57:13.124Z</time>
    <name>Point 3326</name>
  </wpt>
  <wpt lat="1.317262" lon="103.835188">
    <time>2024-01-01T00:57:14.150Z</time>
    <name>Point 3327</name>
  </wpt>
  <wpt lat="1.317323" lon="103.835023">
    <time>2024-01-01T00:57:15.009Z</time>
    <name>Point 3328</name>
  </wpt>
  <wpt lat="1.317385" lon="103.834858">
    <time>2024-01-01T00:57:15.868Z</time>
    <name>Point 3329</name>
  </wpt>
  <wpt lat="1.317446" lon="103.834693">
    <time>2024-01-01T00:57:16.727Z</time>
    <name>Point 3330</name>
  </wpt>
  <wpt lat="1.317508" lon="103.834528">
    <time>2024-01-01T00:57:17.587Z</time>
    <name>Point 3331</name>
  </wpt>
  <wpt lat="1.317579" lon="103.834318">
    <time>2024-01-01T00:57:18.670Z</time>
    <name>Point 3332</name>
  </wpt>
  <wpt lat="1.317649" lon="103.834107">
    <time>2024-01-01T00:57:19.753Z</time>
    <name>Point 3333</name>
  </wpt>
  <wpt lat="1.317720" lon="103.833897">
    <time>2024-01-01T00:57:20.837Z</time>
    <name>Point 3334</name>
  </wpt>
  <wpt lat="1.317790" lon="103.833686">
    <time>2024-01-01T00:57:21.920Z</time>
    <name>Point 3335</name>
  </wpt>
  <wpt lat="1.317861" lon="103.833476">
    <time>2024-01-01T00:57:23.003Z</time>
    <name>Point 3336</name>
  </wpt>
  <wpt lat="1.317931" lon="103.833265">
    <time>2024-01-01T00:57:24.087Z</time>
    <name>Point 3337</name>
  </wpt>
  <wpt lat="1.318002" lon="103.833055">
    <time>2024-01-01T00:57:25.170Z</time>
    <name>Point 3338</name>
  </wpt>
  <wpt lat="1.318072" lon="103.832844">
    <time>2024-01-01T00:57:26.254Z</time>
    <name>Point 3339</name>
  </wpt>
  <wpt lat="1.318143" lon="103.832634">
    <time>2024-01-01T00:57:27.337Z</time>
    <name>Point 3340</name>
  </wpt>
  <wpt lat="1.318213" lon="103.832423">
    <time>2024-01-01T00:57:28.420Z</time>
    <name>Point 3341</name>
  </wpt>
  <wpt lat="1.318284" lon="103.832213">
    <time>2024-01-01T00:57:29.504Z</time>
    <name>Point 3342</name>
  </wpt>
  <wpt lat="1.318354" lon="103.832002">
    <time>2024-01-01T00:57:30.587Z</time>
    <name>Point 3343</name>
  </wpt>
  <wpt lat="1.318425" lon="103.831792">
    <time>2024-01-01T00:57:31.671Z</time>
    <name>Point 3344</name>
  </wpt>
  <wpt lat="1.318493" lon="103.831581">
    <time>2024-01-01T00:57:32.751Z</time>
    <name>Point 3345</name>
  </wpt>
  <wpt lat="1.318560" lon="103.831370">
    <time>2024-01-01T00:57:33.831Z</time>
    <name>Point 3346</name>
  </wpt>
  <wpt lat="1.318628" lon="103.831160">
    <time>2024-01-01T00:57:34.912Z</time>
    <name>Point 3347</name>
  </wpt>
  <wpt lat="1.318695" lon="103.830949">
    <time>2024-01-01T00:57:35.992Z</time>
    <name>Point 3348</name>
  </wpt>
  <wpt lat="1.318763" lon="103.830738">
    <time>2024-01-01T00:57:37.073Z</time>
    <name>Point 3349</name>
  </wpt>
  <wpt lat="1.318831" lon="103.830527">
    <time>2024-01-01T00:57:38.153Z</time>
    <name>Point 3350</name>
  </wpt>
  <wpt lat="1.318898" lon="103.830316">
    <time>2024-01-01T00:57:39.233Z</time>
    <name>Point 3351</name>
  </wpt>
  <wpt lat="1.318966" lon="103.830106">
    <time>2024-01-01T00:57:40.314Z</time>
    <name>Point 3352</name>
  </wpt>
  <wpt lat="1.319033" lon="103.829895">
    <time>2024-01-01T00:57:41.394Z</time>
    <name>Point 3353</name>
  </wpt>
  <wpt lat="1.319101" lon="103.829684">
    <time>2024-01-01T00:57:42.475Z</time>
    <name>Point 3354</name>
  </wpt>
  <wpt lat="1.319167" lon="103.829480">
    <time>2024-01-01T00:57:43.520Z</time>
    <name>Point 3355</name>
  </wpt>
  <wpt lat="1.319233" lon="103.829276">
    <time>2024-01-01T00:57:44.566Z</time>
    <name>Point 3356</name>
  </wpt>
  <wpt lat="1.319299" lon="103.829073">
    <time>2024-01-01T00:57:45.611Z</time>
    <name>Point 3357</name>
  </wpt>
  <wpt lat="1.319365" lon="103.828869">
    <time>2024-01-01T00:57:46.657Z</time>
    <name>Point 3358</name>
  </wpt>
  <wpt lat="1.319432" lon="103.828665">
    <time>2024-01-01T00:57:47.702Z</time>
    <name>Point 3359</name>
  </wpt>
  <wpt lat="1.319498" lon="103.828461">
    <time>2024-01-01T00:57:48.748Z</time>
    <name>Point 3360</name>
  </wpt>
  <wpt lat="1.319564" lon="103.828258">
    <time>2024-01-01T00:57:49.793Z</time>
    <name>Point 3361</name>
  </wpt>
  <wpt lat="1.319630" lon="103.828054">
    <time>2024-01-01T00:57:50.839Z</time>
    <name>Point 3362</name>
  </wpt>
  <wpt lat="1.319696" lon="103.827850">
    <time>2024-01-01T00:57:51.885Z</time>
    <name>Point 3363</name>
  </wpt>
  <wpt lat="1.319723" lon="103.827581">
    <time>2024-01-01T00:57:53.205Z</time>
    <name>Point 3364</name>
  </wpt>
  <wpt lat="1.319783" lon="103.827376">
    <time>2024-01-01T00:57:54.248Z</time>
    <name>Point 3365</name>
  </wpt>
  <wpt lat="1.319844" lon="103.827171">
    <time>2024-01-01T00:57:55.291Z</time>
    <name>Point 3366</name>
  </wpt>
  <wpt lat="1.319905" lon="103.826966">
    <time>2024-01-01T00:57:56.334Z</time>
    <name>Point 3367</name>
  </wpt>
  <wpt lat="1.319965" lon="103.826761">
    <time>2024-01-01T00:57:57.377Z</time>
    <name>Point 3368</name>
  </wpt>
  <wpt lat="1.320035" lon="103.826548">
    <time>2024-01-01T00:57:58.471Z</time>
    <name>Point 3369</name>
  </wpt>
  <wpt lat="1.320104" lon="103.826335">
    <time>2024-01-01T00:57:59.565Z</time>
    <name>Point 3370</name>
  </wpt>
  <wpt lat="1.320174" lon="103.826122">
    <time>2024-01-01T00:58:00.659Z</time>
    <name>Point 3371</name>
  </wpt>
  <wpt lat="1.320286" lon="103.825747">
    <time>2024-01-01T00:58:02.569Z</time>
    <name>Point 3372</name>
  </wpt>
  <wpt lat="1.320243" lon="103.825656">
    <time>2024-01-01T00:58:03.060Z</time>
    <name>Point 3373</name>
  </wpt>
  <wpt lat="1.320184" lon="103.825570">
    <time>2024-01-01T00:58:03.569Z</time>
    <name>Point 3374</name>
  </wpt>
  <wpt lat="1.320002" lon="103.825554">
    <time>2024-01-01T00:58:04.461Z</time>
    <name>Point 3375</name>
  </wpt>
  <wpt lat="1.319784" lon="103.825579">
    <time>2024-01-01T00:58:05.531Z</time>
    <name>Point 3376</name>
  </wpt>
  <wpt lat="1.319566" lon="103.825603">
    <time>2024-01-01T00:58:06.601Z</time>
    <name>Point 3377</name>
  </wpt>
  <wpt lat="1.319349" lon="103.825628">
    <time>2024-01-01T00:58:07.671Z</time>
    <name>Point 3378</name>
  </wpt>
  <wpt lat="1.319131" lon="103.825652">
    <time>2024-01-01T00:58:08.741Z</time>
    <name>Point 3379</name>
  </wpt>
  <wpt lat="1.318913" lon="103.825677">
    <time>2024-01-01T00:58:09.811Z</time>
    <name>Point 3380</name>
  </wpt>
  <wpt lat="1.318716" lon="103.825713">
    <time>2024-01-01T00:58:10.787Z</time>
    <name>Point 3381</name>
  </wpt>
  <wpt lat="1.318519" lon="103.825749">
    <time>2024-01-01T00:58:11.764Z</time>
    <name>Point 3382</name>
  </wpt>
  <wpt lat="1.318322" lon="103.825785">
    <time>2024-01-01T00:58:12.741Z</time>
    <name>Point 3383</name>
  </wpt>
  <wpt lat="1.318126" lon="103.825821">
    <time>2024-01-01T00:58:13.718Z</time>
    <name>Point 3384</name>
  </wpt>
  <wpt lat="1.317929" lon="103.825857">
    <time>2024-01-01T00:58:14.695Z</time>
    <name>Point 3385</name>
  </wpt>
  <wpt lat="1.317732" lon="103.825893">
    <time>2024-01-01T00:58:15.672Z</time>
    <name>Point 3386</name>
  </wpt>
  <wpt lat="1.317535" lon="103.825929">
    <time>2024-01-01T00:58:16.649Z</time>
    <name>Point 3387</name>
  </wpt>
  <wpt lat="1.317323" lon="103.825958">
    <time>2024-01-01T00:58:17.695Z</time>
    <name>Point 3388</name>
  </wpt>
  <wpt lat="1.317110" lon="103.825987">
    <time>2024-01-01T00:58:18.742Z</time>
    <name>Point 3389</name>
  </wpt>
  <wpt lat="1.316898" lon="103.826016">
    <time>2024-01-01T00:58:19.788Z</time>
    <name>Point 3390</name>
  </wpt>
  <wpt lat="1.316685" lon="103.826045">
    <time>2024-01-01T00:58:20.835Z</time>
    <name>Point 3391</name>
  </wpt>
  <wpt lat="1.316473" lon="103.826074">
    <time>2024-01-01T00:58:21.882Z</time>
    <name>Point 3392</name>
  </wpt>
  <wpt lat="1.316264" lon="103.826104">
    <time>2024-01-01T00:58:22.913Z</time>
    <name>Point 3393</name>
  </wpt>
  <wpt lat="1.316055" lon="103.826133">
    <time>2024-01-01T00:58:23.944Z</time>
    <name>Point 3394</name>
  </wpt>
  <wpt lat="1.315846" lon="103.826163">
    <time>2024-01-01T00:58:24.975Z</time>
    <name>Point 3395</name>
  </wpt>
  <wpt lat="1.315636" lon="103.826192">
    <time>2024-01-01T00:58:26.006Z</time>
    <name>Point 3396</name>
  </wpt>
  <wpt lat="1.315427" lon="103.826222">
    <time>2024-01-01T00:58:27.037Z</time>
    <name>Point 3397</name>
  </wpt>
  <wpt lat="1.315218" lon="103.826251">
    <time>2024-01-01T00:58:28.069Z</time>
    <name>Point 3398</name>
  </wpt>
  <wpt lat="1.314880" lon="103.826369">
    <time>2024-01-01T00:58:29.817Z</time>
    <name>Point 3399</name>
  </wpt>
  <wpt lat="1.314548" lon="103.826562">
    <time>2024-01-01T00:58:31.691Z</time>
    <name>Point 3400</name>
  </wpt>
  <wpt lat="1.314307" lon="103.826820">
    <time>2024-01-01T00:58:33.414Z</time>
    <name>Point 3401</name>
  </wpt>
  <wpt lat="1.314216" lon="103.826940">
    <time>2024-01-01T00:58:34.149Z</time>
    <name>Point 3402</name>
  </wpt>
  <wpt lat="1.314124" lon="103.827059">
    <time>2024-01-01T00:58:34.884Z</time>
    <name>Point 3403</name>
  </wpt>
  <wpt lat="1.314033" lon="103.827179">
    <time>2024-01-01T00:58:35.619Z</time>
    <name>Point 3404</name>
  </wpt>
  <wpt lat="1.313910" lon="103.827342">
    <time>2024-01-01T00:58:36.615Z</time>
    <name>Point 3405</name>
  </wpt>
  <wpt lat="1.313786" lon="103.827504">
    <time>2024-01-01T00:58:37.611Z</time>
    <name>Point 3406</name>
  </wpt>
  <wpt lat="1.313663" lon="103.827667">
    <time>2024-01-01T00:58:38.608Z</time>
    <name>Point 3407</name>
  </wpt>
  <wpt lat="1.313611" lon="103.827808">
    <time>2024-01-01T00:58:39.342Z</time>
    <name>Point 3408</name>
  </wpt>
  <wpt lat="1.313560" lon="103.827950">
    <time>2024-01-01T00:58:40.076Z</time>
    <name>Point 3409</name>
  </wpt>
  <wpt lat="1.313508" lon="103.828091">
    <time>2024-01-01T00:58:40.811Z</time>
    <name>Point 3410</name>
  </wpt>
  <wpt lat="1.313451" lon="103.828272">
    <time>2024-01-01T00:58:41.736Z</time>
    <name>Point 3411</name>
  </wpt>
  <wpt lat="1.313393" lon="103.828452">
    <time>2024-01-01T00:58:42.661Z</time>
    <name>Point 3412</name>
  </wpt>
  <wpt lat="1.313336" lon="103.828633">
    <time>2024-01-01T00:58:43.586Z</time>
    <name>Point 3413</name>
  </wpt>
  <wpt lat="1.313284" lon="103.828846">
    <time>2024-01-01T00:58:44.654Z</time>
    <name>Point 3414</name>
  </wpt>
  <wpt lat="1.313232" lon="103.829058">
    <time>2024-01-01T00:58:45.723Z</time>
    <name>Point 3415</name>
  </wpt>
  <wpt lat="1.313180" lon="103.829271">
    <time>2024-01-01T00:58:46.792Z</time>
    <name>Point 3416</name>
  </wpt>
  <wpt lat="1.313135" lon="103.829436">
    <time>2024-01-01T00:58:47.624Z</time>
    <name>Point 3417</name>
  </wpt>
  <wpt lat="1.313091" lon="103.829600">
    <time>2024-01-01T00:58:48.457Z</time>
    <name>Point 3418</name>
  </wpt>
  <wpt lat="1.313046" lon="103.829765">
    <time>2024-01-01T00:58:49.290Z</time>
    <name>Point 3419</name>
  </wpt>
  <wpt lat="1.312999" lon="103.829970">
    <time>2024-01-01T00:58:50.316Z</time>
    <name>Point 3420</name>
  </wpt>
  <wpt lat="1.312952" lon="103.830175">
    <time>2024-01-01T00:58:51.342Z</time>
    <name>Point 3421</name>
  </wpt>
  <wpt lat="1.312906" lon="103.830380">
    <time>2024-01-01T00:58:52.368Z</time>
    <name>Point 3422</name>
  </wpt>
  <wpt lat="1.312859" lon="103.830585">
    <time>2024-01-01T00:58:53.395Z</time>
    <name>Point 3423</name>
  </wpt>
  <wpt lat="1.312812" lon="103.830751">
    <time>2024-01-01T00:58:54.238Z</time>
    <name>Point 3424</name>
  </wpt>
  <wpt lat="1.312766" lon="103.830918">
    <time>2024-01-01T00:58:55.081Z</time>
    <name>Point 3425</name>
  </wpt>
  <wpt lat="1.312719" lon="103.831084">
    <time>2024-01-01T00:58:55.924Z</time>
    <name>Point 3426</name>
  </wpt>
  <wpt lat="1.312663" lon="103.831301">
    <time>2024-01-01T00:58:57.016Z</time>
    <name>Point 3427</name>
  </wpt>
  <wpt lat="1.312607" lon="103.831518">
    <time>2024-01-01T00:58:58.109Z</time>
    <name>Point 3428</name>
  </wpt>
  <wpt lat="1.312552" lon="103.831734">
    <time>2024-01-01T00:58:59.201Z</time>
    <name>Point 3429</name>
  </wpt>
  <wpt lat="1.312496" lon="103.831951">
    <time>2024-01-01T00:59:00.294Z</time>
    <name>Point 3430</name>
  </wpt>
  <wpt lat="1.312440" lon="103.832168">
    <time>2024-01-01T00:59:01.387Z</time>
    <name>Point 3431</name>
  </wpt>
  <wpt lat="1.312388" lon="103.832322">
    <time>2024-01-01T00:59:02.178Z</time>
    <name>Point 3432</name>
  </wpt>
  <wpt lat="1.312337" lon="103.832475">
    <time>2024-01-01T00:59:02.969Z</time>
    <name>Point 3433</name>
  </wpt>
  <wpt lat="1.312285" lon="103.832629">
    <time>2024-01-01T00:59:03.761Z</time>
    <name>Point 3434</name>
  </wpt>
  <wpt lat="1.312097" lon="103.832898">
    <time>2024-01-01T00:59:05.363Z</time>
    <name>Point 3435</name>
  </wpt>
  <wpt lat="1.311899" lon="103.833042">
    <time>2024-01-01T00:59:06.558Z</time>
    <name>Point 3436</name>
  </wpt>
  <wpt lat="1.311700" lon="103.833171">
    <time>2024-01-01T00:59:07.715Z</time>
    <name>Point 3437</name>
  </wpt>
  <wpt lat="1.311453" lon="103.833262">
    <time>2024-01-01T00:59:09.000Z</time>
    <name>Point 3438</name>
  </wpt>
  <wpt lat="1.311244" lon="103.833295">
    <time>2024-01-01T00:59:10.033Z</time>
    <name>Point 3439</name>
  </wpt>
  <wpt lat="1.311022" lon="103.833329">
    <time>2024-01-01T00:59:11.127Z</time>
    <name>Point 3440</name>
  </wpt>
  <wpt lat="1.310801" lon="103.833362">
    <time>2024-01-01T00:59:12.222Z</time>
    <name>Point 3441</name>
  </wpt>
  <wpt lat="1.310579" lon="103.833396">
    <time>2024-01-01T00:59:13.317Z</time>
    <name>Point 3442</name>
  </wpt>
  <wpt lat="1.310372" lon="103.833418">
    <time>2024-01-01T00:59:14.332Z</time>
    <name>Point 3443</name>
  </wpt>
  <wpt lat="1.310165" lon="103.833441">
    <time>2024-01-01T00:59:15.348Z</time>
    <name>Point 3444</name>
  </wpt>
  <wpt lat="1.309958" lon="103.833463">
    <time>2024-01-01T00:59:16.363Z</time>
    <name>Point 3445</name>
  </wpt>
  <wpt lat="1.309752" lon="103.833485">
    <time>2024-01-01T00:59:17.379Z</time>
    <name>Point 3446</name>
  </wpt>
  <wpt lat="1.309545" lon="103.833507">
    <time>2024-01-01T00:59:18.394Z</time>
    <name>Point 3447</name>
  </wpt>
  <wpt lat="1.309338" lon="103.833530">
    <time>2024-01-01T00:59:19.410Z</time>
    <name>Point 3448</name>
  </wpt>
  <wpt lat="1.309131" lon="103.833552">
    <time>2024-01-01T00:59:20.426Z</time>
    <name>Point 3449</name>
  </wpt>
  <wpt lat="1.309029" lon="103.833514">
    <time>2024-01-01T00:59:20.958Z</time>
    <name>Point 3450</name>
  </wpt>
  <wpt lat="1.309040" lon="103.833386">
    <time>2024-01-01T00:59:21.585Z</time>
    <name>Point 3451</name>
  </wpt>
  <wpt lat="1.309067" lon="103.833268">
    <time>2024-01-01T00:59:22.176Z</time>
    <name>Point 3452</name>
  </wpt>
  <wpt lat="1.309244" lon="103.833209">
    <time>2024-01-01T00:59:23.086Z</time>
    <name>Point 3453</name>
  </wpt>
  <wpt lat="1.309449" lon="103.833206">
    <time>2024-01-01T00:59:24.086Z</time>
    <name>Point 3454</name>
  </wpt>
  <wpt lat="1.309654" lon="103.833203">
    <time>2024-01-01T00:59:25.086Z</time>
    <name>Point 3455</name>
  </wpt>
  <wpt lat="1.309858" lon="103.833199">
    <time>2024-01-01T00:59:26.086Z</time>
    <name>Point 3456</name>
  </wpt>
  <wpt lat="1.310063" lon="103.833196">
    <time>2024-01-01T00:59:27.086Z</time>
    <name>Point 3457</name>
  </wpt>
  <wpt lat="1.310268" lon="103.833193">
    <time>2024-01-01T00:59:28.086Z</time>
    <name>Point 3458</name>
  </wpt>
  <wpt lat="1.310563" lon="103.833160">
    <time>2024-01-01T00:59:29.535Z</time>
    <name>Point 3459</name>
  </wpt>
  <wpt lat="1.310590" lon="103.833058">
    <time>2024-01-01T00:59:30.050Z</time>
    <name>Point 3460</name>
  </wpt>
  <wpt lat="1.310708" lon="103.833010">
    <time>2024-01-01T00:59:30.672Z</time>
    <name>Point 3461</name>
  </wpt>
  <wpt lat="1.310965" lon="103.833016">
    <time>2024-01-01T00:59:31.927Z</time>
    <name>Point 3462</name>
  </wpt>
  <wpt lat="1.311228" lon="103.832983">
    <time>2024-01-01T00:59:33.221Z</time>
    <name>Point 3463</name>
  </wpt>
  <wpt lat="1.311373" lon="103.832951">
    <time>2024-01-01T00:59:33.946Z</time>
    <name>Point 3464</name>
  </wpt>
  <wpt lat="1.311641" lon="103.832801">
    <time>2024-01-01T00:59:35.445Z</time>
    <name>Point 3465</name>
  </wpt>
  <wpt lat="1.311840" lon="103.832645">
    <time>2024-01-01T00:59:36.679Z</time>
    <name>Point 3466</name>
  </wpt>
  <wpt lat="1.312001" lon="103.832393">
    <time>2024-01-01T00:59:38.139Z</time>
    <name>Point 3467</name>
  </wpt>
  <wpt lat="1.312086" lon="103.832130">
    <time>2024-01-01T00:59:39.488Z</time>
    <name>Point 3468</name>
  </wpt>
  <wpt lat="1.312188" lon="103.831760">
    <time>2024-01-01T00:59:41.361Z</time>
    <name>Point 3469</name>
  </wpt>
  <wpt lat="1.312188" lon="103.831760">
    <time>2024-01-01T00:59:42Z</time>
    <name>GeoMock hold</name>
  </wpt>
  <wpt lat="1.312188" lon="103.831760">
    <time>2024-01-01T00:59:43Z</time>
    <name>GeoMock hold</name>
  </wpt>
  <wpt lat="1.312188" lon="103.831760">
    <time>2024-01-01T00:59:44Z</time>
    <name>GeoMock hold</name>
  </wpt>
  <wpt lat="1.312188" lon="103.831760">
    <time>2024-01-01T00:59:45Z</time>
    <name>GeoMock hold</name>
  </wpt>
  <wpt lat="1.312188" lon="103.831760">
    <time>2024-01-01T00:59:46Z</time>
    <name>GeoMock hold</name>
  </wpt>
  <wpt lat="1.312188" lon="103.831760">
    <time>2024-01-01T00:59:47Z</time>
    <name>GeoMock hold</name>
  </wpt>
  <wpt lat="1.312188" lon="103.831760">
    <time>2024-01-01T00:59:48Z</time>
    <name>GeoMock hold</name>
  </wpt>
  <wpt lat="1.312188" lon="103.831760">
    <time>2024-01-01T00:59:49Z</time>
    <name>GeoMock hold</name>
  </wpt>
  <wpt lat="1.312188" lon="103.831760">
    <time>2024-01-01T00:59:50Z</time>
    <name>GeoMock hold</name>
  </wpt>
  <wpt lat="1.312188" lon="103.831760">
    <time>2024-01-01T00:59:51Z</time>
    <name>GeoMock hold</name>
  </wpt>
  <wpt lat="1.312188" lon="103.831760">
    <time>2024-01-01T00:59:52Z</time>
    <name>GeoMock hold</name>
  </wpt>
  <wpt lat="1.312188" lon="103.831760">
    <time>2024-01-01T00:59:53Z</time>
    <name>GeoMock hold</name>
  </wpt>
  <wpt lat="1.312188" lon="103.831760">
    <time>2024-01-01T00:59:54Z</time>
    <name>GeoMock hold</name>
  </wpt>
  <wpt lat="1.312188" lon="103.831760">
    <time>2024-01-01T00:59:55Z</time>
    <name>GeoMock hold</name>
  </wpt>
  <wpt lat="1.312188" lon="103.831760">
    <time>2024-01-01T00:59:56Z</time>
    <name>GeoMock hold</name>
  </wpt>
  <wpt lat="1.312188" lon="103.831760">
    <time>2024-01-01T00:59:57Z</time>
    <name>GeoMock hold</name>
  </wpt>
  <wpt lat="1.312188" lon="103.831760">
    <time>2024-01-01T00:59:58Z</time>
    <name>GeoMock hold</name>
  </wpt>
  <wpt lat="1.312188" lon="103.831760">
    <time>2024-01-01T00:59:59Z</time>
    <name>GeoMock hold</name>
  </wpt>
  <wpt lat="1.312188" lon="103.831760">
    <time>2024-01-01T01:00:00Z</time>
    <name>GeoMock hold</name>
  </wpt>
  <wpt lat="1.312188" lon="103.831760">
    <time>2024-01-01T01:00:01Z</time>
    <name>GeoMock hold</name>
  </wpt>
  <wpt lat="1.312188" lon="103.831760">
    <time>2024-01-01T01:00:02Z</time>
    <name>GeoMock hold</name>
  </wpt>
  <wpt lat="1.312188" lon="103.831760">
    <time>2024-01-01T01:00:03Z</time>
    <name>GeoMock hold</name>
  </wpt>
  <wpt lat="1.312188" lon="103.831760">
    <time>2024-01-01T01:00:04Z</time>
    <name>GeoMock hold</name>
  </wpt>
  <wpt lat="1.312188" lon="103.831760">
    <time>2024-01-01T01:00:05Z</time>
    <name>GeoMock hold</name>
  </wpt>
  <wpt lat="1.312188" lon="103.831760">
    <time>2024-01-01T01:00:06Z</time>
    <name>GeoMock hold</name>
  </wpt>
  <wpt lat="1.312188" lon="103.831760">
    <time>2024-01-01T01:00:07Z</time>
    <name>GeoMock hold</name>
  </wpt>
  <wpt lat="1.312188" lon="103.831760">
    <time>2024-01-01T01:00:08Z</time>
    <name>GeoMock hold</name>
  </wpt>
  <wpt lat="1.312188" lon="103.831760">
    <time>2024-01-01T01:00:09Z</time>
    <name>GeoMock hold</name>
  </wpt>
  <wpt lat="1.312188" lon="103.831760">
    <time>2024-01-01T01:00:10Z</time>
    <name>GeoMock hold</name>
  </wpt>
  <wpt lat="1.312188" lon="103.831760">
    <time>2024-01-01T01:00:11Z</time>
    <name>GeoMock hold</name>
  </wpt>
  <wpt lat="1.312188" lon="103.831760">
    <time>2024-01-01T01:00:12Z</time>
    <name>GeoMock hold</name>
  </wpt>
  <wpt lat="1.312188" lon="103.831760">
    <time>2024-01-01T01:00:13Z</time>
    <name>GeoMock hold</name>
  </wpt>
  <wpt lat="1.312188" lon="103.831760">
    <time>2024-01-01T01:00:14Z</time>
    <name>GeoMock hold</name>
  </wpt>
  <wpt lat="1.312188" lon="103.831760">
    <time>2024-01-01T01:00:15Z</time>
    <name>GeoMock hold</name>
  </wpt>
  <wpt lat="1.312188" lon="103.831760">
    <time>2024-01-01T01:00:16Z</time>
    <name>GeoMock hold</name>
  </wpt>
  <wpt lat="1.312188" lon="103.831760">
    <time>2024-01-01T01:00:17Z</time>
    <name>GeoMock hold</name>
  </wpt>
  <wpt lat="1.312188" lon="103.831760">
    <time>2024-01-01T01:00:18Z</time>
    <name>GeoMock hold</name>
  </wpt>
  <wpt lat="1.312188" lon="103.831760">
    <time>2024-01-01T01:00:19Z</time>
    <name>GeoMock hold</name>
  </wpt>
  <wpt lat="1.312188" lon="103.831760">
    <time>2024-01-01T01:00:20Z</time>
    <name>GeoMock hold</name>
  </wpt>
  <wpt lat="1.312188" lon="103.831760">
    <time>2024-01-01T01:00:21Z</time>
    <name>GeoMock hold</name>
  </wpt>
  <wpt lat="1.312188" lon="103.831760">
    <time>2024-01-01T01:00:22Z</time>
    <name>GeoMock hold</name>
  </wpt>
  <wpt lat="1.312188" lon="103.831760">
    <time>2024-01-01T01:00:23Z</time>
    <name>GeoMock hold</name>
  </wpt>
  <wpt lat="1.312188" lon="103.831760">
    <time>2024-01-01T01:00:24Z</time>
    <name>GeoMock hold</name>
  </wpt>
  <wpt lat="1.312188" lon="103.831760">
    <time>2024-01-01T01:00:25Z</time>
    <name>GeoMock hold</name>
  </wpt>
  <wpt lat="1.312188" lon="103.831760">
    <time>2024-01-01T01:00:26Z</time>
    <name>GeoMock hold</name>
  </wpt>
  <wpt lat="1.312188" lon="103.831760">
    <time>2024-01-01T01:00:27Z</time>
    <name>GeoMock hold</name>
  </wpt>
  <wpt lat="1.312188" lon="103.831760">
    <time>2024-01-01T01:00:28Z</time>
    <name>GeoMock hold</name>
  </wpt>
  <wpt lat="1.312188" lon="103.831760">
    <time>2024-01-01T01:00:29Z</time>
    <name>GeoMock hold</name>
  </wpt>
  <wpt lat="1.312188" lon="103.831760">
    <time>2024-01-01T01:00:30Z</time>
    <name>GeoMock hold</name>
  </wpt>
  <wpt lat="1.312188" lon="103.831760">
    <time>2024-01-01T01:00:31Z</time>
    <name>GeoMock hold</name>
  </wpt>
  <wpt lat="1.312188" lon="103.831760">
    <time>2024-01-01T01:00:32Z</time>
    <name>GeoMock hold</name>
  </wpt>
  <wpt lat="1.312188" lon="103.831760">
    <time>2024-01-01T01:00:33Z</time>
    <name>GeoMock hold</name>
  </wpt>
  <wpt lat="1.312188" lon="103.831760">
    <time>2024-01-01T01:00:34Z</time>
    <name>GeoMock hold</name>
  </wpt>
  <wpt lat="1.312188" lon="103.831760">
    <time>2024-01-01T01:00:35Z</time>
    <name>GeoMock hold</name>
  </wpt>
  <wpt lat="1.312188" lon="103.831760">
    <time>2024-01-01T01:00:36Z</time>
    <name>GeoMock hold</name>
  </wpt>
  <wpt lat="1.312188" lon="103.831760">
    <time>2024-01-01T01:00:37Z</time>
    <name>GeoMock hold</name>
  </wpt>
  <wpt lat="1.312188" lon="103.831760">
    <time>2024-01-01T01:00:38Z</time>
    <name>GeoMock hold</name>
  </wpt>
  <wpt lat="1.312188" lon="103.831760">
    <time>2024-01-01T01:00:39Z</time>
    <name>GeoMock hold</name>
  </wpt>
  <wpt lat="1.312188" lon="103.831760">
    <time>2024-01-01T01:00:40Z</time>
    <name>GeoMock hold</name>
  </wpt>
  <wpt lat="1.312188" lon="103.831760">
    <time>2024-01-01T01:00:41Z</time>
    <name>GeoMock hold</name>
  </wpt>
  <wpt lat="1.312188" lon="103.831760">
    <time>2024-01-01T01:00:42Z</time>
    <name>GeoMock hold</name>
  </wpt>
  <wpt lat="1.312188" lon="103.831760">
    <time>2024-01-01T01:00:43Z</time>
    <name>GeoMock hold</name>
  </wpt>
  <wpt lat="1.312188" lon="103.831760">
    <time>2024-01-01T01:00:44Z</time>
    <name>GeoMock hold</name>
  </wpt>
  <wpt lat="1.312188" lon="103.831760">
    <time>2024-01-01T01:00:45Z</time>
    <name>GeoMock hold</name>
  </wpt>
  <wpt lat="1.312188" lon="103.831760">
    <time>2024-01-01T01:00:46Z</time>
    <name>GeoMock hold</name>
  </wpt>
  <wpt lat="1.312188" lon="103.831760">
    <time>2024-01-01T01:00:47Z</time>
    <name>GeoMock hold</name>
  </wpt>
  <wpt lat="1.312188" lon="103.831760">
    <time>2024-01-01T01:00:48Z</time>
    <name>GeoMock hold</name>
  </wpt>
  <wpt lat="1.312188" lon="103.831760">
    <time>2024-01-01T01:00:49Z</time>
    <name>GeoMock hold</name>
  </wpt>
  <wpt lat="1.312188" lon="103.831760">
    <time>2024-01-01T01:00:50Z</time>
    <name>GeoMock hold</name>
  </wpt>
  <wpt lat="1.312188" lon="103.831760">
    <time>2024-01-01T01:00:51Z</time>
    <name>GeoMock hold</name>
  </wpt>
  <wpt lat="1.312188" lon="103.831760">
    <time>2024-01-01T01:00:52Z</time>
    <name>GeoMock hold</name>
  </wpt>
  <wpt lat="1.312188" lon="103.831760">
    <time>2024-01-01T01:00:53Z</time>
    <name>GeoMock hold</name>
  </wpt>
  <wpt lat="1.312188" lon="103.831760">
    <time>2024-01-01T01:00:54Z</time>
    <name>GeoMock hold</name>
  </wpt>
  <wpt lat="1.312188" lon="103.831760">
    <time>2024-01-01T01:00:55Z</time>
    <name>GeoMock hold</name>
  </wpt>
  <wpt lat="1.312188" lon="103.831760">
    <time>2024-01-01T01:00:56Z</time>
    <name>GeoMock hold</name>
  </wpt>
  <wpt lat="1.312188" lon="103.831760">
    <time>2024-01-01T01:00:57Z</time>
    <name>GeoMock hold</name>
  </wpt>
  <wpt lat="1.312188" lon="103.831760">
    <time>2024-01-01T01:00:58Z</time>
    <name>GeoMock hold</name>
  </wpt>
  <wpt lat="1.312188" lon="103.831760">
    <time>2024-01-01T01:00:59Z</time>
    <name>GeoMock hold</name>
  </wpt>
  <wpt lat="1.312188" lon="103.831760">
    <time>2024-01-01T01:01:00Z</time>
    <name>GeoMock hold</name>
  </wpt>
  <wpt lat="1.312188" lon="103.831760">
    <time>2024-01-01T01:01:01Z</time>
    <name>GeoMock hold</name>
  </wpt>
  <wpt lat="1.312188" lon="103.831760">
    <time>2024-01-01T01:01:02Z</time>
    <name>GeoMock hold</name>
  </wpt>
  <wpt lat="1.312188" lon="103.831760">
    <time>2024-01-01T01:01:03Z</time>
    <name>GeoMock hold</name>
  </wpt>
  <wpt lat="1.312188" lon="103.831760">
    <time>2024-01-01T01:01:04Z</time>
    <name>GeoMock hold</name>
  </wpt>
  <wpt lat="1.312188" lon="103.831760">
    <time>2024-01-01T01:01:05Z</time>
    <name>GeoMock hold</name>
  </wpt>
  <wpt lat="1.312188" lon="103.831760">
    <time>2024-01-01T01:01:06Z</time>
    <name>GeoMock hold</name>
  </wpt>
  <wpt lat="1.312188" lon="103.831760">
    <time>2024-01-01T01:01:07Z</time>
    <name>GeoMock hold</name>
  </wpt>
  <wpt lat="1.312188" lon="103.831760">
    <time>2024-01-01T01:01:08Z</time>
    <name>GeoMock hold</name>
  </wpt>
  <wpt lat="1.312188" lon="103.831760">
    <time>2024-01-01T01:01:09Z</time>
    <name>GeoMock hold</name>
  </wpt>
  <wpt lat="1.312188" lon="103.831760">
    <time>2024-01-01T01:01:10Z</time>
    <name>GeoMock hold</name>
  </wpt>
  <wpt lat="1.312188" lon="103.831760">
    <time>2024-01-01T01:01:11Z</time>
    <name>GeoMock hold</name>
  </wpt>
  <wpt lat="1.312188" lon="103.831760">
    <time>2024-01-01T01:01:12Z</time>
    <name>GeoMock hold</name>
  </wpt>
  <wpt lat="1.312188" lon="103.831760">
    <time>2024-01-01T01:01:13Z</time>
    <name>GeoMock hold</name>
  </wpt>
  <wpt lat="1.312188" lon="103.831760">
    <time>2024-01-01T01:01:14Z</time>
    <name>GeoMock hold</name>
  </wpt>
  <wpt lat="1.312188" lon="103.831760">
    <time>2024-01-01T01:01:15Z</time>
    <name>GeoMock hold</name>
  </wpt>
  <wpt lat="1.312188" lon="103.831760">
    <time>2024-01-01T01:01:16Z</time>
    <name>GeoMock hold</name>
  </wpt>
  <wpt lat="1.312188" lon="103.831760">
    <time>2024-01-01T01:01:17Z</time>
    <name>GeoMock hold</name>
  </wpt>
  <wpt lat="1.312188" lon="103.831760">
    <time>2024-01-01T01:01:18Z</time>
    <name>GeoMock hold</name>
  </wpt>
  <wpt lat="1.312188" lon="103.831760">
    <time>2024-01-01T01:01:19Z</time>
    <name>GeoMock hold</name>
  </wpt>
  <wpt lat="1.312188" lon="103.831760">
    <time>2024-01-01T01:01:20Z</time>
    <name>GeoMock hold</name>
  </wpt>
  <wpt lat="1.312188" lon="103.831760">
    <time>2024-01-01T01:01:21Z</time>
    <name>GeoMock hold</name>
  </wpt>
  <wpt lat="1.312188" lon="103.831760">
    <time>2024-01-01T01:01:22Z</time>
    <name>GeoMock hold</name>
  </wpt>
  <wpt lat="1.312188" lon="103.831760">
    <time>2024-01-01T01:01:23Z</time>
    <name>GeoMock hold</name>
  </wpt>
  <wpt lat="1.312188" lon="103.831760">
    <time>2024-01-01T01:01:24Z</time>
    <name>GeoMock hold</name>
  </wpt>
  <wpt lat="1.312188" lon="103.831760">
    <time>2024-01-01T01:01:25Z</time>
    <name>GeoMock hold</name>
  </wpt>
  <wpt lat="1.312188" lon="103.831760">
    <time>2024-01-01T01:01:26Z</time>
    <name>GeoMock hold</name>
  </wpt>
  <wpt lat="1.312188" lon="103.831760">
    <time>2024-01-01T01:01:27Z</time>
    <name>GeoMock hold</name>
  </wpt>
  <wpt lat="1.312188" lon="103.831760">
    <time>2024-01-01T01:01:28Z</time>
    <name>GeoMock hold</name>
  </wpt>
  <wpt lat="1.312188" lon="103.831760">
    <time>2024-01-01T01:01:29Z</time>
    <name>GeoMock hold</name>
  </wpt>
  <wpt lat="1.312188" lon="103.831760">
    <time>2024-01-01T01:01:30Z</time>
    <name>GeoMock hold</name>
  </wpt>
  <wpt lat="1.312188" lon="103.831760">
    <time>2024-01-01T01:01:31Z</time>
    <name>GeoMock hold</name>
  </wpt>
  <wpt lat="1.312188" lon="103.831760">
    <time>2024-01-01T01:01:32Z</time>
    <name>GeoMock hold</name>
  </wpt>
  <wpt lat="1.312188" lon="103.831760">
    <time>2024-01-01T01:01:33Z</time>
    <name>GeoMock hold</name>
  </wpt>
  <wpt lat="1.312188" lon="103.831760">
    <time>2024-01-01T01:01:34Z</time>
    <name>GeoMock hold</name>
  </wpt>
  <wpt lat="1.312188" lon="103.831760">
    <time>2024-01-01T01:01:35Z</time>
    <name>GeoMock hold</name>
  </wpt>
  <wpt lat="1.312188" lon="103.831760">
    <time>2024-01-01T01:01:36Z</time>
    <name>GeoMock hold</name>
  </wpt>
  <wpt lat="1.312188" lon="103.831760">
    <time>2024-01-01T01:01:37Z</time>
    <name>GeoMock hold</name>
  </wpt>
  <wpt lat="1.312188" lon="103.831760">
    <time>2024-01-01T01:01:38Z</time>
    <name>GeoMock hold</name>
  </wpt>
  <wpt lat="1.312188" lon="103.831760">
    <time>2024-01-01T01:01:39Z</time>
    <name>GeoMock hold</name>
  </wpt>
  <wpt lat="1.312188" lon="103.831760">
    <time>2024-01-01T01:01:40Z</time>
    <name>GeoMock hold</name>
  </wpt>
  <wpt lat="1.312188" lon="103.831760">
    <time>2024-01-01T01:01:41Z</time>
    <name>GeoMock hold</name>
  </wpt>
  <wpt lat="1.312188" lon="103.831760">
    <time>2024-01-01T01:01:42Z</time>
    <name>GeoMock hold</name>
  </wpt>
  <wpt lat="1.312188" lon="103.831760">
    <time>2024-01-01T01:01:43Z</time>
    <name>GeoMock hold</name>
  </wpt>
  <wpt lat="1.312188" lon="103.831760">
    <time>2024-01-01T01:01:44Z</time>
    <name>GeoMock hold</name>
  </wpt>
  <wpt lat="1.312188" lon="103.831760">
    <time>2024-01-01T01:01:45Z</time>
    <name>GeoMock hold</name>
  </wpt>
  <wpt lat="1.312188" lon="103.831760">
    <time>2024-01-01T01:01:46Z</time>
    <name>GeoMock hold</name>
  </wpt>
  <wpt lat="1.312188" lon="103.831760">
    <time>2024-01-01T01:01:47Z</time>
    <name>GeoMock hold</name>
  </wpt>
  <wpt lat="1.312188" lon="103.831760">
    <time>2024-01-01T01:01:48Z</time>
    <name>GeoMock hold</name>
  </wpt>
  <wpt lat="1.312188" lon="103.831760">
    <time>2024-01-01T01:01:49Z</time>
    <name>GeoMock hold</name>
  </wpt>
  <wpt lat="1.312188" lon="103.831760">
    <time>2024-01-01T01:01:50Z</time>
    <name>GeoMock hold</name>
  </wpt>
  <wpt lat="1.312188" lon="103.831760">
    <time>2024-01-01T01:01:51Z</time>
    <name>GeoMock hold</name>
  </wpt>
  <wpt lat="1.312188" lon="103.831760">
    <time>2024-01-01T01:01:52Z</time>
    <name>GeoMock hold</name>
  </wpt>
  <wpt lat="1.312188" lon="103.831760">
    <time>2024-01-01T01:01:53Z</time>
    <name>GeoMock hold</name>
  </wpt>
  <wpt lat="1.312188" lon="103.831760">
    <time>2024-01-01T01:01:54Z</time>
    <name>GeoMock hold</name>
  </wpt>
  <wpt lat="1.312188" lon="103.831760">
    <time>2024-01-01T01:01:55Z</time>
    <name>GeoMock hold</name>
  </wpt>
  <wpt lat="1.312188" lon="103.831760">
    <time>2024-01-01T01:01:56Z</time>
    <name>GeoMock hold</name>
  </wpt>
  <wpt lat="1.312188" lon="103.831760">
    <time>2024-01-01T01:01:57Z</time>
    <name>GeoMock hold</name>
  </wpt>
  <wpt lat="1.312188" lon="103.831760">
    <time>2024-01-01T01:01:58Z</time>
    <name>GeoMock hold</name>
  </wpt>
  <wpt lat="1.312188" lon="103.831760">
    <time>2024-01-01T01:01:59Z</time>
    <name>GeoMock hold</name>
  </wpt>
  <wpt lat="1.312188" lon="103.831760">
    <time>2024-01-01T01:02:00Z</time>
    <name>GeoMock hold</name>
  </wpt>
  <wpt lat="1.312188" lon="103.831760">
    <time>2024-01-01T01:02:01Z</time>
    <name>GeoMock hold</name>
  </wpt>
  <wpt lat="1.312188" lon="103.831760">
    <time>2024-01-01T01:02:02Z</time>
    <name>GeoMock hold</name>
  </wpt>
  <wpt lat="1.312188" lon="103.831760">
    <time>2024-01-01T01:02:03Z</time>
    <name>GeoMock hold</name>
  </wpt>
  <wpt lat="1.312188" lon="103.831760">
    <time>2024-01-01T01:02:04Z</time>
    <name>GeoMock hold</name>
  </wpt>
  <wpt lat="1.312188" lon="103.831760">
    <time>2024-01-01T01:02:05Z</time>
    <name>GeoMock hold</name>
  </wpt>
  <wpt lat="1.312188" lon="103.831760">
    <time>2024-01-01T01:02:06Z</time>
    <name>GeoMock hold</name>
  </wpt>
  <wpt lat="1.312188" lon="103.831760">
    <time>2024-01-01T01:02:07Z</time>
    <name>GeoMock hold</name>
  </wpt>
  <wpt lat="1.312188" lon="103.831760">
    <time>2024-01-01T01:02:08Z</time>
    <name>GeoMock hold</name>
  </wpt>
  <wpt lat="1.312188" lon="103.831760">
    <time>2024-01-01T01:02:09Z</time>
    <name>GeoMock hold</name>
  </wpt>
  <wpt lat="1.312188" lon="103.831760">
    <time>2024-01-01T01:02:10Z</time>
    <name>GeoMock hold</name>
  </wpt>
  <wpt lat="1.312188" lon="103.831760">
    <time>2024-01-01T01:02:11Z</time>
    <name>GeoMock hold</name>
  </wpt>
  <wpt lat="1.312188" lon="103.831760">
    <time>2024-01-01T01:02:12Z</time>
    <name>GeoMock hold</name>
  </wpt>
  <wpt lat="1.312188" lon="103.831760">
    <time>2024-01-01T01:02:13Z</time>
    <name>GeoMock hold</name>
  </wpt>
  <wpt lat="1.312188" lon="103.831760">
    <time>2024-01-01T01:02:14Z</time>
    <name>GeoMock hold</name>
  </wpt>
  <wpt lat="1.312188" lon="103.831760">
    <time>2024-01-01T01:02:15Z</time>
    <name>GeoMock hold</name>
  </wpt>
  <wpt lat="1.312188" lon="103.831760">
    <time>2024-01-01T01:02:16Z</time>
    <name>GeoMock hold</name>
  </wpt>
  <wpt lat="1.312188" lon="103.831760">
    <time>2024-01-01T01:02:17Z</time>
    <name>GeoMock hold</name>
  </wpt>
  <wpt lat="1.312188" lon="103.831760">
    <time>2024-01-01T01:02:18Z</time>
    <name>GeoMock hold</name>
  </wpt>
  <wpt lat="1.312188" lon="103.831760">
    <time>2024-01-01T01:02:19Z</time>
    <name>GeoMock hold</name>
  </wpt>
  <wpt lat="1.312188" lon="103.831760">
    <time>2024-01-01T01:02:20Z</time>
    <name>GeoMock hold</name>
  </wpt>
  <wpt lat="1.312188" lon="103.831760">
    <time>2024-01-01T01:02:21Z</time>
    <name>GeoMock hold</name>
  </wpt>
  <wpt lat="1.312188" lon="103.831760">
    <time>2024-01-01T01:02:22Z</time>
    <name>GeoMock hold</name>
  </wpt>
  <wpt lat="1.312188" lon="103.831760">
    <time>2024-01-01T01:02:23Z</time>
    <name>GeoMock hold</name>
  </wpt>
  <wpt lat="1.312188" lon="103.831760">
    <time>2024-01-01T01:02:24Z</time>
    <name>GeoMock hold</name>
  </wpt>
  <wpt lat="1.312188" lon="103.831760">
    <time>2024-01-01T01:02:25Z</time>
    <name>GeoMock hold</name>
  </wpt>
  <wpt lat="1.312188" lon="103.831760">
    <time>2024-01-01T01:02:26Z</time>
    <name>GeoMock hold</name>
  </wpt>
  <wpt lat="1.312188" lon="103.831760">
    <time>2024-01-01T01:02:27Z</time>
    <name>GeoMock hold</name>
  </wpt>
  <wpt lat="1.312188" lon="103.831760">
    <time>2024-01-01T01:02:28Z</time>
    <name>GeoMock hold</name>
  </wpt>
  <wpt lat="1.312188" lon="103.831760">
    <time>2024-01-01T01:02:29Z</time>
    <name>GeoMock hold</name>
  </wpt>
  <wpt lat="1.312188" lon="103.831760">
    <time>2024-01-01T01:02:30Z</time>
    <name>GeoMock hold</name>
  </wpt>
  <wpt lat="1.312188" lon="103.831760">
    <time>2024-01-01T01:02:31Z</time>
    <name>GeoMock hold</name>
  </wpt>
  <wpt lat="1.312188" lon="103.831760">
    <time>2024-01-01T01:02:32Z</time>
    <name>GeoMock hold</name>
  </wpt>
  <wpt lat="1.312188" lon="103.831760">
    <time>2024-01-01T01:02:33Z</time>
    <name>GeoMock hold</name>
  </wpt>
  <wpt lat="1.312188" lon="103.831760">
    <time>2024-01-01T01:02:34Z</time>
    <name>GeoMock hold</name>
  </wpt>
  <wpt lat="1.312188" lon="103.831760">
    <time>2024-01-01T01:02:35Z</time>
    <name>GeoMock hold</name>
  </wpt>
  <wpt lat="1.312188" lon="103.831760">
    <time>2024-01-01T01:02:36Z</time>
    <name>GeoMock hold</name>
  </wpt>
  <wpt lat="1.312188" lon="103.831760">
    <time>2024-01-01T01:02:37Z</time>
    <name>GeoMock hold</name>
  </wpt>
  <wpt lat="1.312188" lon="103.831760">
    <time>2024-01-01T01:02:38Z</time>
    <name>GeoMock hold</name>
  </wpt>
  <wpt lat="1.312188" lon="103.831760">
    <time>2024-01-01T01:02:39Z</time>
    <name>GeoMock hold</name>
  </wpt>
  <wpt lat="1.312188" lon="103.831760">
    <time>2024-01-01T01:02:40Z</time>
    <name>GeoMock hold</name>
  </wpt>
  <wpt lat="1.312188" lon="103.831760">
    <time>2024-01-01T01:02:41Z</time>
    <name>GeoMock hold</name>
  </wpt>
  <wpt lat="1.312188" lon="103.831760">
    <time>2024-01-01T01:02:42Z</time>
    <name>GeoMock hold</name>
  </wpt>
  <wpt lat="1.312188" lon="103.831760">
    <time>2024-01-01T01:02:43Z</time>
    <name>GeoMock hold</name>
  </wpt>
  <wpt lat="1.312188" lon="103.831760">
    <time>2024-01-01T01:02:44Z</time>
    <name>GeoMock hold</name>
  </wpt>
  <wpt lat="1.312188" lon="103.831760">
    <time>2024-01-01T01:02:45Z</time>
    <name>GeoMock hold</name>
  </wpt>
  <wpt lat="1.312188" lon="103.831760">
    <time>2024-01-01T01:02:46Z</time>
    <name>GeoMock hold</name>
  </wpt>
  <wpt lat="1.312188" lon="103.831760">
    <time>2024-01-01T01:02:47Z</time>
    <name>GeoMock hold</name>
  </wpt>
  <wpt lat="1.312188" lon="103.831760">
    <time>2024-01-01T01:02:48Z</time>
    <name>GeoMock hold</name>
  </wpt>
  <wpt lat="1.312188" lon="103.831760">
    <time>2024-01-01T01:02:49Z</time>
    <name>GeoMock hold</name>
  </wpt>
  <wpt lat="1.312188" lon="103.831760">
    <time>2024-01-01T01:02:50Z</time>
    <name>GeoMock hold</name>
  </wpt>
  <wpt lat="1.312188" lon="103.831760">
    <time>2024-01-01T01:02:51Z</time>
    <name>GeoMock hold</name>
  </wpt>
  <wpt lat="1.312188" lon="103.831760">
    <time>2024-01-01T01:02:52Z</time>
    <name>GeoMock hold</name>
  </wpt>
  <wpt lat="1.312188" lon="103.831760">
    <time>2024-01-01T01:02:53Z</time>
    <name>GeoMock hold</name>
  </wpt>
  <wpt lat="1.312188" lon="103.831760">
    <time>2024-01-01T01:02:54Z</time>
    <name>GeoMock hold</name>
  </wpt>
  <wpt lat="1.312188" lon="103.831760">
    <time>2024-01-01T01:02:55Z</time>
    <name>GeoMock hold</name>
  </wpt>
  <wpt lat="1.312188" lon="103.831760">
    <time>2024-01-01T01:02:56Z</time>
    <name>GeoMock hold</name>
  </wpt>
  <wpt lat="1.312188" lon="103.831760">
    <time>2024-01-01T01:02:57Z</time>
    <name>GeoMock hold</name>
  </wpt>
  <wpt lat="1.312188" lon="103.831760">
    <time>2024-01-01T01:02:58Z</time>
    <name>GeoMock hold</name>
  </wpt>
  <wpt lat="1.312188" lon="103.831760">
    <time>2024-01-01T01:02:59Z</time>
    <name>GeoMock hold</name>
  </wpt>
  <wpt lat="1.312188" lon="103.831760">
    <time>2024-01-01T01:03:00Z</time>
    <name>GeoMock hold</name>
  </wpt>
  <wpt lat="1.312188" lon="103.831760">
    <time>2024-01-01T01:03:01Z</time>
    <name>GeoMock hold</name>
  </wpt>
  <wpt lat="1.312188" lon="103.831760">
    <time>2024-01-01T01:03:02Z</time>
    <name>GeoMock hold</name>
  </wpt>
  <wpt lat="1.312188" lon="103.831760">
    <time>2024-01-01T01:03:03Z</time>
    <name>GeoMock hold</name>
  </wpt>
  <wpt lat="1.312188" lon="103.831760">
    <time>2024-01-01T01:03:04Z</time>
    <name>GeoMock hold</name>
  </wpt>
  <wpt lat="1.312188" lon="103.831760">
    <time>2024-01-01T01:03:05Z</time>
    <name>GeoMock hold</name>
  </wpt>
  <wpt lat="1.312188" lon="103.831760">
    <time>2024-01-01T01:03:06Z</time>
    <name>GeoMock hold</name>
  </wpt>
  <wpt lat="1.312188" lon="103.831760">
    <time>2024-01-01T01:03:07Z</time>
    <name>GeoMock hold</name>
  </wpt>
  <wpt lat="1.312188" lon="103.831760">
    <time>2024-01-01T01:03:08Z</time>
    <name>GeoMock hold</name>
  </wpt>
  <wpt lat="1.312188" lon="103.831760">
    <time>2024-01-01T01:03:09Z</time>
    <name>GeoMock hold</name>
  </wpt>
  <wpt lat="1.312188" lon="103.831760">
    <time>2024-01-01T01:03:10Z</time>
    <name>GeoMock hold</name>
  </wpt>
  <wpt lat="1.312188" lon="103.831760">
    <time>2024-01-01T01:03:11Z</time>
    <name>GeoMock hold</name>
  </wpt>
  <wpt lat="1.312188" lon="103.831760">
    <time>2024-01-01T01:03:12Z</time>
    <name>GeoMock hold</name>
  </wpt>
  <wpt lat="1.312188" lon="103.831760">
    <time>2024-01-01T01:03:13Z</time>
    <name>GeoMock hold</name>
  </wpt>
  <wpt lat="1.312188" lon="103.831760">
    <time>2024-01-01T01:03:14Z</time>
    <name>GeoMock hold</name>
  </wpt>
  <wpt lat="1.312188" lon="103.831760">
    <time>2024-01-01T01:03:15Z</time>
    <name>GeoMock hold</name>
  </wpt>
  <wpt lat="1.312188" lon="103.831760">
    <time>2024-01-01T01:03:16Z</time>
    <name>GeoMock hold</name>
  </wpt>
  <wpt lat="1.312188" lon="103.831760">
    <time>2024-01-01T01:03:17Z</time>
    <name>GeoMock hold</name>
  </wpt>
  <wpt lat="1.312188" lon="103.831760">
    <time>2024-01-01T01:03:18Z</time>
    <name>GeoMock hold</name>
  </wpt>
  <wpt lat="1.312188" lon="103.831760">
    <time>2024-01-01T01:03:19Z</time>
    <name>GeoMock hold</name>
  </wpt>
  <wpt lat="1.312188" lon="103.831760">
    <time>2024-01-01T01:03:20Z</time>
    <name>GeoMock hold</name>
  </wpt>
  <wpt lat="1.312188" lon="103.831760">
    <time>2024-01-01T01:03:21Z</time>
    <name>GeoMock hold</name>
  </wpt>
  <wpt lat="1.312188" lon="103.831760">
    <time>2024-01-01T01:03:22Z</time>
    <name>GeoMock hold</name>
  </wpt>
  <wpt lat="1.312188" lon="103.831760">
    <time>2024-01-01T01:03:23Z</time>
    <name>GeoMock hold</name>
  </wpt>
  <wpt lat="1.312188" lon="103.831760">
    <time>2024-01-01T01:03:24Z</time>
    <name>GeoMock hold</name>
  </wpt>
  <wpt lat="1.312188" lon="103.831760">
    <time>2024-01-01T01:03:25Z</time>
    <name>GeoMock hold</name>
  </wpt>
  <wpt lat="1.312188" lon="103.831760">
    <time>2024-01-01T01:03:26Z</time>
    <name>GeoMock hold</name>
  </wpt>
  <wpt lat="1.312188" lon="103.831760">
    <time>2024-01-01T01:03:27Z</time>
    <name>GeoMock hold</name>
  </wpt>
  <wpt lat="1.312188" lon="103.831760">
    <time>2024-01-01T01:03:28Z</time>
    <name>GeoMock hold</name>
  </wpt>
  <wpt lat="1.312188" lon="103.831760">
    <time>2024-01-01T01:03:29Z</time>
    <name>GeoMock hold</name>
  </wpt>
  <wpt lat="1.312188" lon="103.831760">
    <time>2024-01-01T01:03:30Z</time>
    <name>GeoMock hold</name>
  </wpt>
  <wpt lat="1.312188" lon="103.831760">
    <time>2024-01-01T01:03:31Z</time>
    <name>GeoMock hold</name>
  </wpt>
  <wpt lat="1.312188" lon="103.831760">
    <time>2024-01-01T01:03:32Z</time>
    <name>GeoMock hold</name>
  </wpt>
  <wpt lat="1.312188" lon="103.831760">
    <time>2024-01-01T01:03:33Z</time>
    <name>GeoMock hold</name>
  </wpt>
  <wpt lat="1.312188" lon="103.831760">
    <time>2024-01-01T01:03:34Z</time>
    <name>GeoMock hold</name>
  </wpt>
  <wpt lat="1.312188" lon="103.831760">
    <time>2024-01-01T01:03:35Z</time>
    <name>GeoMock hold</name>
  </wpt>
  <wpt lat="1.312188" lon="103.831760">
    <time>2024-01-01T01:03:36Z</time>
    <name>GeoMock hold</name>
  </wpt>
  <wpt lat="1.312188" lon="103.831760">
    <time>2024-01-01T01:03:37Z</time>
    <name>GeoMock hold</name>
  </wpt>
  <wpt lat="1.312188" lon="103.831760">
    <time>2024-01-01T01:03:38Z</time>
    <name>GeoMock hold</name>
  </wpt>
  <wpt lat="1.312188" lon="103.831760">
    <time>2024-01-01T01:03:39Z</time>
    <name>GeoMock hold</name>
  </wpt>
  <wpt lat="1.312188" lon="103.831760">
    <time>2024-01-01T01:03:40Z</time>
    <name>GeoMock hold</name>
  </wpt>
  <wpt lat="1.312188" lon="103.831760">
    <time>2024-01-01T01:03:41Z</time>
    <name>GeoMock hold</name>
  </wpt>
  <wpt lat="1.312188" lon="103.831760">
    <time>2024-01-01T01:03:42Z</time>
    <name>GeoMock hold</name>
  </wpt>
  <wpt lat="1.312188" lon="103.831760">
    <time>2024-01-01T01:03:43Z</time>
    <name>GeoMock hold</name>
  </wpt>
  <wpt lat="1.312188" lon="103.831760">
    <time>2024-01-01T01:03:44Z</time>
    <name>GeoMock hold</name>
  </wpt>
  <wpt lat="1.312188" lon="103.831760">
    <time>2024-01-01T01:03:45Z</time>
    <name>GeoMock hold</name>
  </wpt>
  <wpt lat="1.312188" lon="103.831760">
    <time>2024-01-01T01:03:46Z</time>
    <name>GeoMock hold</name>
  </wpt>
  <wpt lat="1.312188" lon="103.831760">
    <time>2024-01-01T01:03:47Z</time>
    <name>GeoMock hold</name>
  </wpt>
  <wpt lat="1.312188" lon="103.831760">
    <time>2024-01-01T01:03:48Z</time>
    <name>GeoMock hold</name>
  </wpt>
  <wpt lat="1.312188" lon="103.831760">
    <time>2024-01-01T01:03:49Z</time>
    <name>GeoMock hold</name>
  </wpt>
  <wpt lat="1.312188" lon="103.831760">
    <time>2024-01-01T01:03:50Z</time>
    <name>GeoMock hold</name>
  </wpt>
  <wpt lat="1.312188" lon="103.831760">
    <time>2024-01-01T01:03:51Z</time>
    <name>GeoMock hold</name>
  </wpt>
  <wpt lat="1.312188" lon="103.831760">
    <time>2024-01-01T01:03:52Z</time>
    <name>GeoMock hold</name>
  </wpt>
  <wpt lat="1.312188" lon="103.831760">
    <time>2024-01-01T01:03:53Z</time>
    <name>GeoMock hold</name>
  </wpt>
  <wpt lat="1.312188" lon="103.831760">
    <time>2024-01-01T01:03:54Z</time>
    <name>GeoMock hold</name>
  </wpt>
  <wpt lat="1.312188" lon="103.831760">
    <time>2024-01-01T01:03:55Z</time>
    <name>GeoMock hold</name>
  </wpt>
  <wpt lat="1.312188" lon="103.831760">
    <time>2024-01-01T01:03:56Z</time>
    <name>GeoMock hold</name>
  </wpt>
  <wpt lat="1.312188" lon="103.831760">
    <time>2024-01-01T01:03:57Z</time>
    <name>GeoMock hold</name>
  </wpt>
  <wpt lat="1.312188" lon="103.831760">
    <time>2024-01-01T01:03:58Z</time>
    <name>GeoMock hold</name>
  </wpt>
  <wpt lat="1.312188" lon="103.831760">
    <time>2024-01-01T01:03:59Z</time>
    <name>GeoMock hold</name>
  </wpt>
  <wpt lat="1.312188" lon="103.831760">
    <time>2024-01-01T01:04:00Z</time>
    <name>GeoMock hold</name>
  </wpt>
  <wpt lat="1.312188" lon="103.831760">
    <time>2024-01-01T01:04:01Z</time>
    <name>GeoMock hold</name>
  </wpt>
  <wpt lat="1.312188" lon="103.831760">
    <time>2024-01-01T01:04:02Z</time>
    <name>GeoMock hold</name>
  </wpt>
  <wpt lat="1.312188" lon="103.831760">
    <time>2024-01-01T01:04:03Z</time>
    <name>GeoMock hold</name>
  </wpt>
  <wpt lat="1.312188" lon="103.831760">
    <time>2024-01-01T01:04:04Z</time>
    <name>GeoMock hold</name>
  </wpt>
  <wpt lat="1.312188" lon="103.831760">
    <time>2024-01-01T01:04:05Z</time>
    <name>GeoMock hold</name>
  </wpt>
  <wpt lat="1.312188" lon="103.831760">
    <time>2024-01-01T01:04:06Z</time>
    <name>GeoMock hold</name>
  </wpt>
  <wpt lat="1.312188" lon="103.831760">
    <time>2024-01-01T01:04:07Z</time>
    <name>GeoMock hold</name>
  </wpt>
  <wpt lat="1.312188" lon="103.831760">
    <time>2024-01-01T01:04:08Z</time>
    <name>GeoMock hold</name>
  </wpt>
  <wpt lat="1.312188" lon="103.831760">
    <time>2024-01-01T01:04:09Z</time>
    <name>GeoMock hold</name>
  </wpt>
  <wpt lat="1.312188" lon="103.831760">
    <time>2024-01-01T01:04:10Z</time>
    <name>GeoMock hold</name>
  </wpt>
  <wpt lat="1.312188" lon="103.831760">
    <time>2024-01-01T01:04:11Z</time>
    <name>GeoMock hold</name>
  </wpt>
  <wpt lat="1.312188" lon="103.831760">
    <time>2024-01-01T01:04:12Z</time>
    <name>GeoMock hold</name>
  </wpt>
  <wpt lat="1.312188" lon="103.831760">
    <time>2024-01-01T01:04:13Z</time>
    <name>GeoMock hold</name>
  </wpt>
  <wpt lat="1.312188" lon="103.831760">
    <time>2024-01-01T01:04:14Z</time>
    <name>GeoMock hold</name>
  </wpt>
  <wpt lat="1.312188" lon="103.831760">
    <time>2024-01-01T01:04:15Z</time>
    <name>GeoMock hold</name>
  </wpt>
  <wpt lat="1.312188" lon="103.831760">
    <time>2024-01-01T01:04:16Z</time>
    <name>GeoMock hold</name>
  </wpt>
  <wpt lat="1.312188" lon="103.831760">
    <time>2024-01-01T01:04:17Z</time>
    <name>GeoMock hold</name>
  </wpt>
  <wpt lat="1.312188" lon="103.831760">
    <time>2024-01-01T01:04:18Z</time>
    <name>GeoMock hold</name>
  </wpt>
  <wpt lat="1.312188" lon="103.831760">
    <time>2024-01-01T01:04:19Z</time>
    <name>GeoMock hold</name>
  </wpt>
  <wpt lat="1.312188" lon="103.831760">
    <time>2024-01-01T01:04:20Z</time>
    <name>GeoMock hold</name>
  </wpt>
  <wpt lat="1.312188" lon="103.831760">
    <time>2024-01-01T01:04:21Z</time>
    <name>GeoMock hold</name>
  </wpt>
  <wpt lat="1.312188" lon="103.831760">
    <time>2024-01-01T01:04:22Z</time>
    <name>GeoMock hold</name>
  </wpt>
  <wpt lat="1.312188" lon="103.831760">
    <time>2024-01-01T01:04:23Z</time>
    <name>GeoMock hold</name>
  </wpt>
  <wpt lat="1.312188" lon="103.831760">
    <time>2024-01-01T01:04:24Z</time>
    <name>GeoMock hold</name>
  </wpt>
  <wpt lat="1.312188" lon="103.831760">
    <time>2024-01-01T01:04:25Z</time>
    <name>GeoMock hold</name>
  </wpt>
  <wpt lat="1.312188" lon="103.831760">
    <time>2024-01-01T01:04:26Z</time>
    <name>GeoMock hold</name>
  </wpt>
  <wpt lat="1.312188" lon="103.831760">
    <time>2024-01-01T01:04:27Z</time>
    <name>GeoMock hold</name>
  </wpt>
  <wpt lat="1.312188" lon="103.831760">
    <time>2024-01-01T01:04:28Z</time>
    <name>GeoMock hold</name>
  </wpt>
  <wpt lat="1.312188" lon="103.831760">
    <time>2024-01-01T01:04:29Z</time>
    <name>GeoMock hold</name>
  </wpt>
  <wpt lat="1.312188" lon="103.831760">
    <time>2024-01-01T01:04:30Z</time>
    <name>GeoMock hold</name>
  </wpt>
  <wpt lat="1.312188" lon="103.831760">
    <time>2024-01-01T01:04:31Z</time>
    <name>GeoMock hold</name>
  </wpt>
  <wpt lat="1.312188" lon="103.831760">
    <time>2024-01-01T01:04:32Z</time>
    <name>GeoMock hold</name>
  </wpt>
  <wpt lat="1.312188" lon="103.831760">
    <time>2024-01-01T01:04:33Z</time>
    <name>GeoMock hold</name>
  </wpt>
  <wpt lat="1.312188" lon="103.831760">
    <time>2024-01-01T01:04:34Z</time>
    <name>GeoMock hold</name>
  </wpt>
  <wpt lat="1.312188" lon="103.831760">
    <time>2024-01-01T01:04:35Z</time>
    <name>GeoMock hold</name>
  </wpt>
  <wpt lat="1.312188" lon="103.831760">
    <time>2024-01-01T01:04:36Z</time>
    <name>GeoMock hold</name>
  </wpt>
  <wpt lat="1.312188" lon="103.831760">
    <time>2024-01-01T01:04:37Z</time>
    <name>GeoMock hold</name>
  </wpt>
  <wpt lat="1.312188" lon="103.831760">
    <time>2024-01-01T01:04:38Z</time>
    <name>GeoMock hold</name>
  </wpt>
  <wpt lat="1.312188" lon="103.831760">
    <time>2024-01-01T01:04:39Z</time>
    <name>GeoMock hold</name>
  </wpt>
  <wpt lat="1.312188" lon="103.831760">
    <time>2024-01-01T01:04:40Z</time>
    <name>GeoMock hold</name>
  </wpt>
  <wpt lat="1.312188" lon="103.831760">
    <time>2024-01-01T01:04:41Z</time>
    <name>GeoMock hold</name>
  </wpt>
</gpx>